STRUCTURE,STRUCTURE_ID,ACTION,FREQ,FREQ_LABEL,REF_AREA,REF_AREA_LABEL,INDICATOR,INDICATOR_LABEL,SEX,SEX_LABEL,AGE,AGE_LABEL,URBANISATION,URBANISATION_LABEL,UNIT_MEASURE,UNIT_MEASURE_LABEL,COMP_BREAKDOWN_1,COMP_BREAKDOWN_1_LABEL,COMP_BREAKDOWN_2,COMP_BREAKDOWN_2_LABEL,COMP_BREAKDOWN_3,COMP_BREAKDOWN_3_LABEL,TIME_PERIOD,OBS_VALUE,AGG_METHOD,AGG_METHOD_LABEL,DATABASE_ID,DATABASE_ID_LABEL,UNIT_MULT,UNIT_MULT_LABEL,UNIT_TYPE,UNIT_TYPE_LABEL,TIME_FORMAT,TIME_FORMAT_LABEL,OBS_STATUS,OBS_STATUS_LABEL,OBS_CONF,OBS_CONF_LABEL
datastructure,WB.DATA360:DS_DATA360(1.2),I,A,Annual,AFG,Afghanistan,ITU_GCI_TECH_SCORE,Technical Score - TS (ITU GCI),_T,Total,_T,All age ranges or no breakdown by age,_T,Total,0_TO_20,0-20 scale,_Z,Not Applicable,_Z,Not Applicable,_Z,Not Applicable,2020,1.4622770919067216,MEAN,Mean,ITU_GCI,Global Cybersecurity Index,0,Units,IX,Index,602,CCYY,A,Normal value,PU,Public
datastructure,WB.DATA360:DS_DATA360(1.2),I,A,Annual,ALB,Albania,ITU_GCI_TECH_SCORE,Technical Score - TS (ITU GCI),_T,Total,_T,All age ranges or no breakdown by age,_T,Total,0_TO_20,0-20 scale,_Z,Not Applicable,_Z,Not Applicable,_Z,Not Applicable,2020,13.115040390184422,MEAN,Mean,ITU_GCI,Global Cybersecurity Index,0,Units,IX,Index,602,CCYY,A,Normal value,PU,Public
datastructure,WB.DATA360:DS_DATA360(1.2),I,A,Annual,DZA,Algeria,ITU_GCI_TECH_SCORE,Technical Score - TS (ITU GCI),_T,Total,_T,All age ranges or no breakdown by age,_T,Total,0_TO_20,0-20 scale,_Z,Not Applicable,_Z,Not Applicable,_Z,Not Applicable,2020,2.7274592287761013,MEAN,Mean,ITU_GCI,Global Cybersecurity Index,0,Units,IX,Index,602,CCYY,A,Normal value,PU,Public
datastructure,WB.DATA360:DS_DATA360(1.2),I,A,Annual,AND,Andorra,ITU_GCI_TECH_SCORE,Technical Score - TS (ITU GCI),_T,Total,_T,All age ranges or no breakdown by age,_T,Total,0_TO_20,0-20 scale,_Z,Not Applicable,_Z,Not Applicable,_Z,Not Applicable,2020,4.111111111111111,MEAN,Mean,ITU_GCI,Global Cybersecurity Index,0,Units,IX,Index,602,CCYY,A,Normal value,PU,Public
datastructure,WB.DATA360:DS_DATA360(1.2),I,A,Annual,AGO,Angola,ITU_GCI_TECH_SCORE,Technical Score - TS (ITU GCI),_T,Total,_T,All age ranges or no breakdown by age,_T,Total,0_TO_20,0-20 scale,_Z,Not Applicable,_Z,Not Applicable,_Z,Not Applicable,2020,0.0,MEAN,Mean,ITU_GCI,Global Cybersecurity Index,0,Units,IX,Index,602,CCYY,A,Normal value,PU,Public
datastructure,WB.DATA360:DS_DATA360(1.2),I,A,Annual,ATG,Antigua and Barbuda,ITU_GCI_TECH_SCORE,Technical Score - TS (ITU GCI),_T,Total,_T,All age ranges or no breakdown by age,_T,Total,0_TO_20,0-20 scale,_Z,Not Applicable,_Z,Not Applicable,_Z,Not Applicable,2020,0.0,MEAN,Mean,ITU_GCI,Global Cybersecurity Index,0,Units,IX,Index,602,CCYY,A,Normal value,PU,Public
datastructure,WB.DATA360:DS_DATA360(1.2),I,A,Annual,ARG,Argentina,ITU_GCI_TECH_SCORE,Technical Score - TS (ITU GCI),_T,Total,_T,All age ranges or no breakdown by age,_T,Total,0_TO_20,0-20 scale,_Z,Not Applicable,_Z,Not Applicable,_Z,Not Applicable,2020,13.745554539450286,MEAN,Mean,ITU_GCI,Global Cybersecurity Index,0,Units,IX,Index,602,CCYY,A,Normal value,PU,Public
datastructure,WB.DATA360:DS_DATA360(1.2),I,A,Annual,ARM,Armenia,ITU_GCI_TECH_SCORE,Technical Score - TS (ITU GCI),_T,Total,_T,All age ranges or no breakdown by age,_T,Total,0_TO_20,0-20 scale,_Z,Not Applicable,_Z,Not Applicable,_Z,Not Applicable,2020,13.85655057663974,MEAN,Mean,ITU_GCI,Global Cybersecurity Index,0,Units,IX,Index,602,CCYY,A,Normal value,PU,Public
datastructure,WB.DATA360:DS_DATA360(1.2),I,A,Annual,AUS,Australia,ITU_GCI_TECH_SCORE,Technical Score - TS (ITU GCI),_T,Total,_T,All age ranges or no breakdown by age,_T,Total,0_TO_20,0-20 scale,_Z,Not Applicable,_Z,Not Applicable,_Z,Not Applicable,2020,19.079890260631004,MEAN,Mean,ITU_GCI,Global Cybersecurity Index,0,Units,IX,Index,602,CCYY,A,Normal value,PU,Public
datastructure,WB.DATA360:DS_DATA360(1.2),I,A,Annual,AUT,Austria,ITU_GCI_TECH_SCORE,Technical Score - TS (ITU GCI),_T,Total,_T,All age ranges or no breakdown by age,_T,Total,0_TO_20,0-20 scale,_Z,Not Applicable,_Z,Not Applicable,_Z,Not Applicable,2020,20.0,MEAN,Mean,ITU_GCI,Global Cybersecurity Index,0,Units,IX,Index,602,CCYY,A,Normal value,PU,Public
datastructure,WB.DATA360:DS_DATA360(1.2),I,A,Annual,AZE,Azerbaijan,ITU_GCI_TECH_SCORE,Technical Score - TS (ITU GCI),_T,Total,_T,All age ranges or no breakdown by age,_T,Total,0_TO_20,0-20 scale,_Z,Not Applicable,_Z,Not Applicable,_Z,Not Applicable,2020,19.1850607122898,MEAN,Mean,ITU_GCI,Global Cybersecurity Index,0,Units,IX,Index,602,CCYY,A,Normal value,PU,Public
datastructure,WB.DATA360:DS_DATA360(1.2),I,A,Annual,BHS,"Bahamas, The",ITU_GCI_TECH_SCORE,Technical Score - TS (ITU GCI),_T,Total,_T,All age ranges or no breakdown by age,_T,Total,0_TO_20,0-20 scale,_Z,Not Applicable,_Z,Not Applicable,_Z,Not Applicable,2020,0.0,MEAN,Mean,ITU_GCI,Global Cybersecurity Index,0,Units,IX,Index,602,CCYY,A,Normal value,PU,Public
datastructure,WB.DATA360:DS_DATA360(1.2),I,A,Annual,BHR,Bahrain,ITU_GCI_TECH_SCORE,Technical Score - TS (ITU GCI),_T,Total,_T,All age ranges or no breakdown by age,_T,Total,0_TO_20,0-20 scale,_Z,Not Applicable,_Z,Not Applicable,_Z,Not Applicable,2020,12.12121272163796,MEAN,Mean,ITU_GCI,Global Cybersecurity Index,0,Units,IX,Index,602,CCYY,A,Normal value,PU,Public
datastructure,WB.DATA360:DS_DATA360(1.2),I,A,Annual,BGD,Bangladesh,ITU_GCI_TECH_SCORE,Technical Score - TS (ITU GCI),_T,Total,_T,All age ranges or no breakdown by age,_T,Total,0_TO_20,0-20 scale,_Z,Not Applicable,_Z,Not Applicable,_Z,Not Applicable,2020,16.770029467052787,MEAN,Mean,ITU_GCI,Global Cybersecurity Index,0,Units,IX,Index,602,CCYY,A,Normal value,PU,Public
datastructure,WB.DATA360:DS_DATA360(1.2),I,A,Annual,BRB,Barbados,ITU_GCI_TECH_SCORE,Technical Score - TS (ITU GCI),_T,Total,_T,All age ranges or no breakdown by age,_T,Total,0_TO_20,0-20 scale,_Z,Not Applicable,_Z,Not Applicable,_Z,Not Applicable,2020,0.0,MEAN,Mean,ITU_GCI,Global Cybersecurity Index,0,Units,IX,Index,602,CCYY,A,Normal value,PU,Public
datastructure,WB.DATA360:DS_DATA360(1.2),I,A,Annual,BLR,Belarus,ITU_GCI_TECH_SCORE,Technical Score - TS (ITU GCI),_T,Total,_T,All age ranges or no breakdown by age,_T,Total,0_TO_20,0-20 scale,_Z,Not Applicable,_Z,Not Applicable,_Z,Not Applicable,2020,9.500360717370318,MEAN,Mean,ITU_GCI,Global Cybersecurity Index,0,Units,IX,Index,602,CCYY,A,Normal value,PU,Public
datastructure,WB.DATA360:DS_DATA360(1.2),I,A,Annual,BEL,Belgium,ITU_GCI_TECH_SCORE,Technical Score - TS (ITU GCI),_T,Total,_T,All age ranges or no breakdown by age,_T,Total,0_TO_20,0-20 scale,_Z,Not Applicable,_Z,Not Applicable,_Z,Not Applicable,2020,20.0,MEAN,Mean,ITU_GCI,Global Cybersecurity Index,0,Units,IX,Index,602,CCYY,A,Normal value,PU,Public
datastructure,WB.DATA360:DS_DATA360(1.2),I,A,Annual,BLZ,Belize,ITU_GCI_TECH_SCORE,Technical Score - TS (ITU GCI),_T,Total,_T,All age ranges or no breakdown by age,_T,Total,0_TO_20,0-20 scale,_Z,Not Applicable,_Z,Not Applicable,_Z,Not Applicable,2020,0.0,MEAN,Mean,ITU_GCI,Global Cybersecurity Index,0,Units,IX,Index,602,CCYY,A,Normal value,PU,Public
datastructure,WB.DATA360:DS_DATA360(1.2),I,A,Annual,BEN,Benin,ITU_GCI_TECH_SCORE,Technical Score - TS (ITU GCI),_T,Total,_T,All age ranges or no breakdown by age,_T,Total,0_TO_20,0-20 scale,_Z,Not Applicable,_Z,Not Applicable,_Z,Not Applicable,2020,13.936490880455214,MEAN,Mean,ITU_GCI,Global Cybersecurity Index,0,Units,IX,Index,602,CCYY,A,Normal value,PU,Public
datastructure,WB.DATA360:DS_DATA360(1.2),I,A,Annual,BTN,Bhutan,ITU_GCI_TECH_SCORE,Technical Score - TS (ITU GCI),_T,Total,_T,All age ranges or no breakdown by age,_T,Total,0_TO_20,0-20 scale,_Z,Not Applicable,_Z,Not Applicable,_Z,Not Applicable,2020,4.117663973987706,MEAN,Mean,ITU_GCI,Global Cybersecurity Index,0,Units,IX,Index,602,CCYY,A,Normal value,PU,Public
datastructure,WB.DATA360:DS_DATA360(1.2),I,A,Annual,BOL,Bolivia,ITU_GCI_TECH_SCORE,Technical Score - TS (ITU GCI),_T,Total,_T,All age ranges or no breakdown by age,_T,Total,0_TO_20,0-20 scale,_Z,Not Applicable,_Z,Not Applicable,_Z,Not Applicable,2020,2.175710003556369,MEAN,Mean,ITU_GCI,Global Cybersecurity Index,0,Units,IX,Index,602,CCYY,A,Normal value,PU,Public
datastructure,WB.DATA360:DS_DATA360(1.2),I,A,Annual,BIH,Bosnia and Herzegovina,ITU_GCI_TECH_SCORE,Technical Score - TS (ITU GCI),_T,Total,_T,All age ranges or no breakdown by age,_T,Total,0_TO_20,0-20 scale,_Z,Not Applicable,_Z,Not Applicable,_Z,Not Applicable,2020,6.5620083320632006,MEAN,Mean,ITU_GCI,Global Cybersecurity Index,0,Units,IX,Index,602,CCYY,A,Normal value,PU,Public
datastructure,WB.DATA360:DS_DATA360(1.2),I,A,Annual,BWA,Botswana,ITU_GCI_TECH_SCORE,Technical Score - TS (ITU GCI),_T,Total,_T,All age ranges or no breakdown by age,_T,Total,0_TO_20,0-20 scale,_Z,Not Applicable,_Z,Not Applicable,_Z,Not Applicable,2020,4.954863587867703,MEAN,Mean,ITU_GCI,Global Cybersecurity Index,0,Units,IX,Index,602,CCYY,A,Normal value,PU,Public
datastructure,WB.DATA360:DS_DATA360(1.2),I,A,Annual,BRA,Brazil,ITU_GCI_TECH_SCORE,Technical Score - TS (ITU GCI),_T,Total,_T,All age ranges or no breakdown by age,_T,Total,0_TO_20,0-20 scale,_Z,Not Applicable,_Z,Not Applicable,_Z,Not Applicable,2020,18.727833155514908,MEAN,Mean,ITU_GCI,Global Cybersecurity Index,0,Units,IX,Index,602,CCYY,A,Normal value,PU,Public
datastructure,WB.DATA360:DS_DATA360(1.2),I,A,Annual,BRN,Brunei Darussalam,ITU_GCI_TECH_SCORE,Technical Score - TS (ITU GCI),_T,Total,_T,All age ranges or no breakdown by age,_T,Total,0_TO_20,0-20 scale,_Z,Not Applicable,_Z,Not Applicable,_Z,Not Applicable,2020,14.191001371742114,MEAN,Mean,ITU_GCI,Global Cybersecurity Index,0,Units,IX,Index,602,CCYY,A,Normal value,PU,Public
datastructure,WB.DATA360:DS_DATA360(1.2),I,A,Annual,BGR,Bulgaria,ITU_GCI_TECH_SCORE,Technical Score - TS (ITU GCI),_T,Total,_T,All age ranges or no breakdown by age,_T,Total,0_TO_20,0-20 scale,_Z,Not Applicable,_Z,Not Applicable,_Z,Not Applicable,2020,7.840209317685312,MEAN,Mean,ITU_GCI,Global Cybersecurity Index,0,Units,IX,Index,602,CCYY,A,Normal value,PU,Public
datastructure,WB.DATA360:DS_DATA360(1.2),I,A,Annual,BFA,Burkina Faso,ITU_GCI_TECH_SCORE,Technical Score - TS (ITU GCI),_T,Total,_T,All age ranges or no breakdown by age,_T,Total,0_TO_20,0-20 scale,_Z,Not Applicable,_Z,Not Applicable,_Z,Not Applicable,2020,10.250524818371185,MEAN,Mean,ITU_GCI,Global Cybersecurity Index,0,Units,IX,Index,602,CCYY,A,Normal value,PU,Public
datastructure,WB.DATA360:DS_DATA360(1.2),I,A,Annual,BDI,Burundi,ITU_GCI_TECH_SCORE,Technical Score - TS (ITU GCI),_T,Total,_T,All age ranges or no breakdown by age,_T,Total,0_TO_20,0-20 scale,_Z,Not Applicable,_Z,Not Applicable,_Z,Not Applicable,2020,0.0,MEAN,Mean,ITU_GCI,Global Cybersecurity Index,0,Units,IX,Index,602,CCYY,A,Normal value,PU,Public
datastructure,WB.DATA360:DS_DATA360(1.2),I,A,Annual,CPV,Cabo Verde,ITU_GCI_TECH_SCORE,Technical Score - TS (ITU GCI),_T,Total,_T,All age ranges or no breakdown by age,_T,Total,0_TO_20,0-20 scale,_Z,Not Applicable,_Z,Not Applicable,_Z,Not Applicable,2020,0.0,MEAN,Mean,ITU_GCI,Global Cybersecurity Index,0,Units,IX,Index,602,CCYY,A,Normal value,PU,Public
datastructure,WB.DATA360:DS_DATA360(1.2),I,A,Annual,KHM,Cambodia,ITU_GCI_TECH_SCORE,Technical Score - TS (ITU GCI),_T,Total,_T,All age ranges or no breakdown by age,_T,Total,0_TO_20,0-20 scale,_Z,Not Applicable,_Z,Not Applicable,_Z,Not Applicable,2020,2.501181222374638,MEAN,Mean,ITU_GCI,Global Cybersecurity Index,0,Units,IX,Index,602,CCYY,A,Normal value,PU,Public
datastructure,WB.DATA360:DS_DATA360(1.2),I,A,Annual,CMR,Cameroon,ITU_GCI_TECH_SCORE,Technical Score - TS (ITU GCI),_T,Total,_T,All age ranges or no breakdown by age,_T,Total,0_TO_20,0-20 scale,_Z,Not Applicable,_Z,Not Applicable,_Z,Not Applicable,2020,8.543582279124116,MEAN,Mean,ITU_GCI,Global Cybersecurity Index,0,Units,IX,Index,602,CCYY,A,Normal value,PU,Public
datastructure,WB.DATA360:DS_DATA360(1.2),I,A,Annual,CAN,Canada,ITU_GCI_TECH_SCORE,Technical Score - TS (ITU GCI),_T,Total,_T,All age ranges or no breakdown by age,_T,Total,0_TO_20,0-20 scale,_Z,Not Applicable,_Z,Not Applicable,_Z,Not Applicable,2020,18.26777828583041,MEAN,Mean,ITU_GCI,Global Cybersecurity Index,0,Units,IX,Index,602,CCYY,A,Normal value,PU,Public
datastructure,WB.DATA360:DS_DATA360(1.2),I,A,Annual,CAF,Central African Republic,ITU_GCI_TECH_SCORE,Technical Score - TS (ITU GCI),_T,Total,_T,All age ranges or no breakdown by age,_T,Total,0_TO_20,0-20 scale,_Z,Not Applicable,_Z,Not Applicable,_Z,Not Applicable,2020,0.0,MEAN,Mean,ITU_GCI,Global Cybersecurity Index,0,Units,IX,Index,602,CCYY,A,Normal value,PU,Public
datastructure,WB.DATA360:DS_DATA360(1.2),I,A,Annual,TCD,Chad,ITU_GCI_TECH_SCORE,Technical Score - TS (ITU GCI),_T,Total,_T,All age ranges or no breakdown by age,_T,Total,0_TO_20,0-20 scale,_Z,Not Applicable,_Z,Not Applicable,_Z,Not Applicable,2020,0.7311385459533608,MEAN,Mean,ITU_GCI,Global Cybersecurity Index,0,Units,IX,Index,602,CCYY,A,Normal value,PU,Public
datastructure,WB.DATA360:DS_DATA360(1.2),I,A,Annual,CHL,Chile,ITU_GCI_TECH_SCORE,Technical Score - TS (ITU GCI),_T,Total,_T,All age ranges or no breakdown by age,_T,Total,0_TO_20,0-20 scale,_Z,Not Applicable,_Z,Not Applicable,_Z,Not Applicable,2020,9.387287506985723,MEAN,Mean,ITU_GCI,Global Cybersecurity Index,0,Units,IX,Index,602,CCYY,A,Normal value,PU,Public
datastructure,WB.DATA360:DS_DATA360(1.2),I,A,Annual,CHN,China,ITU_GCI_TECH_SCORE,Technical Score - TS (ITU GCI),_T,Total,_T,All age ranges or no breakdown by age,_T,Total,0_TO_20,0-20 scale,_Z,Not Applicable,_Z,Not Applicable,_Z,Not Applicable,2020,17.942307067012138,MEAN,Mean,ITU_GCI,Global Cybersecurity Index,0,Units,IX,Index,602,CCYY,A,Normal value,PU,Public
datastructure,WB.DATA360:DS_DATA360(1.2),I,A,Annual,COL,Colombia,ITU_GCI_TECH_SCORE,Technical Score - TS (ITU GCI),_T,Total,_T,All age ranges or no breakdown by age,_T,Total,0_TO_20,0-20 scale,_Z,Not Applicable,_Z,Not Applicable,_Z,Not Applicable,2020,17.575175532185135,MEAN,Mean,ITU_GCI,Global Cybersecurity Index,0,Units,IX,Index,602,CCYY,A,Normal value,PU,Public
datastructure,WB.DATA360:DS_DATA360(1.2),I,A,Annual,COM,Comoros,ITU_GCI_TECH_SCORE,Technical Score - TS (ITU GCI),_T,Total,_T,All age ranges or no breakdown by age,_T,Total,0_TO_20,0-20 scale,_Z,Not Applicable,_Z,Not Applicable,_Z,Not Applicable,2020,0.0,MEAN,Mean,ITU_GCI,Global Cybersecurity Index,0,Units,IX,Index,602,CCYY,A,Normal value,PU,Public
datastructure,WB.DATA360:DS_DATA360(1.2),I,A,Annual,COG,"Congo, Rep.",ITU_GCI_TECH_SCORE,Technical Score - TS (ITU GCI),_T,Total,_T,All age ranges or no breakdown by age,_T,Total,0_TO_20,0-20 scale,_Z,Not Applicable,_Z,Not Applicable,_Z,Not Applicable,2020,0.0,MEAN,Mean,ITU_GCI,Global Cybersecurity Index,0,Units,IX,Index,602,CCYY,A,Normal value,PU,Public
datastructure,WB.DATA360:DS_DATA360(1.2),I,A,Annual,CRI,Costa Rica,ITU_GCI_TECH_SCORE,Technical Score - TS (ITU GCI),_T,Total,_T,All age ranges or no breakdown by age,_T,Total,0_TO_20,0-20 scale,_Z,Not Applicable,_Z,Not Applicable,_Z,Not Applicable,2020,9.138965096784029,MEAN,Mean,ITU_GCI,Global Cybersecurity Index,0,Units,IX,Index,602,CCYY,A,Normal value,PU,Public
datastructure,WB.DATA360:DS_DATA360(1.2),I,A,Annual,CIV,Cote d'Ivoire,ITU_GCI_TECH_SCORE,Technical Score - TS (ITU GCI),_T,Total,_T,All age ranges or no breakdown by age,_T,Total,0_TO_20,0-20 scale,_Z,Not Applicable,_Z,Not Applicable,_Z,Not Applicable,2020,14.651056241426613,MEAN,Mean,ITU_GCI,Global Cybersecurity Index,0,Units,IX,Index,602,CCYY,A,Normal value,PU,Public
datastructure,WB.DATA360:DS_DATA360(1.2),I,A,Annual,HRV,Croatia,ITU_GCI_TECH_SCORE,Technical Score - TS (ITU GCI),_T,Total,_T,All age ranges or no breakdown by age,_T,Total,0_TO_20,0-20 scale,_Z,Not Applicable,_Z,Not Applicable,_Z,Not Applicable,2020,19.539945130315505,MEAN,Mean,ITU_GCI,Global Cybersecurity Index,0,Units,IX,Index,602,CCYY,A,Normal value,PU,Public
datastructure,WB.DATA360:DS_DATA360(1.2),I,A,Annual,CUB,Cuba,ITU_GCI_TECH_SCORE,Technical Score - TS (ITU GCI),_T,Total,_T,All age ranges or no breakdown by age,_T,Total,0_TO_20,0-20 scale,_Z,Not Applicable,_Z,Not Applicable,_Z,Not Applicable,2020,10.866445663770763,MEAN,Mean,ITU_GCI,Global Cybersecurity Index,0,Units,IX,Index,602,CCYY,A,Normal value,PU,Public
datastructure,WB.DATA360:DS_DATA360(1.2),I,A,Annual,CYP,Cyprus,ITU_GCI_TECH_SCORE,Technical Score - TS (ITU GCI),_T,Total,_T,All age ranges or no breakdown by age,_T,Total,0_TO_20,0-20 scale,_Z,Not Applicable,_Z,Not Applicable,_Z,Not Applicable,2020,18.727833155514908,MEAN,Mean,ITU_GCI,Global Cybersecurity Index,0,Units,IX,Index,602,CCYY,A,Normal value,PU,Public
datastructure,WB.DATA360:DS_DATA360(1.2),I,A,Annual,CZE,Czechia,ITU_GCI_TECH_SCORE,Technical Score - TS (ITU GCI),_T,Total,_T,All age ranges or no breakdown by age,_T,Total,0_TO_20,0-20 scale,_Z,Not Applicable,_Z,Not Applicable,_Z,Not Applicable,2020,19.00432225778591,MEAN,Mean,ITU_GCI,Global Cybersecurity Index,0,Units,IX,Index,602,CCYY,A,Normal value,PU,Public
datastructure,WB.DATA360:DS_DATA360(1.2),I,A,Annual,PRK,"Korea, Dem. People's Rep.",ITU_GCI_TECH_SCORE,Technical Score - TS (ITU GCI),_T,Total,_T,All age ranges or no breakdown by age,_T,Total,0_TO_20,0-20 scale,_Z,Not Applicable,_Z,Not Applicable,_Z,Not Applicable,2020,0.0,MEAN,Mean,ITU_GCI,Global Cybersecurity Index,0,Units,IX,Index,602,CCYY,A,Normal value,PU,Public
datastructure,WB.DATA360:DS_DATA360(1.2),I,A,Annual,COD,"Congo, Dem. Rep.",ITU_GCI_TECH_SCORE,Technical Score - TS (ITU GCI),_T,Total,_T,All age ranges or no breakdown by age,_T,Total,0_TO_20,0-20 scale,_Z,Not Applicable,_Z,Not Applicable,_Z,Not Applicable,2020,0.0,MEAN,Mean,ITU_GCI,Global Cybersecurity Index,0,Units,IX,Index,602,CCYY,A,Normal value,PU,Public
datastructure,WB.DATA360:DS_DATA360(1.2),I,A,Annual,DNK,Denmark,ITU_GCI_TECH_SCORE,Technical Score - TS (ITU GCI),_T,Total,_T,All age ranges or no breakdown by age,_T,Total,0_TO_20,0-20 scale,_Z,Not Applicable,_Z,Not Applicable,_Z,Not Applicable,2020,18.94378600823045,MEAN,Mean,ITU_GCI,Global Cybersecurity Index,0,Units,IX,Index,602,CCYY,A,Normal value,PU,Public
datastructure,WB.DATA360:DS_DATA360(1.2),I,A,Annual,DJI,Djibouti,ITU_GCI_TECH_SCORE,Technical Score - TS (ITU GCI),_T,Total,_T,All age ranges or no breakdown by age,_T,Total,0_TO_20,0-20 scale,_Z,Not Applicable,_Z,Not Applicable,_Z,Not Applicable,2020,0.0,MEAN,Mean,ITU_GCI,Global Cybersecurity Index,0,Units,IX,Index,602,CCYY,A,Normal value,PU,Public
datastructure,WB.DATA360:DS_DATA360(1.2),I,A,Annual,DMA,Dominica,ITU_GCI_TECH_SCORE,Technical Score - TS (ITU GCI),_T,Total,_T,All age ranges or no breakdown by age,_T,Total,0_TO_20,0-20 scale,_Z,Not Applicable,_Z,Not Applicable,_Z,Not Applicable,2020,0.0,MEAN,Mean,ITU_GCI,Global Cybersecurity Index,0,Units,IX,Index,602,CCYY,A,Normal value,PU,Public
datastructure,WB.DATA360:DS_DATA360(1.2),I,A,Annual,DOM,Dominican Republic,ITU_GCI_TECH_SCORE,Technical Score - TS (ITU GCI),_T,Total,_T,All age ranges or no breakdown by age,_T,Total,0_TO_20,0-20 scale,_Z,Not Applicable,_Z,Not Applicable,_Z,Not Applicable,2020,18.415762332977696,MEAN,Mean,ITU_GCI,Global Cybersecurity Index,0,Units,IX,Index,602,CCYY,A,Normal value,PU,Public
datastructure,WB.DATA360:DS_DATA360(1.2),I,A,Annual,ECU,Ecuador,ITU_GCI_TECH_SCORE,Technical Score - TS (ITU GCI),_T,Total,_T,All age ranges or no breakdown by age,_T,Total,0_TO_20,0-20 scale,_Z,Not Applicable,_Z,Not Applicable,_Z,Not Applicable,2020,9.548263984148758,MEAN,Mean,ITU_GCI,Global Cybersecurity Index,0,Units,IX,Index,602,CCYY,A,Normal value,PU,Public
datastructure,WB.DATA360:DS_DATA360(1.2),I,A,Annual,EGY,"Egypt, Arab Rep.",ITU_GCI_TECH_SCORE,Technical Score - TS (ITU GCI),_T,Total,_T,All age ranges or no breakdown by age,_T,Total,0_TO_20,0-20 scale,_Z,Not Applicable,_Z,Not Applicable,_Z,Not Applicable,2020,17.448971447441956,MEAN,Mean,ITU_GCI,Global Cybersecurity Index,0,Units,IX,Index,602,CCYY,A,Normal value,PU,Public
datastructure,WB.DATA360:DS_DATA360(1.2),I,A,Annual,SLV,El Salvador,ITU_GCI_TECH_SCORE,Technical Score - TS (ITU GCI),_T,Total,_T,All age ranges or no breakdown by age,_T,Total,0_TO_20,0-20 scale,_Z,Not Applicable,_Z,Not Applicable,_Z,Not Applicable,2020,0.0,MEAN,Mean,ITU_GCI,Global Cybersecurity Index,0,Units,IX,Index,602,CCYY,A,Normal value,PU,Public
datastructure,WB.DATA360:DS_DATA360(1.2),I,A,Annual,GNQ,Equatorial Guinea,ITU_GCI_TECH_SCORE,Technical Score - TS (ITU GCI),_T,Total,_T,All age ranges or no breakdown by age,_T,Total,0_TO_20,0-20 scale,_Z,Not Applicable,_Z,Not Applicable,_Z,Not Applicable,2020,0.0,MEAN,Mean,ITU_GCI,Global Cybersecurity Index,0,Units,IX,Index,602,CCYY,A,Normal value,PU,Public
datastructure,WB.DATA360:DS_DATA360(1.2),I,A,Annual,ERI,Eritrea,ITU_GCI_TECH_SCORE,Technical Score - TS (ITU GCI),_T,Total,_T,All age ranges or no breakdown by age,_T,Total,0_TO_20,0-20 scale,_Z,Not Applicable,_Z,Not Applicable,_Z,Not Applicable,2020,0.0,MEAN,Mean,ITU_GCI,Global Cybersecurity Index,0,Units,IX,Index,602,CCYY,A,Normal value,PU,Public
datastructure,WB.DATA360:DS_DATA360(1.2),I,A,Annual,EST,Estonia,ITU_GCI_TECH_SCORE,Technical Score - TS (ITU GCI),_T,Total,_T,All age ranges or no breakdown by age,_T,Total,0_TO_20,0-20 scale,_Z,Not Applicable,_Z,Not Applicable,_Z,Not Applicable,2020,20.0,MEAN,Mean,ITU_GCI,Global Cybersecurity Index,0,Units,IX,Index,602,CCYY,A,Normal value,PU,Public
datastructure,WB.DATA360:DS_DATA360(1.2),I,A,Annual,SWZ,Eswatini,ITU_GCI_TECH_SCORE,Technical Score - TS (ITU GCI),_T,Total,_T,All age ranges or no breakdown by age,_T,Total,0_TO_20,0-20 scale,_Z,Not Applicable,_Z,Not Applicable,_Z,Not Applicable,2020,0.0,MEAN,Mean,ITU_GCI,Global Cybersecurity Index,0,Units,IX,Index,602,CCYY,A,Normal value,PU,Public
datastructure,WB.DATA360:DS_DATA360(1.2),I,A,Annual,ETH,Ethiopia,ITU_GCI_TECH_SCORE,Technical Score - TS (ITU GCI),_T,Total,_T,All age ranges or no breakdown by age,_T,Total,0_TO_20,0-20 scale,_Z,Not Applicable,_Z,Not Applicable,_Z,Not Applicable,2020,4.461361581059799,MEAN,Mean,ITU_GCI,Global Cybersecurity Index,0,Units,IX,Index,602,CCYY,A,Normal value,PU,Public
datastructure,WB.DATA360:DS_DATA360(1.2),I,A,Annual,FJI,Fiji,ITU_GCI_TECH_SCORE,Technical Score - TS (ITU GCI),_T,Total,_T,All age ranges or no breakdown by age,_T,Total,0_TO_20,0-20 scale,_Z,Not Applicable,_Z,Not Applicable,_Z,Not Applicable,2020,4.111111111111111,MEAN,Mean,ITU_GCI,Global Cybersecurity Index,0,Units,IX,Index,602,CCYY,A,Normal value,PU,Public
datastructure,WB.DATA360:DS_DATA360(1.2),I,A,Annual,FIN,Finland,ITU_GCI_TECH_SCORE,Technical Score - TS (ITU GCI),_T,Total,_T,All age ranges or no breakdown by age,_T,Total,0_TO_20,0-20 scale,_Z,Not Applicable,_Z,Not Applicable,_Z,Not Applicable,2020,20.0,MEAN,Mean,ITU_GCI,Global Cybersecurity Index,0,Units,IX,Index,602,CCYY,A,Normal value,PU,Public
datastructure,WB.DATA360:DS_DATA360(1.2),I,A,Annual,FRA,France,ITU_GCI_TECH_SCORE,Technical Score - TS (ITU GCI),_T,Total,_T,All age ranges or no breakdown by age,_T,Total,0_TO_20,0-20 scale,_Z,Not Applicable,_Z,Not Applicable,_Z,Not Applicable,2020,19.21447391149723,MEAN,Mean,ITU_GCI,Global Cybersecurity Index,0,Units,IX,Index,602,CCYY,A,Normal value,PU,Public
datastructure,WB.DATA360:DS_DATA360(1.2),I,A,Annual,GAB,Gabon,ITU_GCI_TECH_SCORE,Technical Score - TS (ITU GCI),_T,Total,_T,All age ranges or no breakdown by age,_T,Total,0_TO_20,0-20 scale,_Z,Not Applicable,_Z,Not Applicable,_Z,Not Applicable,2020,0.7311385459533608,MEAN,Mean,ITU_GCI,Global Cybersecurity Index,0,Units,IX,Index,602,CCYY,A,Normal value,PU,Public
datastructure,WB.DATA360:DS_DATA360(1.2),I,A,Annual,GMB,"Gambia, The",ITU_GCI_TECH_SCORE,Technical Score - TS (ITU GCI),_T,Total,_T,All age ranges or no breakdown by age,_T,Total,0_TO_20,0-20 scale,_Z,Not Applicable,_Z,Not Applicable,_Z,Not Applicable,2020,1.4622770919067216,MEAN,Mean,ITU_GCI,Global Cybersecurity Index,0,Units,IX,Index,602,CCYY,A,Normal value,PU,Public
datastructure,WB.DATA360:DS_DATA360(1.2),I,A,Annual,GEO,Georgia,ITU_GCI_TECH_SCORE,Technical Score - TS (ITU GCI),_T,Total,_T,All age ranges or no breakdown by age,_T,Total,0_TO_20,0-20 scale,_Z,Not Applicable,_Z,Not Applicable,_Z,Not Applicable,2020,17.125462835949804,MEAN,Mean,ITU_GCI,Global Cybersecurity Index,0,Units,IX,Index,602,CCYY,A,Normal value,PU,Public
datastructure,WB.DATA360:DS_DATA360(1.2),I,A,Annual,DEU,Germany,ITU_GCI_TECH_SCORE,Technical Score - TS (ITU GCI),_T,Total,_T,All age ranges or no breakdown by age,_T,Total,0_TO_20,0-20 scale,_Z,Not Applicable,_Z,Not Applicable,_Z,Not Applicable,2020,19.539945130315505,MEAN,Mean,ITU_GCI,Global Cybersecurity Index,0,Units,IX,Index,602,CCYY,A,Normal value,PU,Public
datastructure,WB.DATA360:DS_DATA360(1.2),I,A,Annual,GHA,Ghana,ITU_GCI_TECH_SCORE,Technical Score - TS (ITU GCI),_T,Total,_T,All age ranges or no breakdown by age,_T,Total,0_TO_20,0-20 scale,_Z,Not Applicable,_Z,Not Applicable,_Z,Not Applicable,2020,18.48373113854596,MEAN,Mean,ITU_GCI,Global Cybersecurity Index,0,Units,IX,Index,602,CCYY,A,Normal value,PU,Public
datastructure,WB.DATA360:DS_DATA360(1.2),I,A,Annual,GRC,Greece,ITU_GCI_TECH_SCORE,Technical Score - TS (ITU GCI),_T,Total,_T,All age ranges or no breakdown by age,_T,Total,0_TO_20,0-20 scale,_Z,Not Applicable,_Z,Not Applicable,_Z,Not Applicable,2020,15.83201646090535,MEAN,Mean,ITU_GCI,Global Cybersecurity Index,0,Units,IX,Index,602,CCYY,A,Normal value,PU,Public
datastructure,WB.DATA360:DS_DATA360(1.2),I,A,Annual,GRD,Grenada,ITU_GCI_TECH_SCORE,Technical Score - TS (ITU GCI),_T,Total,_T,All age ranges or no breakdown by age,_T,Total,0_TO_20,0-20 scale,_Z,Not Applicable,_Z,Not Applicable,_Z,Not Applicable,2020,0.0,MEAN,Mean,ITU_GCI,Global Cybersecurity Index,0,Units,IX,Index,602,CCYY,A,Normal value,PU,Public
datastructure,WB.DATA360:DS_DATA360(1.2),I,A,Annual,GTM,Guatemala,ITU_GCI_TECH_SCORE,Technical Score - TS (ITU GCI),_T,Total,_T,All age ranges or no breakdown by age,_T,Total,0_TO_20,0-20 scale,_Z,Not Applicable,_Z,Not Applicable,_Z,Not Applicable,2020,0.0,MEAN,Mean,ITU_GCI,Global Cybersecurity Index,0,Units,IX,Index,602,CCYY,A,Normal value,PU,Public
datastructure,WB.DATA360:DS_DATA360(1.2),I,A,Annual,GIN,Guinea,ITU_GCI_TECH_SCORE,Technical Score - TS (ITU GCI),_T,Total,_T,All age ranges or no breakdown by age,_T,Total,0_TO_20,0-20 scale,_Z,Not Applicable,_Z,Not Applicable,_Z,Not Applicable,2020,0.0,MEAN,Mean,ITU_GCI,Global Cybersecurity Index,0,Units,IX,Index,602,CCYY,A,Normal value,PU,Public
datastructure,WB.DATA360:DS_DATA360(1.2),I,A,Annual,GNB,Guinea-Bissau,ITU_GCI_TECH_SCORE,Technical Score - TS (ITU GCI),_T,Total,_T,All age ranges or no breakdown by age,_T,Total,0_TO_20,0-20 scale,_Z,Not Applicable,_Z,Not Applicable,_Z,Not Applicable,2020,0.0,MEAN,Mean,ITU_GCI,Global Cybersecurity Index,0,Units,IX,Index,602,CCYY,A,Normal value,PU,Public
datastructure,WB.DATA360:DS_DATA360(1.2),I,A,Annual,GUY,Guyana,ITU_GCI_TECH_SCORE,Technical Score - TS (ITU GCI),_T,Total,_T,All age ranges or no breakdown by age,_T,Total,0_TO_20,0-20 scale,_Z,Not Applicable,_Z,Not Applicable,_Z,Not Applicable,2020,2.501181222374638,MEAN,Mean,ITU_GCI,Global Cybersecurity Index,0,Units,IX,Index,602,CCYY,A,Normal value,PU,Public
datastructure,WB.DATA360:DS_DATA360(1.2),I,A,Annual,HTI,Haiti,ITU_GCI_TECH_SCORE,Technical Score - TS (ITU GCI),_T,Total,_T,All age ranges or no breakdown by age,_T,Total,0_TO_20,0-20 scale,_Z,Not Applicable,_Z,Not Applicable,_Z,Not Applicable,2020,0.0,MEAN,Mean,ITU_GCI,Global Cybersecurity Index,0,Units,IX,Index,602,CCYY,A,Normal value,PU,Public
datastructure,WB.DATA360:DS_DATA360(1.2),I,A,Annual,HND,Honduras,ITU_GCI_TECH_SCORE,Technical Score - TS (ITU GCI),_T,Total,_T,All age ranges or no breakdown by age,_T,Total,0_TO_20,0-20 scale,_Z,Not Applicable,_Z,Not Applicable,_Z,Not Applicable,2020,0.0,MEAN,Mean,ITU_GCI,Global Cybersecurity Index,0,Units,IX,Index,602,CCYY,A,Normal value,PU,Public
datastructure,WB.DATA360:DS_DATA360(1.2),I,A,Annual,HUN,Hungary,ITU_GCI_TECH_SCORE,Technical Score - TS (ITU GCI),_T,Total,_T,All age ranges or no breakdown by age,_T,Total,0_TO_20,0-20 scale,_Z,Not Applicable,_Z,Not Applicable,_Z,Not Applicable,2020,16.824487628918355,MEAN,Mean,ITU_GCI,Global Cybersecurity Index,0,Units,IX,Index,602,CCYY,A,Normal value,PU,Public
datastructure,WB.DATA360:DS_DATA360(1.2),I,A,Annual,ISL,Iceland,ITU_GCI_TECH_SCORE,Technical Score - TS (ITU GCI),_T,Total,_T,All age ranges or no breakdown by age,_T,Total,0_TO_20,0-20 scale,_Z,Not Applicable,_Z,Not Applicable,_Z,Not Applicable,2020,16.170374434791444,MEAN,Mean,ITU_GCI,Global Cybersecurity Index,0,Units,IX,Index,602,CCYY,A,Normal value,PU,Public
datastructure,WB.DATA360:DS_DATA360(1.2),I,A,Annual,IND,India,ITU_GCI_TECH_SCORE,Technical Score - TS (ITU GCI),_T,Total,_T,All age ranges or no breakdown by age,_T,Total,0_TO_20,0-20 scale,_Z,Not Applicable,_Z,Not Applicable,_Z,Not Applicable,2020,19.079890260631004,MEAN,Mean,ITU_GCI,Global Cybersecurity Index,0,Units,IX,Index,602,CCYY,A,Normal value,PU,Public
datastructure,WB.DATA360:DS_DATA360(1.2),I,A,Annual,IDN,Indonesia,ITU_GCI_TECH_SCORE,Technical Score - TS (ITU GCI),_T,Total,_T,All age ranges or no breakdown by age,_T,Total,0_TO_20,0-20 scale,_Z,Not Applicable,_Z,Not Applicable,_Z,Not Applicable,2020,19.079890260631004,MEAN,Mean,ITU_GCI,Global Cybersecurity Index,0,Units,IX,Index,602,CCYY,A,Normal value,PU,Public
datastructure,WB.DATA360:DS_DATA360(1.2),I,A,Annual,IRN,"Iran, Islamic Rep.",ITU_GCI_TECH_SCORE,Technical Score - TS (ITU GCI),_T,Total,_T,All age ranges or no breakdown by age,_T,Total,0_TO_20,0-20 scale,_Z,Not Applicable,_Z,Not Applicable,_Z,Not Applicable,2020,14.629601940761065,MEAN,Mean,ITU_GCI,Global Cybersecurity Index,0,Units,IX,Index,602,CCYY,A,Normal value,PU,Public
datastructure,WB.DATA360:DS_DATA360(1.2),I,A,Annual,IRQ,Iraq,ITU_GCI_TECH_SCORE,Technical Score - TS (ITU GCI),_T,Total,_T,All age ranges or no breakdown by age,_T,Total,0_TO_20,0-20 scale,_Z,Not Applicable,_Z,Not Applicable,_Z,Not Applicable,2020,6.560051821368694,MEAN,Mean,ITU_GCI,Global Cybersecurity Index,0,Units,IX,Index,602,CCYY,A,Normal value,PU,Public
datastructure,WB.DATA360:DS_DATA360(1.2),I,A,Annual,IRL,Ireland,ITU_GCI_TECH_SCORE,Technical Score - TS (ITU GCI),_T,Total,_T,All age ranges or no breakdown by age,_T,Total,0_TO_20,0-20 scale,_Z,Not Applicable,_Z,Not Applicable,_Z,Not Applicable,2020,19.539945130315505,MEAN,Mean,ITU_GCI,Global Cybersecurity Index,0,Units,IX,Index,602,CCYY,A,Normal value,PU,Public
datastructure,WB.DATA360:DS_DATA360(1.2),I,A,Annual,ISR,Israel,ITU_GCI_TECH_SCORE,Technical Score - TS (ITU GCI),_T,Total,_T,All age ranges or no breakdown by age,_T,Total,0_TO_20,0-20 scale,_Z,Not Applicable,_Z,Not Applicable,_Z,Not Applicable,2020,16.99087918508357,MEAN,Mean,ITU_GCI,Global Cybersecurity Index,0,Units,IX,Index,602,CCYY,A,Normal value,PU,Public
datastructure,WB.DATA360:DS_DATA360(1.2),I,A,Annual,ITA,Italy,ITU_GCI_TECH_SCORE,Technical Score - TS (ITU GCI),_T,Total,_T,All age ranges or no breakdown by age,_T,Total,0_TO_20,0-20 scale,_Z,Not Applicable,_Z,Not Applicable,_Z,Not Applicable,2020,17.562100797642636,MEAN,Mean,ITU_GCI,Global Cybersecurity Index,0,Units,IX,Index,602,CCYY,A,Normal value,PU,Public
datastructure,WB.DATA360:DS_DATA360(1.2),I,A,Annual,JAM,Jamaica,ITU_GCI_TECH_SCORE,Technical Score - TS (ITU GCI),_T,Total,_T,All age ranges or no breakdown by age,_T,Total,0_TO_20,0-20 scale,_Z,Not Applicable,_Z,Not Applicable,_Z,Not Applicable,2020,2.175710003556369,MEAN,Mean,ITU_GCI,Global Cybersecurity Index,0,Units,IX,Index,602,CCYY,A,Normal value,PU,Public
datastructure,WB.DATA360:DS_DATA360(1.2),I,A,Annual,JPN,Japan,ITU_GCI_TECH_SCORE,Technical Score - TS (ITU GCI),_T,Total,_T,All age ranges or no breakdown by age,_T,Total,0_TO_20,0-20 scale,_Z,Not Applicable,_Z,Not Applicable,_Z,Not Applicable,2020,19.079890260631004,MEAN,Mean,ITU_GCI,Global Cybersecurity Index,0,Units,IX,Index,602,CCYY,A,Normal value,PU,Public
datastructure,WB.DATA360:DS_DATA360(1.2),I,A,Annual,JOR,Jordan,ITU_GCI_TECH_SCORE,Technical Score - TS (ITU GCI),_T,Total,_T,All age ranges or no breakdown by age,_T,Total,0_TO_20,0-20 scale,_Z,Not Applicable,_Z,Not Applicable,_Z,Not Applicable,2020,10.740671137529848,MEAN,Mean,ITU_GCI,Global Cybersecurity Index,0,Units,IX,Index,602,CCYY,A,Normal value,PU,Public
datastructure,WB.DATA360:DS_DATA360(1.2),I,A,Annual,KAZ,Kazakhstan,ITU_GCI_TECH_SCORE,Technical Score - TS (ITU GCI),_T,Total,_T,All age ranges or no breakdown by age,_T,Total,0_TO_20,0-20 scale,_Z,Not Applicable,_Z,Not Applicable,_Z,Not Applicable,2020,19.539945130315505,MEAN,Mean,ITU_GCI,Global Cybersecurity Index,0,Units,IX,Index,602,CCYY,A,Normal value,PU,Public
datastructure,WB.DATA360:DS_DATA360(1.2),I,A,Annual,KEN,Kenya,ITU_GCI_TECH_SCORE,Technical Score - TS (ITU GCI),_T,Total,_T,All age ranges or no breakdown by age,_T,Total,0_TO_20,0-20 scale,_Z,Not Applicable,_Z,Not Applicable,_Z,Not Applicable,2020,18.26777828583041,MEAN,Mean,ITU_GCI,Global Cybersecurity Index,0,Units,IX,Index,602,CCYY,A,Normal value,PU,Public
datastructure,WB.DATA360:DS_DATA360(1.2),I,A,Annual,KIR,Kiribati,ITU_GCI_TECH_SCORE,Technical Score - TS (ITU GCI),_T,Total,_T,All age ranges or no breakdown by age,_T,Total,0_TO_20,0-20 scale,_Z,Not Applicable,_Z,Not Applicable,_Z,Not Applicable,2020,0.0,MEAN,Mean,ITU_GCI,Global Cybersecurity Index,0,Units,IX,Index,602,CCYY,A,Normal value,PU,Public
datastructure,WB.DATA360:DS_DATA360(1.2),I,A,Annual,KWT,Kuwait,ITU_GCI_TECH_SCORE,Technical Score - TS (ITU GCI),_T,Total,_T,All age ranges or no breakdown by age,_T,Total,0_TO_20,0-20 scale,_Z,Not Applicable,_Z,Not Applicable,_Z,Not Applicable,2020,14.247778793883048,MEAN,Mean,ITU_GCI,Global Cybersecurity Index,0,Units,IX,Index,602,CCYY,A,Normal value,PU,Public
datastructure,WB.DATA360:DS_DATA360(1.2),I,A,Annual,KGZ,Kyrgyz Republic,ITU_GCI_TECH_SCORE,Technical Score - TS (ITU GCI),_T,Total,_T,All age ranges or no breakdown by age,_T,Total,0_TO_20,0-20 scale,_Z,Not Applicable,_Z,Not Applicable,_Z,Not Applicable,2020,7.848667885992988,MEAN,Mean,ITU_GCI,Global Cybersecurity Index,0,Units,IX,Index,602,CCYY,A,Normal value,PU,Public
datastructure,WB.DATA360:DS_DATA360(1.2),I,A,Annual,LAO,Lao PDR,ITU_GCI_TECH_SCORE,Technical Score - TS (ITU GCI),_T,Total,_T,All age ranges or no breakdown by age,_T,Total,0_TO_20,0-20 scale,_Z,Not Applicable,_Z,Not Applicable,_Z,Not Applicable,2020,3.266439567139156,MEAN,Mean,ITU_GCI,Global Cybersecurity Index,0,Units,IX,Index,602,CCYY,A,Normal value,PU,Public
datastructure,WB.DATA360:DS_DATA360(1.2),I,A,Annual,LVA,Latvia,ITU_GCI_TECH_SCORE,Technical Score - TS (ITU GCI),_T,Total,_T,All age ranges or no breakdown by age,_T,Total,0_TO_20,0-20 scale,_Z,Not Applicable,_Z,Not Applicable,_Z,Not Applicable,2020,19.20646751003404,MEAN,Mean,ITU_GCI,Global Cybersecurity Index,0,Units,IX,Index,602,CCYY,A,Normal value,PU,Public
datastructure,WB.DATA360:DS_DATA360(1.2),I,A,Annual,LBN,Lebanon,ITU_GCI_TECH_SCORE,Technical Score - TS (ITU GCI),_T,Total,_T,All age ranges or no breakdown by age,_T,Total,0_TO_20,0-20 scale,_Z,Not Applicable,_Z,Not Applicable,_Z,Not Applicable,2020,3.2670781893004115,MEAN,Mean,ITU_GCI,Global Cybersecurity Index,0,Units,IX,Index,602,CCYY,A,Normal value,PU,Public
datastructure,WB.DATA360:DS_DATA360(1.2),I,A,Annual,LSO,Lesotho,ITU_GCI_TECH_SCORE,Technical Score - TS (ITU GCI),_T,Total,_T,All age ranges or no breakdown by age,_T,Total,0_TO_20,0-20 scale,_Z,Not Applicable,_Z,Not Applicable,_Z,Not Applicable,2020,0.0,MEAN,Mean,ITU_GCI,Global Cybersecurity Index,0,Units,IX,Index,602,CCYY,A,Normal value,PU,Public
datastructure,WB.DATA360:DS_DATA360(1.2),I,A,Annual,LBR,Liberia,ITU_GCI_TECH_SCORE,Technical Score - TS (ITU GCI),_T,Total,_T,All age ranges or no breakdown by age,_T,Total,0_TO_20,0-20 scale,_Z,Not Applicable,_Z,Not Applicable,_Z,Not Applicable,2020,4.111111111111111,MEAN,Mean,ITU_GCI,Global Cybersecurity Index,0,Units,IX,Index,602,CCYY,A,Normal value,PU,Public
datastructure,WB.DATA360:DS_DATA360(1.2),I,A,Annual,LBY,Libya,ITU_GCI_TECH_SCORE,Technical Score - TS (ITU GCI),_T,Total,_T,All age ranges or no breakdown by age,_T,Total,0_TO_20,0-20 scale,_Z,Not Applicable,_Z,Not Applicable,_Z,Not Applicable,2020,8.543874409388811,MEAN,Mean,ITU_GCI,Global Cybersecurity Index,0,Units,IX,Index,602,CCYY,A,Normal value,PU,Public
datastructure,WB.DATA360:DS_DATA360(1.2),I,A,Annual,LIE,Liechtenstein,ITU_GCI_TECH_SCORE,Technical Score - TS (ITU GCI),_T,Total,_T,All age ranges or no breakdown by age,_T,Total,0_TO_20,0-20 scale,_Z,Not Applicable,_Z,Not Applicable,_Z,Not Applicable,2020,4.925925925925926,MEAN,Mean,ITU_GCI,Global Cybersecurity Index,0,Units,IX,Index,602,CCYY,A,Normal value,PU,Public
datastructure,WB.DATA360:DS_DATA360(1.2),I,A,Annual,LTU,Lithuania,ITU_GCI_TECH_SCORE,Technical Score - TS (ITU GCI),_T,Total,_T,All age ranges or no breakdown by age,_T,Total,0_TO_20,0-20 scale,_Z,Not Applicable,_Z,Not Applicable,_Z,Not Applicable,2020,19.539945130315505,MEAN,Mean,ITU_GCI,Global Cybersecurity Index,0,Units,IX,Index,602,CCYY,A,Normal value,PU,Public
datastructure,WB.DATA360:DS_DATA360(1.2),I,A,Annual,LUX,Luxembourg,ITU_GCI_TECH_SCORE,Technical Score - TS (ITU GCI),_T,Total,_T,All age ranges or no breakdown by age,_T,Total,0_TO_20,0-20 scale,_Z,Not Applicable,_Z,Not Applicable,_Z,Not Applicable,2020,19.539945130315505,MEAN,Mean,ITU_GCI,Global Cybersecurity Index,0,Units,IX,Index,602,CCYY,A,Normal value,PU,Public
datastructure,WB.DATA360:DS_DATA360(1.2),I,A,Annual,MDG,Madagascar,ITU_GCI_TECH_SCORE,Technical Score - TS (ITU GCI),_T,Total,_T,All age ranges or no breakdown by age,_T,Total,0_TO_20,0-20 scale,_Z,Not Applicable,_Z,Not Applicable,_Z,Not Applicable,2020,4.111111111111111,MEAN,Mean,ITU_GCI,Global Cybersecurity Index,0,Units,IX,Index,602,CCYY,A,Normal value,PU,Public
datastructure,WB.DATA360:DS_DATA360(1.2),I,A,Annual,MWI,Malawi,ITU_GCI_TECH_SCORE,Technical Score - TS (ITU GCI),_T,Total,_T,All age ranges or no breakdown by age,_T,Total,0_TO_20,0-20 scale,_Z,Not Applicable,_Z,Not Applicable,_Z,Not Applicable,2020,5.917085810089925,MEAN,Mean,ITU_GCI,Global Cybersecurity Index,0,Units,IX,Index,602,CCYY,A,Normal value,PU,Public
datastructure,WB.DATA360:DS_DATA360(1.2),I,A,Annual,MYS,Malaysia,ITU_GCI_TECH_SCORE,Technical Score - TS (ITU GCI),_T,Total,_T,All age ranges or no breakdown by age,_T,Total,0_TO_20,0-20 scale,_Z,Not Applicable,_Z,Not Applicable,_Z,Not Applicable,2020,19.079890260631004,MEAN,Mean,ITU_GCI,Global Cybersecurity Index,0,Units,IX,Index,602,CCYY,A,Normal value,PU,Public
datastructure,WB.DATA360:DS_DATA360(1.2),I,A,Annual,MDV,Maldives,ITU_GCI_TECH_SCORE,Technical Score - TS (ITU GCI),_T,Total,_T,All age ranges or no breakdown by age,_T,Total,0_TO_20,0-20 scale,_Z,Not Applicable,_Z,Not Applicable,_Z,Not Applicable,2020,0.0,MEAN,Mean,ITU_GCI,Global Cybersecurity Index,0,Units,IX,Index,602,CCYY,A,Normal value,PU,Public
datastructure,WB.DATA360:DS_DATA360(1.2),I,A,Annual,MLI,Mali,ITU_GCI_TECH_SCORE,Technical Score - TS (ITU GCI),_T,Total,_T,All age ranges or no breakdown by age,_T,Total,0_TO_20,0-20 scale,_Z,Not Applicable,_Z,Not Applicable,_Z,Not Applicable,2020,0.0,MEAN,Mean,ITU_GCI,Global Cybersecurity Index,0,Units,IX,Index,602,CCYY,A,Normal value,PU,Public
datastructure,WB.DATA360:DS_DATA360(1.2),I,A,Annual,MLT,Malta,ITU_GCI_TECH_SCORE,Technical Score - TS (ITU GCI),_T,Total,_T,All age ranges or no breakdown by age,_T,Total,0_TO_20,0-20 scale,_Z,Not Applicable,_Z,Not Applicable,_Z,Not Applicable,2020,15.591351928059748,MEAN,Mean,ITU_GCI,Global Cybersecurity Index,0,Units,IX,Index,602,CCYY,A,Normal value,PU,Public
datastructure,WB.DATA360:DS_DATA360(1.2),I,A,Annual,MHL,Marshall Islands,ITU_GCI_TECH_SCORE,Technical Score - TS (ITU GCI),_T,Total,_T,All age ranges or no breakdown by age,_T,Total,0_TO_20,0-20 scale,_Z,Not Applicable,_Z,Not Applicable,_Z,Not Applicable,2020,0.0,MEAN,Mean,ITU_GCI,Global Cybersecurity Index,0,Units,IX,Index,602,CCYY,A,Normal value,PU,Public
datastructure,WB.DATA360:DS_DATA360(1.2),I,A,Annual,MRT,Mauritania,ITU_GCI_TECH_SCORE,Technical Score - TS (ITU GCI),_T,Total,_T,All age ranges or no breakdown by age,_T,Total,0_TO_20,0-20 scale,_Z,Not Applicable,_Z,Not Applicable,_Z,Not Applicable,2020,0.0,MEAN,Mean,ITU_GCI,Global Cybersecurity Index,0,Units,IX,Index,602,CCYY,A,Normal value,PU,Public
datastructure,WB.DATA360:DS_DATA360(1.2),I,A,Annual,MUS,Mauritius,ITU_GCI_TECH_SCORE,Technical Score - TS (ITU GCI),_T,Total,_T,All age ranges or no breakdown by age,_T,Total,0_TO_20,0-20 scale,_Z,Not Applicable,_Z,Not Applicable,_Z,Not Applicable,2020,20.0,MEAN,Mean,ITU_GCI,Global Cybersecurity Index,0,Units,IX,Index,602,CCYY,A,Normal value,PU,Public
datastructure,WB.DATA360:DS_DATA360(1.2),I,A,Annual,MEX,Mexico,ITU_GCI_TECH_SCORE,Technical Score - TS (ITU GCI),_T,Total,_T,All age ranges or no breakdown by age,_T,Total,0_TO_20,0-20 scale,_Z,Not Applicable,_Z,Not Applicable,_Z,Not Applicable,2020,17.9006467510034,MEAN,Mean,ITU_GCI,Global Cybersecurity Index,0,Units,IX,Index,602,CCYY,A,Normal value,PU,Public
datastructure,WB.DATA360:DS_DATA360(1.2),I,A,Annual,FSM,"Micronesia, Fed. Sts.",ITU_GCI_TECH_SCORE,Technical Score - TS (ITU GCI),_T,Total,_T,All age ranges or no breakdown by age,_T,Total,0_TO_20,0-20 scale,_Z,Not Applicable,_Z,Not Applicable,_Z,Not Applicable,2020,0.0,MEAN,Mean,ITU_GCI,Global Cybersecurity Index,0,Units,IX,Index,602,CCYY,A,Normal value,PU,Public
datastructure,WB.DATA360:DS_DATA360(1.2),I,A,Annual,MDA,Moldova,ITU_GCI_TECH_SCORE,Technical Score - TS (ITU GCI),_T,Total,_T,All age ranges or no breakdown by age,_T,Total,0_TO_20,0-20 scale,_Z,Not Applicable,_Z,Not Applicable,_Z,Not Applicable,2020,16.859546817050244,MEAN,Mean,ITU_GCI,Global Cybersecurity Index,0,Units,IX,Index,602,CCYY,A,Normal value,PU,Public
datastructure,WB.DATA360:DS_DATA360(1.2),I,A,Annual,MCO,Monaco,ITU_GCI_TECH_SCORE,Technical Score - TS (ITU GCI),_T,Total,_T,All age ranges or no breakdown by age,_T,Total,0_TO_20,0-20 scale,_Z,Not Applicable,_Z,Not Applicable,_Z,Not Applicable,2020,12.772196819590508,MEAN,Mean,ITU_GCI,Global Cybersecurity Index,0,Units,IX,Index,602,CCYY,A,Normal value,PU,Public
datastructure,WB.DATA360:DS_DATA360(1.2),I,A,Annual,MNG,Mongolia,ITU_GCI_TECH_SCORE,Technical Score - TS (ITU GCI),_T,Total,_T,All age ranges or no breakdown by age,_T,Total,0_TO_20,0-20 scale,_Z,Not Applicable,_Z,Not Applicable,_Z,Not Applicable,2020,6.019259259259259,MEAN,Mean,ITU_GCI,Global Cybersecurity Index,0,Units,IX,Index,602,CCYY,A,Normal value,PU,Public
datastructure,WB.DATA360:DS_DATA360(1.2),I,A,Annual,MNE,Montenegro,ITU_GCI_TECH_SCORE,Technical Score - TS (ITU GCI),_T,Total,_T,All age ranges or no breakdown by age,_T,Total,0_TO_20,0-20 scale,_Z,Not Applicable,_Z,Not Applicable,_Z,Not Applicable,2020,7.479139358837575,MEAN,Mean,ITU_GCI,Global Cybersecurity Index,0,Units,IX,Index,602,CCYY,A,Normal value,PU,Public
datastructure,WB.DATA360:DS_DATA360(1.2),I,A,Annual,MAR,Morocco,ITU_GCI_TECH_SCORE,Technical Score - TS (ITU GCI),_T,Total,_T,All age ranges or no breakdown by age,_T,Total,0_TO_20,0-20 scale,_Z,Not Applicable,_Z,Not Applicable,_Z,Not Applicable,2020,17.942307067012138,MEAN,Mean,ITU_GCI,Global Cybersecurity Index,0,Units,IX,Index,602,CCYY,A,Normal value,PU,Public
datastructure,WB.DATA360:DS_DATA360(1.2),I,A,Annual,MOZ,Mozambique,ITU_GCI_TECH_SCORE,Technical Score - TS (ITU GCI),_T,Total,_T,All age ranges or no breakdown by age,_T,Total,0_TO_20,0-20 scale,_Z,Not Applicable,_Z,Not Applicable,_Z,Not Applicable,2020,8.18788802519941,MEAN,Mean,ITU_GCI,Global Cybersecurity Index,0,Units,IX,Index,602,CCYY,A,Normal value,PU,Public
datastructure,WB.DATA360:DS_DATA360(1.2),I,A,Annual,MMR,Myanmar,ITU_GCI_TECH_SCORE,Technical Score - TS (ITU GCI),_T,Total,_T,All age ranges or no breakdown by age,_T,Total,0_TO_20,0-20 scale,_Z,Not Applicable,_Z,Not Applicable,_Z,Not Applicable,2020,3.63617487171671,MEAN,Mean,ITU_GCI,Global Cybersecurity Index,0,Units,IX,Index,602,CCYY,A,Normal value,PU,Public
datastructure,WB.DATA360:DS_DATA360(1.2),I,A,Annual,NAM,Namibia,ITU_GCI_TECH_SCORE,Technical Score - TS (ITU GCI),_T,Total,_T,All age ranges or no breakdown by age,_T,Total,0_TO_20,0-20 scale,_Z,Not Applicable,_Z,Not Applicable,_Z,Not Applicable,2020,0.0,MEAN,Mean,ITU_GCI,Global Cybersecurity Index,0,Units,IX,Index,602,CCYY,A,Normal value,PU,Public
datastructure,WB.DATA360:DS_DATA360(1.2),I,A,Annual,NRU,Nauru,ITU_GCI_TECH_SCORE,Technical Score - TS (ITU GCI),_T,Total,_T,All age ranges or no breakdown by age,_T,Total,0_TO_20,0-20 scale,_Z,Not Applicable,_Z,Not Applicable,_Z,Not Applicable,2020,0.0,MEAN,Mean,ITU_GCI,Global Cybersecurity Index,0,Units,IX,Index,602,CCYY,A,Normal value,PU,Public
datastructure,WB.DATA360:DS_DATA360(1.2),I,A,Annual,NPL,Nepal,ITU_GCI_TECH_SCORE,Technical Score - TS (ITU GCI),_T,Total,_T,All age ranges or no breakdown by age,_T,Total,0_TO_20,0-20 scale,_Z,Not Applicable,_Z,Not Applicable,_Z,Not Applicable,2020,5.943123507595386,MEAN,Mean,ITU_GCI,Global Cybersecurity Index,0,Units,IX,Index,602,CCYY,A,Normal value,PU,Public
datastructure,WB.DATA360:DS_DATA360(1.2),I,A,Annual,NLD,Netherlands,ITU_GCI_TECH_SCORE,Technical Score - TS (ITU GCI),_T,Total,_T,All age ranges or no breakdown by age,_T,Total,0_TO_20,0-20 scale,_Z,Not Applicable,_Z,Not Applicable,_Z,Not Applicable,2020,19.837264390590867,MEAN,Mean,ITU_GCI,Global Cybersecurity Index,0,Units,IX,Index,602,CCYY,A,Normal value,PU,Public
datastructure,WB.DATA360:DS_DATA360(1.2),I,A,Annual,NZL,New Zealand,ITU_GCI_TECH_SCORE,Technical Score - TS (ITU GCI),_T,Total,_T,All age ranges or no breakdown by age,_T,Total,0_TO_20,0-20 scale,_Z,Not Applicable,_Z,Not Applicable,_Z,Not Applicable,2020,14.191001371742114,MEAN,Mean,ITU_GCI,Global Cybersecurity Index,0,Units,IX,Index,602,CCYY,A,Normal value,PU,Public
datastructure,WB.DATA360:DS_DATA360(1.2),I,A,Annual,NIC,Nicaragua,ITU_GCI_TECH_SCORE,Technical Score - TS (ITU GCI),_T,Total,_T,All age ranges or no breakdown by age,_T,Total,0_TO_20,0-20 scale,_Z,Not Applicable,_Z,Not Applicable,_Z,Not Applicable,2020,0.0,MEAN,Mean,ITU_GCI,Global Cybersecurity Index,0,Units,IX,Index,602,CCYY,A,Normal value,PU,Public
datastructure,WB.DATA360:DS_DATA360(1.2),I,A,Annual,NER,Niger,ITU_GCI_TECH_SCORE,Technical Score - TS (ITU GCI),_T,Total,_T,All age ranges or no breakdown by age,_T,Total,0_TO_20,0-20 scale,_Z,Not Applicable,_Z,Not Applicable,_Z,Not Applicable,2020,0.0,MEAN,Mean,ITU_GCI,Global Cybersecurity Index,0,Units,IX,Index,602,CCYY,A,Normal value,PU,Public
datastructure,WB.DATA360:DS_DATA360(1.2),I,A,Annual,NGA,Nigeria,ITU_GCI_TECH_SCORE,Technical Score - TS (ITU GCI),_T,Total,_T,All age ranges or no breakdown by age,_T,Total,0_TO_20,0-20 scale,_Z,Not Applicable,_Z,Not Applicable,_Z,Not Applicable,2020,17.085707463293197,MEAN,Mean,ITU_GCI,Global Cybersecurity Index,0,Units,IX,Index,602,CCYY,A,Normal value,PU,Public
datastructure,WB.DATA360:DS_DATA360(1.2),I,A,Annual,NOR,Norway,ITU_GCI_TECH_SCORE,Technical Score - TS (ITU GCI),_T,Total,_T,All age ranges or no breakdown by age,_T,Total,0_TO_20,0-20 scale,_Z,Not Applicable,_Z,Not Applicable,_Z,Not Applicable,2020,18.86241680638114,MEAN,Mean,ITU_GCI,Global Cybersecurity Index,0,Units,IX,Index,602,CCYY,A,Normal value,PU,Public
datastructure,WB.DATA360:DS_DATA360(1.2),I,A,Annual,OMN,Oman,ITU_GCI_TECH_SCORE,Technical Score - TS (ITU GCI),_T,Total,_T,All age ranges or no breakdown by age,_T,Total,0_TO_20,0-20 scale,_Z,Not Applicable,_Z,Not Applicable,_Z,Not Applicable,2020,16.635445816186557,MEAN,Mean,ITU_GCI,Global Cybersecurity Index,0,Units,IX,Index,602,CCYY,A,Normal value,PU,Public
datastructure,WB.DATA360:DS_DATA360(1.2),I,A,Annual,PAK,Pakistan,ITU_GCI_TECH_SCORE,Technical Score - TS (ITU GCI),_T,Total,_T,All age ranges or no breakdown by age,_T,Total,0_TO_20,0-20 scale,_Z,Not Applicable,_Z,Not Applicable,_Z,Not Applicable,2020,12.255996545242088,MEAN,Mean,ITU_GCI,Global Cybersecurity Index,0,Units,IX,Index,602,CCYY,A,Normal value,PU,Public
datastructure,WB.DATA360:DS_DATA360(1.2),I,A,Annual,PAN,Panama,ITU_GCI_TECH_SCORE,Technical Score - TS (ITU GCI),_T,Total,_T,All age ranges or no breakdown by age,_T,Total,0_TO_20,0-20 scale,_Z,Not Applicable,_Z,Not Applicable,_Z,Not Applicable,2020,10.94312757201646,MEAN,Mean,ITU_GCI,Global Cybersecurity Index,0,Units,IX,Index,602,CCYY,A,Normal value,PU,Public
datastructure,WB.DATA360:DS_DATA360(1.2),I,A,Annual,PNG,Papua New Guinea,ITU_GCI_TECH_SCORE,Technical Score - TS (ITU GCI),_T,Total,_T,All age ranges or no breakdown by age,_T,Total,0_TO_20,0-20 scale,_Z,Not Applicable,_Z,Not Applicable,_Z,Not Applicable,2020,2.175710003556369,MEAN,Mean,ITU_GCI,Global Cybersecurity Index,0,Units,IX,Index,602,CCYY,A,Normal value,PU,Public
datastructure,WB.DATA360:DS_DATA360(1.2),I,A,Annual,PRY,Paraguay,ITU_GCI_TECH_SCORE,Technical Score - TS (ITU GCI),_T,Total,_T,All age ranges or no breakdown by age,_T,Total,0_TO_20,0-20 scale,_Z,Not Applicable,_Z,Not Applicable,_Z,Not Applicable,2020,10.94312757201646,MEAN,Mean,ITU_GCI,Global Cybersecurity Index,0,Units,IX,Index,602,CCYY,A,Normal value,PU,Public
datastructure,WB.DATA360:DS_DATA360(1.2),I,A,Annual,PER,Peru,ITU_GCI_TECH_SCORE,Technical Score - TS (ITU GCI),_T,Total,_T,All age ranges or no breakdown by age,_T,Total,0_TO_20,0-20 scale,_Z,Not Applicable,_Z,Not Applicable,_Z,Not Applicable,2020,11.579878575420413,MEAN,Mean,ITU_GCI,Global Cybersecurity Index,0,Units,IX,Index,602,CCYY,A,Normal value,PU,Public
datastructure,WB.DATA360:DS_DATA360(1.2),I,A,Annual,PHL,Philippines,ITU_GCI_TECH_SCORE,Technical Score - TS (ITU GCI),_T,Total,_T,All age ranges or no breakdown by age,_T,Total,0_TO_20,0-20 scale,_Z,Not Applicable,_Z,Not Applicable,_Z,Not Applicable,2020,12.998683127572017,MEAN,Mean,ITU_GCI,Global Cybersecurity Index,0,Units,IX,Index,602,CCYY,A,Normal value,PU,Public
datastructure,WB.DATA360:DS_DATA360(1.2),I,A,Annual,POL,Poland,ITU_GCI_TECH_SCORE,Technical Score - TS (ITU GCI),_T,Total,_T,All age ranges or no breakdown by age,_T,Total,0_TO_20,0-20 scale,_Z,Not Applicable,_Z,Not Applicable,_Z,Not Applicable,2020,20.0,MEAN,Mean,ITU_GCI,Global Cybersecurity Index,0,Units,IX,Index,602,CCYY,A,Normal value,PU,Public
datastructure,WB.DATA360:DS_DATA360(1.2),I,A,Annual,PRT,Portugal,ITU_GCI_TECH_SCORE,Technical Score - TS (ITU GCI),_T,Total,_T,All age ranges or no breakdown by age,_T,Total,0_TO_20,0-20 scale,_Z,Not Applicable,_Z,Not Applicable,_Z,Not Applicable,2020,20.0,MEAN,Mean,ITU_GCI,Global Cybersecurity Index,0,Units,IX,Index,602,CCYY,A,Normal value,PU,Public
datastructure,WB.DATA360:DS_DATA360(1.2),I,A,Annual,QAT,Qatar,ITU_GCI_TECH_SCORE,Technical Score - TS (ITU GCI),_T,Total,_T,All age ranges or no breakdown by age,_T,Total,0_TO_20,0-20 scale,_Z,Not Applicable,_Z,Not Applicable,_Z,Not Applicable,2020,16.635445816186557,MEAN,Mean,ITU_GCI,Global Cybersecurity Index,0,Units,IX,Index,602,CCYY,A,Normal value,PU,Public
datastructure,WB.DATA360:DS_DATA360(1.2),I,A,Annual,KOR,"Korea, Rep.",ITU_GCI_TECH_SCORE,Technical Score - TS (ITU GCI),_T,Total,_T,All age ranges or no breakdown by age,_T,Total,0_TO_20,0-20 scale,_Z,Not Applicable,_Z,Not Applicable,_Z,Not Applicable,2020,19.539945130315505,MEAN,Mean,ITU_GCI,Global Cybersecurity Index,0,Units,IX,Index,602,CCYY,A,Normal value,PU,Public
datastructure,WB.DATA360:DS_DATA360(1.2),I,A,Annual,ROU,Romania,ITU_GCI_TECH_SCORE,Technical Score - TS (ITU GCI),_T,Total,_T,All age ranges or no breakdown by age,_T,Total,0_TO_20,0-20 scale,_Z,Not Applicable,_Z,Not Applicable,_Z,Not Applicable,2020,18.399534623787027,MEAN,Mean,ITU_GCI,Global Cybersecurity Index,0,Units,IX,Index,602,CCYY,A,Normal value,PU,Public
datastructure,WB.DATA360:DS_DATA360(1.2),I,A,Annual,RUS,Russian Federation,ITU_GCI_TECH_SCORE,Technical Score - TS (ITU GCI),_T,Total,_T,All age ranges or no breakdown by age,_T,Total,0_TO_20,0-20 scale,_Z,Not Applicable,_Z,Not Applicable,_Z,Not Applicable,2020,19.079890260631004,MEAN,Mean,ITU_GCI,Global Cybersecurity Index,0,Units,IX,Index,602,CCYY,A,Normal value,PU,Public
datastructure,WB.DATA360:DS_DATA360(1.2),I,A,Annual,RWA,Rwanda,ITU_GCI_TECH_SCORE,Technical Score - TS (ITU GCI),_T,Total,_T,All age ranges or no breakdown by age,_T,Total,0_TO_20,0-20 scale,_Z,Not Applicable,_Z,Not Applicable,_Z,Not Applicable,2020,12.998683127572017,MEAN,Mean,ITU_GCI,Global Cybersecurity Index,0,Units,IX,Index,602,CCYY,A,Normal value,PU,Public
datastructure,WB.DATA360:DS_DATA360(1.2),I,A,Annual,KNA,St. Kitts and Nevis,ITU_GCI_TECH_SCORE,Technical Score - TS (ITU GCI),_T,Total,_T,All age ranges or no breakdown by age,_T,Total,0_TO_20,0-20 scale,_Z,Not Applicable,_Z,Not Applicable,_Z,Not Applicable,2020,0.0,MEAN,Mean,ITU_GCI,Global Cybersecurity Index,0,Units,IX,Index,602,CCYY,A,Normal value,PU,Public
datastructure,WB.DATA360:DS_DATA360(1.2),I,A,Annual,LCA,St. Lucia,ITU_GCI_TECH_SCORE,Technical Score - TS (ITU GCI),_T,Total,_T,All age ranges or no breakdown by age,_T,Total,0_TO_20,0-20 scale,_Z,Not Applicable,_Z,Not Applicable,_Z,Not Applicable,2020,0.0,MEAN,Mean,ITU_GCI,Global Cybersecurity Index,0,Units,IX,Index,602,CCYY,A,Normal value,PU,Public
datastructure,WB.DATA360:DS_DATA360(1.2),I,A,Annual,VCT,St. Vincent and the Grenadines,ITU_GCI_TECH_SCORE,Technical Score - TS (ITU GCI),_T,Total,_T,All age ranges or no breakdown by age,_T,Total,0_TO_20,0-20 scale,_Z,Not Applicable,_Z,Not Applicable,_Z,Not Applicable,2020,0.0,MEAN,Mean,ITU_GCI,Global Cybersecurity Index,0,Units,IX,Index,602,CCYY,A,Normal value,PU,Public
datastructure,WB.DATA360:DS_DATA360(1.2),I,A,Annual,WSM,Samoa,ITU_GCI_TECH_SCORE,Technical Score - TS (ITU GCI),_T,Total,_T,All age ranges or no breakdown by age,_T,Total,0_TO_20,0-20 scale,_Z,Not Applicable,_Z,Not Applicable,_Z,Not Applicable,2020,0.7311385459533608,MEAN,Mean,ITU_GCI,Global Cybersecurity Index,0,Units,IX,Index,602,CCYY,A,Normal value,PU,Public
datastructure,WB.DATA360:DS_DATA360(1.2),I,A,Annual,SMR,San Marino,ITU_GCI_TECH_SCORE,Technical Score - TS (ITU GCI),_T,Total,_T,All age ranges or no breakdown by age,_T,Total,0_TO_20,0-20 scale,_Z,Not Applicable,_Z,Not Applicable,_Z,Not Applicable,2020,0.0,MEAN,Mean,ITU_GCI,Global Cybersecurity Index,0,Units,IX,Index,602,CCYY,A,Normal value,PU,Public
datastructure,WB.DATA360:DS_DATA360(1.2),I,A,Annual,STP,Sao Tome and Principe,ITU_GCI_TECH_SCORE,Technical Score - TS (ITU GCI),_T,Total,_T,All age ranges or no breakdown by age,_T,Total,0_TO_20,0-20 scale,_Z,Not Applicable,_Z,Not Applicable,_Z,Not Applicable,2020,0.0,MEAN,Mean,ITU_GCI,Global Cybersecurity Index,0,Units,IX,Index,602,CCYY,A,Normal value,PU,Public
datastructure,WB.DATA360:DS_DATA360(1.2),I,A,Annual,SAU,Saudi Arabia,ITU_GCI_TECH_SCORE,Technical Score - TS (ITU GCI),_T,Total,_T,All age ranges or no breakdown by age,_T,Total,0_TO_20,0-20 scale,_Z,Not Applicable,_Z,Not Applicable,_Z,Not Applicable,2020,19.539945130315505,MEAN,Mean,ITU_GCI,Global Cybersecurity Index,0,Units,IX,Index,602,CCYY,A,Normal value,PU,Public
datastructure,WB.DATA360:DS_DATA360(1.2),I,A,Annual,SEN,Senegal,ITU_GCI_TECH_SCORE,Technical Score - TS (ITU GCI),_T,Total,_T,All age ranges or no breakdown by age,_T,Total,0_TO_20,0-20 scale,_Z,Not Applicable,_Z,Not Applicable,_Z,Not Applicable,2020,10.49931412894376,MEAN,Mean,ITU_GCI,Global Cybersecurity Index,0,Units,IX,Index,602,CCYY,A,Normal value,PU,Public
datastructure,WB.DATA360:DS_DATA360(1.2),I,A,Annual,SRB,Serbia,ITU_GCI_TECH_SCORE,Technical Score - TS (ITU GCI),_T,Total,_T,All age ranges or no breakdown by age,_T,Total,0_TO_20,0-20 scale,_Z,Not Applicable,_Z,Not Applicable,_Z,Not Applicable,2020,18.993278463648835,MEAN,Mean,ITU_GCI,Global Cybersecurity Index,0,Units,IX,Index,602,CCYY,A,Normal value,PU,Public
datastructure,WB.DATA360:DS_DATA360(1.2),I,A,Annual,SYC,Seychelles,ITU_GCI_TECH_SCORE,Technical Score - TS (ITU GCI),_T,Total,_T,All age ranges or no breakdown by age,_T,Total,0_TO_20,0-20 scale,_Z,Not Applicable,_Z,Not Applicable,_Z,Not Applicable,2020,0.0,MEAN,Mean,ITU_GCI,Global Cybersecurity Index,0,Units,IX,Index,602,CCYY,A,Normal value,PU,Public
datastructure,WB.DATA360:DS_DATA360(1.2),I,A,Annual,SLE,Sierra Leone,ITU_GCI_TECH_SCORE,Technical Score - TS (ITU GCI),_T,Total,_T,All age ranges or no breakdown by age,_T,Total,0_TO_20,0-20 scale,_Z,Not Applicable,_Z,Not Applicable,_Z,Not Applicable,2020,4.111111111111111,MEAN,Mean,ITU_GCI,Global Cybersecurity Index,0,Units,IX,Index,602,CCYY,A,Normal value,PU,Public
datastructure,WB.DATA360:DS_DATA360(1.2),I,A,Annual,SGP,Singapore,ITU_GCI_TECH_SCORE,Technical Score - TS (ITU GCI),_T,Total,_T,All age ranges or no breakdown by age,_T,Total,0_TO_20,0-20 scale,_Z,Not Applicable,_Z,Not Applicable,_Z,Not Applicable,2020,19.539945130315505,MEAN,Mean,ITU_GCI,Global Cybersecurity Index,0,Units,IX,Index,602,CCYY,A,Normal value,PU,Public
datastructure,WB.DATA360:DS_DATA360(1.2),I,A,Annual,SVK,Slovak Republic,ITU_GCI_TECH_SCORE,Technical Score - TS (ITU GCI),_T,Total,_T,All age ranges or no breakdown by age,_T,Total,0_TO_20,0-20 scale,_Z,Not Applicable,_Z,Not Applicable,_Z,Not Applicable,2020,20.0,MEAN,Mean,ITU_GCI,Global Cybersecurity Index,0,Units,IX,Index,602,CCYY,A,Normal value,PU,Public
datastructure,WB.DATA360:DS_DATA360(1.2),I,A,Annual,SVN,Slovenia,ITU_GCI_TECH_SCORE,Technical Score - TS (ITU GCI),_T,Total,_T,All age ranges or no breakdown by age,_T,Total,0_TO_20,0-20 scale,_Z,Not Applicable,_Z,Not Applicable,_Z,Not Applicable,2020,11.377455926433978,MEAN,Mean,ITU_GCI,Global Cybersecurity Index,0,Units,IX,Index,602,CCYY,A,Normal value,PU,Public
datastructure,WB.DATA360:DS_DATA360(1.2),I,A,Annual,SLB,Solomon Islands,ITU_GCI_TECH_SCORE,Technical Score - TS (ITU GCI),_T,Total,_T,All age ranges or no breakdown by age,_T,Total,0_TO_20,0-20 scale,_Z,Not Applicable,_Z,Not Applicable,_Z,Not Applicable,2020,0.0,MEAN,Mean,ITU_GCI,Global Cybersecurity Index,0,Units,IX,Index,602,CCYY,A,Normal value,PU,Public
datastructure,WB.DATA360:DS_DATA360(1.2),I,A,Annual,SOM,Somalia,ITU_GCI_TECH_SCORE,Technical Score - TS (ITU GCI),_T,Total,_T,All age ranges or no breakdown by age,_T,Total,0_TO_20,0-20 scale,_Z,Not Applicable,_Z,Not Applicable,_Z,Not Applicable,2020,3.2508169486358787,MEAN,Mean,ITU_GCI,Global Cybersecurity Index,0,Units,IX,Index,602,CCYY,A,Normal value,PU,Public
datastructure,WB.DATA360:DS_DATA360(1.2),I,A,Annual,ZAF,South Africa,ITU_GCI_TECH_SCORE,Technical Score - TS (ITU GCI),_T,Total,_T,All age ranges or no breakdown by age,_T,Total,0_TO_20,0-20 scale,_Z,Not Applicable,_Z,Not Applicable,_Z,Not Applicable,2020,15.845091195447846,MEAN,Mean,ITU_GCI,Global Cybersecurity Index,0,Units,IX,Index,602,CCYY,A,Normal value,PU,Public
datastructure,WB.DATA360:DS_DATA360(1.2),I,A,Annual,SSD,South Sudan,ITU_GCI_TECH_SCORE,Technical Score - TS (ITU GCI),_T,Total,_T,All age ranges or no breakdown by age,_T,Total,0_TO_20,0-20 scale,_Z,Not Applicable,_Z,Not Applicable,_Z,Not Applicable,2020,0.0,MEAN,Mean,ITU_GCI,Global Cybersecurity Index,0,Units,IX,Index,602,CCYY,A,Normal value,PU,Public
datastructure,WB.DATA360:DS_DATA360(1.2),I,A,Annual,ESP,Spain,ITU_GCI_TECH_SCORE,Technical Score - TS (ITU GCI),_T,Total,_T,All age ranges or no breakdown by age,_T,Total,0_TO_20,0-20 scale,_Z,Not Applicable,_Z,Not Applicable,_Z,Not Applicable,2020,19.539945130315505,MEAN,Mean,ITU_GCI,Global Cybersecurity Index,0,Units,IX,Index,602,CCYY,A,Normal value,PU,Public
datastructure,WB.DATA360:DS_DATA360(1.2),I,A,Annual,LKA,Sri Lanka,ITU_GCI_TECH_SCORE,Technical Score - TS (ITU GCI),_T,Total,_T,All age ranges or no breakdown by age,_T,Total,0_TO_20,0-20 scale,_Z,Not Applicable,_Z,Not Applicable,_Z,Not Applicable,2020,14.153964334705076,MEAN,Mean,ITU_GCI,Global Cybersecurity Index,0,Units,IX,Index,602,CCYY,A,Normal value,PU,Public
datastructure,WB.DATA360:DS_DATA360(1.2),I,A,Annual,PSE,West Bank and Gaza,ITU_GCI_TECH_SCORE,Technical Score - TS (ITU GCI),_T,Total,_T,All age ranges or no breakdown by age,_T,Total,0_TO_20,0-20 scale,_Z,Not Applicable,_Z,Not Applicable,_Z,Not Applicable,2020,11.36376568612508,MEAN,Mean,ITU_GCI,Global Cybersecurity Index,0,Units,IX,Index,602,CCYY,A,Normal value,PU,Public
datastructure,WB.DATA360:DS_DATA360(1.2),I,A,Annual,SDN,Sudan,ITU_GCI_TECH_SCORE,Technical Score - TS (ITU GCI),_T,Total,_T,All age ranges or no breakdown by age,_T,Total,0_TO_20,0-20 scale,_Z,Not Applicable,_Z,Not Applicable,_Z,Not Applicable,2020,13.812969567647206,MEAN,Mean,ITU_GCI,Global Cybersecurity Index,0,Units,IX,Index,602,CCYY,A,Normal value,PU,Public
datastructure,WB.DATA360:DS_DATA360(1.2),I,A,Annual,SUR,Suriname,ITU_GCI_TECH_SCORE,Technical Score - TS (ITU GCI),_T,Total,_T,All age ranges or no breakdown by age,_T,Total,0_TO_20,0-20 scale,_Z,Not Applicable,_Z,Not Applicable,_Z,Not Applicable,2020,7.03645684092872,MEAN,Mean,ITU_GCI,Global Cybersecurity Index,0,Units,IX,Index,602,CCYY,A,Normal value,PU,Public
datastructure,WB.DATA360:DS_DATA360(1.2),I,A,Annual,SWE,Sweden,ITU_GCI_TECH_SCORE,Technical Score - TS (ITU GCI),_T,Total,_T,All age ranges or no breakdown by age,_T,Total,0_TO_20,0-20 scale,_Z,Not Applicable,_Z,Not Applicable,_Z,Not Applicable,2020,18.86241680638114,MEAN,Mean,ITU_GCI,Global Cybersecurity Index,0,Units,IX,Index,602,CCYY,A,Normal value,PU,Public
datastructure,WB.DATA360:DS_DATA360(1.2),I,A,Annual,CHE,Switzerland,ITU_GCI_TECH_SCORE,Technical Score - TS (ITU GCI),_T,Total,_T,All age ranges or no breakdown by age,_T,Total,0_TO_20,0-20 scale,_Z,Not Applicable,_Z,Not Applicable,_Z,Not Applicable,2020,18.84734237667022,MEAN,Mean,ITU_GCI,Global Cybersecurity Index,0,Units,IX,Index,602,CCYY,A,Normal value,PU,Public
datastructure,WB.DATA360:DS_DATA360(1.2),I,A,Annual,SYR,Syrian Arab Republic,ITU_GCI_TECH_SCORE,Technical Score - TS (ITU GCI),_T,Total,_T,All age ranges or no breakdown by age,_T,Total,0_TO_20,0-20 scale,_Z,Not Applicable,_Z,Not Applicable,_Z,Not Applicable,2020,7.851271655743535,MEAN,Mean,ITU_GCI,Global Cybersecurity Index,0,Units,IX,Index,602,CCYY,A,Normal value,PU,Public
datastructure,WB.DATA360:DS_DATA360(1.2),I,A,Annual,TJK,Tajikistan,ITU_GCI_TECH_SCORE,Technical Score - TS (ITU GCI),_T,Total,_T,All age ranges or no breakdown by age,_T,Total,0_TO_20,0-20 scale,_Z,Not Applicable,_Z,Not Applicable,_Z,Not Applicable,2020,0.0,MEAN,Mean,ITU_GCI,Global Cybersecurity Index,0,Units,IX,Index,602,CCYY,A,Normal value,PU,Public
datastructure,WB.DATA360:DS_DATA360(1.2),I,A,Annual,TZA,Tanzania,ITU_GCI_TECH_SCORE,Technical Score - TS (ITU GCI),_T,Total,_T,All age ranges or no breakdown by age,_T,Total,0_TO_20,0-20 scale,_Z,Not Applicable,_Z,Not Applicable,_Z,Not Applicable,2020,18.30776456840929,MEAN,Mean,ITU_GCI,Global Cybersecurity Index,0,Units,IX,Index,602,CCYY,A,Normal value,PU,Public
datastructure,WB.DATA360:DS_DATA360(1.2),I,A,Annual,THA,Thailand,ITU_GCI_TECH_SCORE,Technical Score - TS (ITU GCI),_T,Total,_T,All age ranges or no breakdown by age,_T,Total,0_TO_20,0-20 scale,_Z,Not Applicable,_Z,Not Applicable,_Z,Not Applicable,2020,15.574680688919372,MEAN,Mean,ITU_GCI,Global Cybersecurity Index,0,Units,IX,Index,602,CCYY,A,Normal value,PU,Public
datastructure,WB.DATA360:DS_DATA360(1.2),I,A,Annual,MKD,North Macedonia,ITU_GCI_TECH_SCORE,Technical Score - TS (ITU GCI),_T,Total,_T,All age ranges or no breakdown by age,_T,Total,0_TO_20,0-20 scale,_Z,Not Applicable,_Z,Not Applicable,_Z,Not Applicable,2020,12.365404663923185,MEAN,Mean,ITU_GCI,Global Cybersecurity Index,0,Units,IX,Index,602,CCYY,A,Normal value,PU,Public
datastructure,WB.DATA360:DS_DATA360(1.2),I,A,Annual,TLS,Timor-Leste,ITU_GCI_TECH_SCORE,Technical Score - TS (ITU GCI),_T,Total,_T,All age ranges or no breakdown by age,_T,Total,0_TO_20,0-20 scale,_Z,Not Applicable,_Z,Not Applicable,_Z,Not Applicable,2020,0.0,MEAN,Mean,ITU_GCI,Global Cybersecurity Index,0,Units,IX,Index,602,CCYY,A,Normal value,PU,Public
datastructure,WB.DATA360:DS_DATA360(1.2),I,A,Annual,TGO,Togo,ITU_GCI_TECH_SCORE,Technical Score - TS (ITU GCI),_T,Total,_T,All age ranges or no breakdown by age,_T,Total,0_TO_20,0-20 scale,_Z,Not Applicable,_Z,Not Applicable,_Z,Not Applicable,2020,4.904144693390236,MEAN,Mean,ITU_GCI,Global Cybersecurity Index,0,Units,IX,Index,602,CCYY,A,Normal value,PU,Public
datastructure,WB.DATA360:DS_DATA360(1.2),I,A,Annual,TON,Tonga,ITU_GCI_TECH_SCORE,Technical Score - TS (ITU GCI),_T,Total,_T,All age ranges or no breakdown by age,_T,Total,0_TO_20,0-20 scale,_Z,Not Applicable,_Z,Not Applicable,_Z,Not Applicable,2020,3.269043336889702,MEAN,Mean,ITU_GCI,Global Cybersecurity Index,0,Units,IX,Index,602,CCYY,A,Normal value,PU,Public
datastructure,WB.DATA360:DS_DATA360(1.2),I,A,Annual,TTO,Trinidad and Tobago,ITU_GCI_TECH_SCORE,Technical Score - TS (ITU GCI),_T,Total,_T,All age ranges or no breakdown by age,_T,Total,0_TO_20,0-20 scale,_Z,Not Applicable,_Z,Not Applicable,_Z,Not Applicable,2020,7.377550678250266,MEAN,Mean,ITU_GCI,Global Cybersecurity Index,0,Units,IX,Index,602,CCYY,A,Normal value,PU,Public
datastructure,WB.DATA360:DS_DATA360(1.2),I,A,Annual,TUN,Tunisia,ITU_GCI_TECH_SCORE,Technical Score - TS (ITU GCI),_T,Total,_T,All age ranges or no breakdown by age,_T,Total,0_TO_20,0-20 scale,_Z,Not Applicable,_Z,Not Applicable,_Z,Not Applicable,2020,19.539945130315505,MEAN,Mean,ITU_GCI,Global Cybersecurity Index,0,Units,IX,Index,602,CCYY,A,Normal value,PU,Public
datastructure,WB.DATA360:DS_DATA360(1.2),I,A,Annual,TUR,Turkiye,ITU_GCI_TECH_SCORE,Technical Score - TS (ITU GCI),_T,Total,_T,All age ranges or no breakdown by age,_T,Total,0_TO_20,0-20 scale,_Z,Not Applicable,_Z,Not Applicable,_Z,Not Applicable,2020,19.539945130315505,MEAN,Mean,ITU_GCI,Global Cybersecurity Index,0,Units,IX,Index,602,CCYY,A,Normal value,PU,Public
datastructure,WB.DATA360:DS_DATA360(1.2),I,A,Annual,TKM,Turkmenistan,ITU_GCI_TECH_SCORE,Technical Score - TS (ITU GCI),_T,Total,_T,All age ranges or no breakdown by age,_T,Total,0_TO_20,0-20 scale,_Z,Not Applicable,_Z,Not Applicable,_Z,Not Applicable,2020,0.0,MEAN,Mean,ITU_GCI,Global Cybersecurity Index,0,Units,IX,Index,602,CCYY,A,Normal value,PU,Public
datastructure,WB.DATA360:DS_DATA360(1.2),I,A,Annual,TUV,Tuvalu,ITU_GCI_TECH_SCORE,Technical Score - TS (ITU GCI),_T,Total,_T,All age ranges or no breakdown by age,_T,Total,0_TO_20,0-20 scale,_Z,Not Applicable,_Z,Not Applicable,_Z,Not Applicable,2020,0.0,MEAN,Mean,ITU_GCI,Global Cybersecurity Index,0,Units,IX,Index,602,CCYY,A,Normal value,PU,Public
datastructure,WB.DATA360:DS_DATA360(1.2),I,A,Annual,UGA,Uganda,ITU_GCI_TECH_SCORE,Technical Score - TS (ITU GCI),_T,Total,_T,All age ranges or no breakdown by age,_T,Total,0_TO_20,0-20 scale,_Z,Not Applicable,_Z,Not Applicable,_Z,Not Applicable,2020,14.191001371742114,MEAN,Mean,ITU_GCI,Global Cybersecurity Index,0,Units,IX,Index,602,CCYY,A,Normal value,PU,Public
datastructure,WB.DATA360:DS_DATA360(1.2),I,A,Annual,UKR,Ukraine,ITU_GCI_TECH_SCORE,Technical Score - TS (ITU GCI),_T,Total,_T,All age ranges or no breakdown by age,_T,Total,0_TO_20,0-20 scale,_Z,Not Applicable,_Z,Not Applicable,_Z,Not Applicable,2020,11.598605395518977,MEAN,Mean,ITU_GCI,Global Cybersecurity Index,0,Units,IX,Index,602,CCYY,A,Normal value,PU,Public
datastructure,WB.DATA360:DS_DATA360(1.2),I,A,Annual,ARE,United Arab Emirates,ITU_GCI_TECH_SCORE,Technical Score - TS (ITU GCI),_T,Total,_T,All age ranges or no breakdown by age,_T,Total,0_TO_20,0-20 scale,_Z,Not Applicable,_Z,Not Applicable,_Z,Not Applicable,2020,19.079890260631004,MEAN,Mean,ITU_GCI,Global Cybersecurity Index,0,Units,IX,Index,602,CCYY,A,Normal value,PU,Public
datastructure,WB.DATA360:DS_DATA360(1.2),I,A,Annual,GBR,United Kingdom,ITU_GCI_TECH_SCORE,Technical Score - TS (ITU GCI),_T,Total,_T,All age ranges or no breakdown by age,_T,Total,0_TO_20,0-20 scale,_Z,Not Applicable,_Z,Not Applicable,_Z,Not Applicable,2020,19.539945130315505,MEAN,Mean,ITU_GCI,Global Cybersecurity Index,0,Units,IX,Index,602,CCYY,A,Normal value,PU,Public
datastructure,WB.DATA360:DS_DATA360(1.2),I,A,Annual,USA,United States,ITU_GCI_TECH_SCORE,Technical Score - TS (ITU GCI),_T,Total,_T,All age ranges or no breakdown by age,_T,Total,0_TO_20,0-20 scale,_Z,Not Applicable,_Z,Not Applicable,_Z,Not Applicable,2020,20.0,MEAN,Mean,ITU_GCI,Global Cybersecurity Index,0,Units,IX,Index,602,CCYY,A,Normal value,PU,Public
datastructure,WB.DATA360:DS_DATA360(1.2),I,A,Annual,URY,Uruguay,ITU_GCI_TECH_SCORE,Technical Score - TS (ITU GCI),_T,Total,_T,All age ranges or no breakdown by age,_T,Total,0_TO_20,0-20 scale,_Z,Not Applicable,_Z,Not Applicable,_Z,Not Applicable,2020,18.26777828583041,MEAN,Mean,ITU_GCI,Global Cybersecurity Index,0,Units,IX,Index,602,CCYY,A,Normal value,PU,Public
datastructure,WB.DATA360:DS_DATA360(1.2),I,A,Annual,UZB,Uzbekistan,ITU_GCI_TECH_SCORE,Technical Score - TS (ITU GCI),_T,Total,_T,All age ranges or no breakdown by age,_T,Total,0_TO_20,0-20 scale,_Z,Not Applicable,_Z,Not Applicable,_Z,Not Applicable,2020,12.555637606055988,MEAN,Mean,ITU_GCI,Global Cybersecurity Index,0,Units,IX,Index,602,CCYY,A,Normal value,PU,Public
datastructure,WB.DATA360:DS_DATA360(1.2),I,A,Annual,VUT,Vanuatu,ITU_GCI_TECH_SCORE,Technical Score - TS (ITU GCI),_T,Total,_T,All age ranges or no breakdown by age,_T,Total,0_TO_20,0-20 scale,_Z,Not Applicable,_Z,Not Applicable,_Z,Not Applicable,2020,2.175710003556369,MEAN,Mean,ITU_GCI,Global Cybersecurity Index,0,Units,IX,Index,602,CCYY,A,Normal value,PU,Public
datastructure,WB.DATA360:DS_DATA360(1.2),I,A,Annual,VAT,Holy See (Vatican City State),ITU_GCI_TECH_SCORE,Technical Score - TS (ITU GCI),_T,Total,_T,All age ranges or no breakdown by age,_T,Total,0_TO_20,0-20 scale,_Z,Not Applicable,_Z,Not Applicable,_Z,Not Applicable,2020,0.0,MEAN,Mean,ITU_GCI,Global Cybersecurity Index,0,Units,IX,Index,602,CCYY,A,Normal value,PU,Public
datastructure,WB.DATA360:DS_DATA360(1.2),I,A,Annual,VEN,"Venezuela, RB",ITU_GCI_TECH_SCORE,Technical Score - TS (ITU GCI),_T,Total,_T,All age ranges or no breakdown by age,_T,Total,0_TO_20,0-20 scale,_Z,Not Applicable,_Z,Not Applicable,_Z,Not Applicable,2020,7.672603261697912,MEAN,Mean,ITU_GCI,Global Cybersecurity Index,0,Units,IX,Index,602,CCYY,A,Normal value,PU,Public
datastructure,WB.DATA360:DS_DATA360(1.2),I,A,Annual,VNM,Viet Nam,ITU_GCI_TECH_SCORE,Technical Score - TS (ITU GCI),_T,Total,_T,All age ranges or no breakdown by age,_T,Total,0_TO_20,0-20 scale,_Z,Not Applicable,_Z,Not Applicable,_Z,Not Applicable,2020,16.309974597368285,MEAN,Mean,ITU_GCI,Global Cybersecurity Index,0,Units,IX,Index,602,CCYY,A,Normal value,PU,Public
datastructure,WB.DATA360:DS_DATA360(1.2),I,A,Annual,YEM,"Yemen, Rep.",ITU_GCI_TECH_SCORE,Technical Score - TS (ITU GCI),_T,Total,_T,All age ranges or no breakdown by age,_T,Total,0_TO_20,0-20 scale,_Z,Not Applicable,_Z,Not Applicable,_Z,Not Applicable,2020,0.0,MEAN,Mean,ITU_GCI,Global Cybersecurity Index,0,Units,IX,Index,602,CCYY,A,Normal value,PU,Public
datastructure,WB.DATA360:DS_DATA360(1.2),I,A,Annual,ZMB,Zambia,ITU_GCI_TECH_SCORE,Technical Score - TS (ITU GCI),_T,Total,_T,All age ranges or no breakdown by age,_T,Total,0_TO_20,0-20 scale,_Z,Not Applicable,_Z,Not Applicable,_Z,Not Applicable,2020,13.823869836915105,MEAN,Mean,ITU_GCI,Global Cybersecurity Index,0,Units,IX,Index,602,CCYY,A,Normal value,PU,Public
datastructure,WB.DATA360:DS_DATA360(1.2),I,A,Annual,ZWE,Zimbabwe,ITU_GCI_TECH_SCORE,Technical Score - TS (ITU GCI),_T,Total,_T,All age ranges or no breakdown by age,_T,Total,0_TO_20,0-20 scale,_Z,Not Applicable,_Z,Not Applicable,_Z,Not Applicable,2020,0.0,MEAN,Mean,ITU_GCI,Global Cybersecurity Index,0,Units,IX,Index,602,CCYY,A,Normal value,PU,Public
datastructure,WB.DATA360:DS_DATA360(1.2),I,A,Annual,AFG,Afghanistan,ITU_GCI_TECH_SCORE,Technical Score - TS (ITU GCI),_T,Total,_T,All age ranges or no breakdown by age,_T,Total,0_TO_20,0-20 scale,_Z,Not Applicable,_Z,Not Applicable,_Z,Not Applicable,2024,3.294138908524336,MEAN,Mean,ITU_GCI,Global Cybersecurity Index,0,Units,IX,Index,602,CCYY,A,Normal value,PU,Public
datastructure,WB.DATA360:DS_DATA360(1.2),I,A,Annual,ALB,Albania,ITU_GCI_TECH_SCORE,Technical Score - TS (ITU GCI),_T,Total,_T,All age ranges or no breakdown by age,_T,Total,0_TO_20,0-20 scale,_Z,Not Applicable,_Z,Not Applicable,_Z,Not Applicable,2024,18.378615933412604,MEAN,Mean,ITU_GCI,Global Cybersecurity Index,0,Units,IX,Index,602,CCYY,A,Normal value,PU,Public
datastructure,WB.DATA360:DS_DATA360(1.2),I,A,Annual,DZA,Algeria,ITU_GCI_TECH_SCORE,Technical Score - TS (ITU GCI),_T,Total,_T,All age ranges or no breakdown by age,_T,Total,0_TO_20,0-20 scale,_Z,Not Applicable,_Z,Not Applicable,_Z,Not Applicable,2024,8.565168179399144,MEAN,Mean,ITU_GCI,Global Cybersecurity Index,0,Units,IX,Index,602,CCYY,A,Normal value,PU,Public
datastructure,WB.DATA360:DS_DATA360(1.2),I,A,Annual,AND,Andorra,ITU_GCI_TECH_SCORE,Technical Score - TS (ITU GCI),_T,Total,_T,All age ranges or no breakdown by age,_T,Total,0_TO_20,0-20 scale,_Z,Not Applicable,_Z,Not Applicable,_Z,Not Applicable,2024,15.296551724137933,MEAN,Mean,ITU_GCI,Global Cybersecurity Index,0,Units,IX,Index,602,CCYY,A,Normal value,PU,Public
datastructure,WB.DATA360:DS_DATA360(1.2),I,A,Annual,AGO,Angola,ITU_GCI_TECH_SCORE,Technical Score - TS (ITU GCI),_T,Total,_T,All age ranges or no breakdown by age,_T,Total,0_TO_20,0-20 scale,_Z,Not Applicable,_Z,Not Applicable,_Z,Not Applicable,2024,1.7761403091557666,MEAN,Mean,ITU_GCI,Global Cybersecurity Index,0,Units,IX,Index,602,CCYY,A,Normal value,PU,Public
datastructure,WB.DATA360:DS_DATA360(1.2),I,A,Annual,ATG,Antigua and Barbuda,ITU_GCI_TECH_SCORE,Technical Score - TS (ITU GCI),_T,Total,_T,All age ranges or no breakdown by age,_T,Total,0_TO_20,0-20 scale,_Z,Not Applicable,_Z,Not Applicable,_Z,Not Applicable,2024,0.0,MEAN,Mean,ITU_GCI,Global Cybersecurity Index,0,Units,IX,Index,602,CCYY,A,Normal value,PU,Public
datastructure,WB.DATA360:DS_DATA360(1.2),I,A,Annual,ARG,Argentina,ITU_GCI_TECH_SCORE,Technical Score - TS (ITU GCI),_T,Total,_T,All age ranges or no breakdown by age,_T,Total,0_TO_20,0-20 scale,_Z,Not Applicable,_Z,Not Applicable,_Z,Not Applicable,2024,12.180299666888942,MEAN,Mean,ITU_GCI,Global Cybersecurity Index,0,Units,IX,Index,602,CCYY,A,Normal value,PU,Public
datastructure,WB.DATA360:DS_DATA360(1.2),I,A,Annual,ARM,Armenia,ITU_GCI_TECH_SCORE,Technical Score - TS (ITU GCI),_T,Total,_T,All age ranges or no breakdown by age,_T,Total,0_TO_20,0-20 scale,_Z,Not Applicable,_Z,Not Applicable,_Z,Not Applicable,2024,8.690453459495334,MEAN,Mean,ITU_GCI,Global Cybersecurity Index,0,Units,IX,Index,602,CCYY,A,Normal value,PU,Public
datastructure,WB.DATA360:DS_DATA360(1.2),I,A,Annual,AUS,Australia,ITU_GCI_TECH_SCORE,Technical Score - TS (ITU GCI),_T,Total,_T,All age ranges or no breakdown by age,_T,Total,0_TO_20,0-20 scale,_Z,Not Applicable,_Z,Not Applicable,_Z,Not Applicable,2024,17.953842789761307,MEAN,Mean,ITU_GCI,Global Cybersecurity Index,0,Units,IX,Index,602,CCYY,A,Normal value,PU,Public
datastructure,WB.DATA360:DS_DATA360(1.2),I,A,Annual,AUT,Austria,ITU_GCI_TECH_SCORE,Technical Score - TS (ITU GCI),_T,Total,_T,All age ranges or no breakdown by age,_T,Total,0_TO_20,0-20 scale,_Z,Not Applicable,_Z,Not Applicable,_Z,Not Applicable,2024,18.23121983909773,MEAN,Mean,ITU_GCI,Global Cybersecurity Index,0,Units,IX,Index,602,CCYY,A,Normal value,PU,Public
datastructure,WB.DATA360:DS_DATA360(1.2),I,A,Annual,AZE,Azerbaijan,ITU_GCI_TECH_SCORE,Technical Score - TS (ITU GCI),_T,Total,_T,All age ranges or no breakdown by age,_T,Total,0_TO_20,0-20 scale,_Z,Not Applicable,_Z,Not Applicable,_Z,Not Applicable,2024,18.017574742040743,MEAN,Mean,ITU_GCI,Global Cybersecurity Index,0,Units,IX,Index,602,CCYY,A,Normal value,PU,Public
datastructure,WB.DATA360:DS_DATA360(1.2),I,A,Annual,BHS,"Bahamas, The",ITU_GCI_TECH_SCORE,Technical Score - TS (ITU GCI),_T,Total,_T,All age ranges or no breakdown by age,_T,Total,0_TO_20,0-20 scale,_Z,Not Applicable,_Z,Not Applicable,_Z,Not Applicable,2024,3.22451087293452,MEAN,Mean,ITU_GCI,Global Cybersecurity Index,0,Units,IX,Index,602,CCYY,A,Normal value,PU,Public
datastructure,WB.DATA360:DS_DATA360(1.2),I,A,Annual,BHR,Bahrain,ITU_GCI_TECH_SCORE,Technical Score - TS (ITU GCI),_T,Total,_T,All age ranges or no breakdown by age,_T,Total,0_TO_20,0-20 scale,_Z,Not Applicable,_Z,Not Applicable,_Z,Not Applicable,2024,20.0,MEAN,Mean,ITU_GCI,Global Cybersecurity Index,0,Units,IX,Index,602,CCYY,A,Normal value,PU,Public
datastructure,WB.DATA360:DS_DATA360(1.2),I,A,Annual,BGD,Bangladesh,ITU_GCI_TECH_SCORE,Technical Score - TS (ITU GCI),_T,Total,_T,All age ranges or no breakdown by age,_T,Total,0_TO_20,0-20 scale,_Z,Not Applicable,_Z,Not Applicable,_Z,Not Applicable,2024,20.0,MEAN,Mean,ITU_GCI,Global Cybersecurity Index,0,Units,IX,Index,602,CCYY,A,Normal value,PU,Public
datastructure,WB.DATA360:DS_DATA360(1.2),I,A,Annual,BRB,Barbados,ITU_GCI_TECH_SCORE,Technical Score - TS (ITU GCI),_T,Total,_T,All age ranges or no breakdown by age,_T,Total,0_TO_20,0-20 scale,_Z,Not Applicable,_Z,Not Applicable,_Z,Not Applicable,2024,3.012870392390013,MEAN,Mean,ITU_GCI,Global Cybersecurity Index,0,Units,IX,Index,602,CCYY,A,Normal value,PU,Public
datastructure,WB.DATA360:DS_DATA360(1.2),I,A,Annual,BLR,Belarus,ITU_GCI_TECH_SCORE,Technical Score - TS (ITU GCI),_T,Total,_T,All age ranges or no breakdown by age,_T,Total,0_TO_20,0-20 scale,_Z,Not Applicable,_Z,Not Applicable,_Z,Not Applicable,2024,2.782972651605232,MEAN,Mean,ITU_GCI,Global Cybersecurity Index,0,Units,IX,Index,602,CCYY,A,Normal value,PU,Public
datastructure,WB.DATA360:DS_DATA360(1.2),I,A,Annual,BEL,Belgium,ITU_GCI_TECH_SCORE,Technical Score - TS (ITU GCI),_T,Total,_T,All age ranges or no breakdown by age,_T,Total,0_TO_20,0-20 scale,_Z,Not Applicable,_Z,Not Applicable,_Z,Not Applicable,2024,18.1114556234368,MEAN,Mean,ITU_GCI,Global Cybersecurity Index,0,Units,IX,Index,602,CCYY,A,Normal value,PU,Public
datastructure,WB.DATA360:DS_DATA360(1.2),I,A,Annual,BLZ,Belize,ITU_GCI_TECH_SCORE,Technical Score - TS (ITU GCI),_T,Total,_T,All age ranges or no breakdown by age,_T,Total,0_TO_20,0-20 scale,_Z,Not Applicable,_Z,Not Applicable,_Z,Not Applicable,2024,0.0,MEAN,Mean,ITU_GCI,Global Cybersecurity Index,0,Units,IX,Index,602,CCYY,A,Normal value,PU,Public
datastructure,WB.DATA360:DS_DATA360(1.2),I,A,Annual,BEN,Benin,ITU_GCI_TECH_SCORE,Technical Score - TS (ITU GCI),_T,Total,_T,All age ranges or no breakdown by age,_T,Total,0_TO_20,0-20 scale,_Z,Not Applicable,_Z,Not Applicable,_Z,Not Applicable,2024,19.286690390231897,MEAN,Mean,ITU_GCI,Global Cybersecurity Index,0,Units,IX,Index,602,CCYY,A,Normal value,PU,Public
datastructure,WB.DATA360:DS_DATA360(1.2),I,A,Annual,BTN,Bhutan,ITU_GCI_TECH_SCORE,Technical Score - TS (ITU GCI),_T,Total,_T,All age ranges or no breakdown by age,_T,Total,0_TO_20,0-20 scale,_Z,Not Applicable,_Z,Not Applicable,_Z,Not Applicable,2024,16.43236410679042,MEAN,Mean,ITU_GCI,Global Cybersecurity Index,0,Units,IX,Index,602,CCYY,A,Normal value,PU,Public
datastructure,WB.DATA360:DS_DATA360(1.2),I,A,Annual,BOL,Bolivia,ITU_GCI_TECH_SCORE,Technical Score - TS (ITU GCI),_T,Total,_T,All age ranges or no breakdown by age,_T,Total,0_TO_20,0-20 scale,_Z,Not Applicable,_Z,Not Applicable,_Z,Not Applicable,2024,6.179424921070975,MEAN,Mean,ITU_GCI,Global Cybersecurity Index,0,Units,IX,Index,602,CCYY,A,Normal value,PU,Public
datastructure,WB.DATA360:DS_DATA360(1.2),I,A,Annual,BIH,Bosnia and Herzegovina,ITU_GCI_TECH_SCORE,Technical Score - TS (ITU GCI),_T,Total,_T,All age ranges or no breakdown by age,_T,Total,0_TO_20,0-20 scale,_Z,Not Applicable,_Z,Not Applicable,_Z,Not Applicable,2024,2.7210230179028128,MEAN,Mean,ITU_GCI,Global Cybersecurity Index,0,Units,IX,Index,602,CCYY,A,Normal value,PU,Public
datastructure,WB.DATA360:DS_DATA360(1.2),I,A,Annual,BWA,Botswana,ITU_GCI_TECH_SCORE,Technical Score - TS (ITU GCI),_T,Total,_T,All age ranges or no breakdown by age,_T,Total,0_TO_20,0-20 scale,_Z,Not Applicable,_Z,Not Applicable,_Z,Not Applicable,2024,16.53164608567927,MEAN,Mean,ITU_GCI,Global Cybersecurity Index,0,Units,IX,Index,602,CCYY,A,Normal value,PU,Public
datastructure,WB.DATA360:DS_DATA360(1.2),I,A,Annual,BRA,Brazil,ITU_GCI_TECH_SCORE,Technical Score - TS (ITU GCI),_T,Total,_T,All age ranges or no breakdown by age,_T,Total,0_TO_20,0-20 scale,_Z,Not Applicable,_Z,Not Applicable,_Z,Not Applicable,2024,20.0,MEAN,Mean,ITU_GCI,Global Cybersecurity Index,0,Units,IX,Index,602,CCYY,A,Normal value,PU,Public
datastructure,WB.DATA360:DS_DATA360(1.2),I,A,Annual,BRN,Brunei Darussalam,ITU_GCI_TECH_SCORE,Technical Score - TS (ITU GCI),_T,Total,_T,All age ranges or no breakdown by age,_T,Total,0_TO_20,0-20 scale,_Z,Not Applicable,_Z,Not Applicable,_Z,Not Applicable,2024,14.893936003936204,MEAN,Mean,ITU_GCI,Global Cybersecurity Index,0,Units,IX,Index,602,CCYY,A,Normal value,PU,Public
datastructure,WB.DATA360:DS_DATA360(1.2),I,A,Annual,BGR,Bulgaria,ITU_GCI_TECH_SCORE,Technical Score - TS (ITU GCI),_T,Total,_T,All age ranges or no breakdown by age,_T,Total,0_TO_20,0-20 scale,_Z,Not Applicable,_Z,Not Applicable,_Z,Not Applicable,2024,14.491320283734474,MEAN,Mean,ITU_GCI,Global Cybersecurity Index,0,Units,IX,Index,602,CCYY,A,Normal value,PU,Public
datastructure,WB.DATA360:DS_DATA360(1.2),I,A,Annual,BFA,Burkina Faso,ITU_GCI_TECH_SCORE,Technical Score - TS (ITU GCI),_T,Total,_T,All age ranges or no breakdown by age,_T,Total,0_TO_20,0-20 scale,_Z,Not Applicable,_Z,Not Applicable,_Z,Not Applicable,2024,12.70356285210546,MEAN,Mean,ITU_GCI,Global Cybersecurity Index,0,Units,IX,Index,602,CCYY,A,Normal value,PU,Public
datastructure,WB.DATA360:DS_DATA360(1.2),I,A,Annual,BDI,Burundi,ITU_GCI_TECH_SCORE,Technical Score - TS (ITU GCI),_T,Total,_T,All age ranges or no breakdown by age,_T,Total,0_TO_20,0-20 scale,_Z,Not Applicable,_Z,Not Applicable,_Z,Not Applicable,2024,0.0,MEAN,Mean,ITU_GCI,Global Cybersecurity Index,0,Units,IX,Index,602,CCYY,A,Normal value,PU,Public
datastructure,WB.DATA360:DS_DATA360(1.2),I,A,Annual,CPV,Cabo Verde,ITU_GCI_TECH_SCORE,Technical Score - TS (ITU GCI),_T,Total,_T,All age ranges or no breakdown by age,_T,Total,0_TO_20,0-20 scale,_Z,Not Applicable,_Z,Not Applicable,_Z,Not Applicable,2024,7.915624256837099,MEAN,Mean,ITU_GCI,Global Cybersecurity Index,0,Units,IX,Index,602,CCYY,A,Normal value,PU,Public
datastructure,WB.DATA360:DS_DATA360(1.2),I,A,Annual,KHM,Cambodia,ITU_GCI_TECH_SCORE,Technical Score - TS (ITU GCI),_T,Total,_T,All age ranges or no breakdown by age,_T,Total,0_TO_20,0-20 scale,_Z,Not Applicable,_Z,Not Applicable,_Z,Not Applicable,2024,4.55804085448358,MEAN,Mean,ITU_GCI,Global Cybersecurity Index,0,Units,IX,Index,602,CCYY,A,Normal value,PU,Public
datastructure,WB.DATA360:DS_DATA360(1.2),I,A,Annual,CMR,Cameroon,ITU_GCI_TECH_SCORE,Technical Score - TS (ITU GCI),_T,Total,_T,All age ranges or no breakdown by age,_T,Total,0_TO_20,0-20 scale,_Z,Not Applicable,_Z,Not Applicable,_Z,Not Applicable,2024,6.179424921070975,MEAN,Mean,ITU_GCI,Global Cybersecurity Index,0,Units,IX,Index,602,CCYY,A,Normal value,PU,Public
datastructure,WB.DATA360:DS_DATA360(1.2),I,A,Annual,CAN,Canada,ITU_GCI_TECH_SCORE,Technical Score - TS (ITU GCI),_T,Total,_T,All age ranges or no breakdown by age,_T,Total,0_TO_20,0-20 scale,_Z,Not Applicable,_Z,Not Applicable,_Z,Not Applicable,2024,15.296551724137933,MEAN,Mean,ITU_GCI,Global Cybersecurity Index,0,Units,IX,Index,602,CCYY,A,Normal value,PU,Public
datastructure,WB.DATA360:DS_DATA360(1.2),I,A,Annual,CAF,Central African Republic,ITU_GCI_TECH_SCORE,Technical Score - TS (ITU GCI),_T,Total,_T,All age ranges or no breakdown by age,_T,Total,0_TO_20,0-20 scale,_Z,Not Applicable,_Z,Not Applicable,_Z,Not Applicable,2024,0.0,MEAN,Mean,ITU_GCI,Global Cybersecurity Index,0,Units,IX,Index,602,CCYY,A,Normal value,PU,Public
datastructure,WB.DATA360:DS_DATA360(1.2),I,A,Annual,TCD,Chad,ITU_GCI_TECH_SCORE,Technical Score - TS (ITU GCI),_T,Total,_T,All age ranges or no breakdown by age,_T,Total,0_TO_20,0-20 scale,_Z,Not Applicable,_Z,Not Applicable,_Z,Not Applicable,2024,3.167626634958383,MEAN,Mean,ITU_GCI,Global Cybersecurity Index,0,Units,IX,Index,602,CCYY,A,Normal value,PU,Public
datastructure,WB.DATA360:DS_DATA360(1.2),I,A,Annual,CHL,Chile,ITU_GCI_TECH_SCORE,Technical Score - TS (ITU GCI),_T,Total,_T,All age ranges or no breakdown by age,_T,Total,0_TO_20,0-20 scale,_Z,Not Applicable,_Z,Not Applicable,_Z,Not Applicable,2024,13.810623067776458,MEAN,Mean,ITU_GCI,Global Cybersecurity Index,0,Units,IX,Index,602,CCYY,A,Normal value,PU,Public
datastructure,WB.DATA360:DS_DATA360(1.2),I,A,Annual,CHN,China,ITU_GCI_TECH_SCORE,Technical Score - TS (ITU GCI),_T,Total,_T,All age ranges or no breakdown by age,_T,Total,0_TO_20,0-20 scale,_Z,Not Applicable,_Z,Not Applicable,_Z,Not Applicable,2024,17.142779941063953,MEAN,Mean,ITU_GCI,Global Cybersecurity Index,0,Units,IX,Index,602,CCYY,A,Normal value,PU,Public
datastructure,WB.DATA360:DS_DATA360(1.2),I,A,Annual,COL,Colombia,ITU_GCI_TECH_SCORE,Technical Score - TS (ITU GCI),_T,Total,_T,All age ranges or no breakdown by age,_T,Total,0_TO_20,0-20 scale,_Z,Not Applicable,_Z,Not Applicable,_Z,Not Applicable,2024,16.222911246873593,MEAN,Mean,ITU_GCI,Global Cybersecurity Index,0,Units,IX,Index,602,CCYY,A,Normal value,PU,Public
datastructure,WB.DATA360:DS_DATA360(1.2),I,A,Annual,COM,Comoros,ITU_GCI_TECH_SCORE,Technical Score - TS (ITU GCI),_T,Total,_T,All age ranges or no breakdown by age,_T,Total,0_TO_20,0-20 scale,_Z,Not Applicable,_Z,Not Applicable,_Z,Not Applicable,2024,7.915624256837099,MEAN,Mean,ITU_GCI,Global Cybersecurity Index,0,Units,IX,Index,602,CCYY,A,Normal value,PU,Public
datastructure,WB.DATA360:DS_DATA360(1.2),I,A,Annual,COG,"Congo, Rep.",ITU_GCI_TECH_SCORE,Technical Score - TS (ITU GCI),_T,Total,_T,All age ranges or no breakdown by age,_T,Total,0_TO_20,0-20 scale,_Z,Not Applicable,_Z,Not Applicable,_Z,Not Applicable,2024,0.0,MEAN,Mean,ITU_GCI,Global Cybersecurity Index,0,Units,IX,Index,602,CCYY,A,Normal value,PU,Public
datastructure,WB.DATA360:DS_DATA360(1.2),I,A,Annual,CRI,Costa Rica,ITU_GCI_TECH_SCORE,Technical Score - TS (ITU GCI),_T,Total,_T,All age ranges or no breakdown by age,_T,Total,0_TO_20,0-20 scale,_Z,Not Applicable,_Z,Not Applicable,_Z,Not Applicable,2024,9.314981613022264,MEAN,Mean,ITU_GCI,Global Cybersecurity Index,0,Units,IX,Index,602,CCYY,A,Normal value,PU,Public
datastructure,WB.DATA360:DS_DATA360(1.2),I,A,Annual,CIV,Cote d'Ivoire,ITU_GCI_TECH_SCORE,Technical Score - TS (ITU GCI),_T,Total,_T,All age ranges or no breakdown by age,_T,Total,0_TO_20,0-20 scale,_Z,Not Applicable,_Z,Not Applicable,_Z,Not Applicable,2024,15.296551724137933,MEAN,Mean,ITU_GCI,Global Cybersecurity Index,0,Units,IX,Index,602,CCYY,A,Normal value,PU,Public
datastructure,WB.DATA360:DS_DATA360(1.2),I,A,Annual,HRV,Croatia,ITU_GCI_TECH_SCORE,Technical Score - TS (ITU GCI),_T,Total,_T,All age ranges or no breakdown by age,_T,Total,0_TO_20,0-20 scale,_Z,Not Applicable,_Z,Not Applicable,_Z,Not Applicable,2024,17.925652911405386,MEAN,Mean,ITU_GCI,Global Cybersecurity Index,0,Units,IX,Index,602,CCYY,A,Normal value,PU,Public
datastructure,WB.DATA360:DS_DATA360(1.2),I,A,Annual,CUB,Cuba,ITU_GCI_TECH_SCORE,Technical Score - TS (ITU GCI),_T,Total,_T,All age ranges or no breakdown by age,_T,Total,0_TO_20,0-20 scale,_Z,Not Applicable,_Z,Not Applicable,_Z,Not Applicable,2024,14.65307302532828,MEAN,Mean,ITU_GCI,Global Cybersecurity Index,0,Units,IX,Index,602,CCYY,A,Normal value,PU,Public
datastructure,WB.DATA360:DS_DATA360(1.2),I,A,Annual,CYP,Cyprus,ITU_GCI_TECH_SCORE,Technical Score - TS (ITU GCI),_T,Total,_T,All age ranges or no breakdown by age,_T,Total,0_TO_20,0-20 scale,_Z,Not Applicable,_Z,Not Applicable,_Z,Not Applicable,2024,19.378612220867254,MEAN,Mean,ITU_GCI,Global Cybersecurity Index,0,Units,IX,Index,602,CCYY,A,Normal value,PU,Public
datastructure,WB.DATA360:DS_DATA360(1.2),I,A,Annual,CZE,Czechia,ITU_GCI_TECH_SCORE,Technical Score - TS (ITU GCI),_T,Total,_T,All age ranges or no breakdown by age,_T,Total,0_TO_20,0-20 scale,_Z,Not Applicable,_Z,Not Applicable,_Z,Not Applicable,2024,15.296551724137933,MEAN,Mean,ITU_GCI,Global Cybersecurity Index,0,Units,IX,Index,602,CCYY,A,Normal value,PU,Public
datastructure,WB.DATA360:DS_DATA360(1.2),I,A,Annual,PRK,"Korea, Dem. People's Rep.",ITU_GCI_TECH_SCORE,Technical Score - TS (ITU GCI),_T,Total,_T,All age ranges or no breakdown by age,_T,Total,0_TO_20,0-20 scale,_Z,Not Applicable,_Z,Not Applicable,_Z,Not Applicable,2024,0.0,MEAN,Mean,ITU_GCI,Global Cybersecurity Index,0,Units,IX,Index,602,CCYY,A,Normal value,PU,Public
datastructure,WB.DATA360:DS_DATA360(1.2),I,A,Annual,COD,"Congo, Dem. Rep.",ITU_GCI_TECH_SCORE,Technical Score - TS (ITU GCI),_T,Total,_T,All age ranges or no breakdown by age,_T,Total,0_TO_20,0-20 scale,_Z,Not Applicable,_Z,Not Applicable,_Z,Not Applicable,2024,5.454933201033253,MEAN,Mean,ITU_GCI,Global Cybersecurity Index,0,Units,IX,Index,602,CCYY,A,Normal value,PU,Public
datastructure,WB.DATA360:DS_DATA360(1.2),I,A,Annual,DNK,Denmark,ITU_GCI_TECH_SCORE,Technical Score - TS (ITU GCI),_T,Total,_T,All age ranges or no breakdown by age,_T,Total,0_TO_20,0-20 scale,_Z,Not Applicable,_Z,Not Applicable,_Z,Not Applicable,2024,20.0,MEAN,Mean,ITU_GCI,Global Cybersecurity Index,0,Units,IX,Index,602,CCYY,A,Normal value,PU,Public
datastructure,WB.DATA360:DS_DATA360(1.2),I,A,Annual,DJI,Djibouti,ITU_GCI_TECH_SCORE,Technical Score - TS (ITU GCI),_T,Total,_T,All age ranges or no breakdown by age,_T,Total,0_TO_20,0-20 scale,_Z,Not Applicable,_Z,Not Applicable,_Z,Not Applicable,2024,3.5357083406453738,MEAN,Mean,ITU_GCI,Global Cybersecurity Index,0,Units,IX,Index,602,CCYY,A,Normal value,PU,Public
datastructure,WB.DATA360:DS_DATA360(1.2),I,A,Annual,DMA,Dominica,ITU_GCI_TECH_SCORE,Technical Score - TS (ITU GCI),_T,Total,_T,All age ranges or no breakdown by age,_T,Total,0_TO_20,0-20 scale,_Z,Not Applicable,_Z,Not Applicable,_Z,Not Applicable,2024,0.0,MEAN,Mean,ITU_GCI,Global Cybersecurity Index,0,Units,IX,Index,602,CCYY,A,Normal value,PU,Public
datastructure,WB.DATA360:DS_DATA360(1.2),I,A,Annual,DOM,Dominican Republic,ITU_GCI_TECH_SCORE,Technical Score - TS (ITU GCI),_T,Total,_T,All age ranges or no breakdown by age,_T,Total,0_TO_20,0-20 scale,_Z,Not Applicable,_Z,Not Applicable,_Z,Not Applicable,2024,15.7415914436291,MEAN,Mean,ITU_GCI,Global Cybersecurity Index,0,Units,IX,Index,602,CCYY,A,Normal value,PU,Public
datastructure,WB.DATA360:DS_DATA360(1.2),I,A,Annual,ECU,Ecuador,ITU_GCI_TECH_SCORE,Technical Score - TS (ITU GCI),_T,Total,_T,All age ranges or no breakdown by age,_T,Total,0_TO_20,0-20 scale,_Z,Not Applicable,_Z,Not Applicable,_Z,Not Applicable,2024,17.89268356450578,MEAN,Mean,ITU_GCI,Global Cybersecurity Index,0,Units,IX,Index,602,CCYY,A,Normal value,PU,Public
datastructure,WB.DATA360:DS_DATA360(1.2),I,A,Annual,EGY,"Egypt, Arab Rep.",ITU_GCI_TECH_SCORE,Technical Score - TS (ITU GCI),_T,Total,_T,All age ranges or no breakdown by age,_T,Total,0_TO_20,0-20 scale,_Z,Not Applicable,_Z,Not Applicable,_Z,Not Applicable,2024,20.0,MEAN,Mean,ITU_GCI,Global Cybersecurity Index,0,Units,IX,Index,602,CCYY,A,Normal value,PU,Public
datastructure,WB.DATA360:DS_DATA360(1.2),I,A,Annual,SLV,El Salvador,ITU_GCI_TECH_SCORE,Technical Score - TS (ITU GCI),_T,Total,_T,All age ranges or no breakdown by age,_T,Total,0_TO_20,0-20 scale,_Z,Not Applicable,_Z,Not Applicable,_Z,Not Applicable,2024,0.0,MEAN,Mean,ITU_GCI,Global Cybersecurity Index,0,Units,IX,Index,602,CCYY,A,Normal value,PU,Public
datastructure,WB.DATA360:DS_DATA360(1.2),I,A,Annual,GNQ,Equatorial Guinea,ITU_GCI_TECH_SCORE,Technical Score - TS (ITU GCI),_T,Total,_T,All age ranges or no breakdown by age,_T,Total,0_TO_20,0-20 scale,_Z,Not Applicable,_Z,Not Applicable,_Z,Not Applicable,2024,1.391486325802616,MEAN,Mean,ITU_GCI,Global Cybersecurity Index,0,Units,IX,Index,602,CCYY,A,Normal value,PU,Public
datastructure,WB.DATA360:DS_DATA360(1.2),I,A,Annual,ERI,Eritrea,ITU_GCI_TECH_SCORE,Technical Score - TS (ITU GCI),_T,Total,_T,All age ranges or no breakdown by age,_T,Total,0_TO_20,0-20 scale,_Z,Not Applicable,_Z,Not Applicable,_Z,Not Applicable,2024,0.0,MEAN,Mean,ITU_GCI,Global Cybersecurity Index,0,Units,IX,Index,602,CCYY,A,Normal value,PU,Public
datastructure,WB.DATA360:DS_DATA360(1.2),I,A,Annual,EST,Estonia,ITU_GCI_TECH_SCORE,Technical Score - TS (ITU GCI),_T,Total,_T,All age ranges or no breakdown by age,_T,Total,0_TO_20,0-20 scale,_Z,Not Applicable,_Z,Not Applicable,_Z,Not Applicable,2024,15.296551724137933,MEAN,Mean,ITU_GCI,Global Cybersecurity Index,0,Units,IX,Index,602,CCYY,A,Normal value,PU,Public
datastructure,WB.DATA360:DS_DATA360(1.2),I,A,Annual,SWZ,Eswatini,ITU_GCI_TECH_SCORE,Technical Score - TS (ITU GCI),_T,Total,_T,All age ranges or no breakdown by age,_T,Total,0_TO_20,0-20 scale,_Z,Not Applicable,_Z,Not Applicable,_Z,Not Applicable,2024,14.962901562200646,MEAN,Mean,ITU_GCI,Global Cybersecurity Index,0,Units,IX,Index,602,CCYY,A,Normal value,PU,Public
datastructure,WB.DATA360:DS_DATA360(1.2),I,A,Annual,ETH,Ethiopia,ITU_GCI_TECH_SCORE,Technical Score - TS (ITU GCI),_T,Total,_T,All age ranges or no breakdown by age,_T,Total,0_TO_20,0-20 scale,_Z,Not Applicable,_Z,Not Applicable,_Z,Not Applicable,2024,14.365903136324404,MEAN,Mean,ITU_GCI,Global Cybersecurity Index,0,Units,IX,Index,602,CCYY,A,Normal value,PU,Public
datastructure,WB.DATA360:DS_DATA360(1.2),I,A,Annual,FJI,Fiji,ITU_GCI_TECH_SCORE,Technical Score - TS (ITU GCI),_T,Total,_T,All age ranges or no breakdown by age,_T,Total,0_TO_20,0-20 scale,_Z,Not Applicable,_Z,Not Applicable,_Z,Not Applicable,2024,1.391486325802616,MEAN,Mean,ITU_GCI,Global Cybersecurity Index,0,Units,IX,Index,602,CCYY,A,Normal value,PU,Public
datastructure,WB.DATA360:DS_DATA360(1.2),I,A,Annual,FIN,Finland,ITU_GCI_TECH_SCORE,Technical Score - TS (ITU GCI),_T,Total,_T,All age ranges or no breakdown by age,_T,Total,0_TO_20,0-20 scale,_Z,Not Applicable,_Z,Not Applicable,_Z,Not Applicable,2024,20.0,MEAN,Mean,ITU_GCI,Global Cybersecurity Index,0,Units,IX,Index,602,CCYY,A,Normal value,PU,Public
datastructure,WB.DATA360:DS_DATA360(1.2),I,A,Annual,FRA,France,ITU_GCI_TECH_SCORE,Technical Score - TS (ITU GCI),_T,Total,_T,All age ranges or no breakdown by age,_T,Total,0_TO_20,0-20 scale,_Z,Not Applicable,_Z,Not Applicable,_Z,Not Applicable,2024,18.9776674861618,MEAN,Mean,ITU_GCI,Global Cybersecurity Index,0,Units,IX,Index,602,CCYY,A,Normal value,PU,Public
datastructure,WB.DATA360:DS_DATA360(1.2),I,A,Annual,GAB,Gabon,ITU_GCI_TECH_SCORE,Technical Score - TS (ITU GCI),_T,Total,_T,All age ranges or no breakdown by age,_T,Total,0_TO_20,0-20 scale,_Z,Not Applicable,_Z,Not Applicable,_Z,Not Applicable,2024,0.0,MEAN,Mean,ITU_GCI,Global Cybersecurity Index,0,Units,IX,Index,602,CCYY,A,Normal value,PU,Public
datastructure,WB.DATA360:DS_DATA360(1.2),I,A,Annual,GMB,"Gambia, The",ITU_GCI_TECH_SCORE,Technical Score - TS (ITU GCI),_T,Total,_T,All age ranges or no breakdown by age,_T,Total,0_TO_20,0-20 scale,_Z,Not Applicable,_Z,Not Applicable,_Z,Not Applicable,2024,10.335372602402725,MEAN,Mean,ITU_GCI,Global Cybersecurity Index,0,Units,IX,Index,602,CCYY,A,Normal value,PU,Public
datastructure,WB.DATA360:DS_DATA360(1.2),I,A,Annual,GEO,Georgia,ITU_GCI_TECH_SCORE,Technical Score - TS (ITU GCI),_T,Total,_T,All age ranges or no breakdown by age,_T,Total,0_TO_20,0-20 scale,_Z,Not Applicable,_Z,Not Applicable,_Z,Not Applicable,2024,19.25009637655817,MEAN,Mean,ITU_GCI,Global Cybersecurity Index,0,Units,IX,Index,602,CCYY,A,Normal value,PU,Public
datastructure,WB.DATA360:DS_DATA360(1.2),I,A,Annual,DEU,Germany,ITU_GCI_TECH_SCORE,Technical Score - TS (ITU GCI),_T,Total,_T,All age ranges or no breakdown by age,_T,Total,0_TO_20,0-20 scale,_Z,Not Applicable,_Z,Not Applicable,_Z,Not Applicable,2024,17.931305843154526,MEAN,Mean,ITU_GCI,Global Cybersecurity Index,0,Units,IX,Index,602,CCYY,A,Normal value,PU,Public
datastructure,WB.DATA360:DS_DATA360(1.2),I,A,Annual,GHA,Ghana,ITU_GCI_TECH_SCORE,Technical Score - TS (ITU GCI),_T,Total,_T,All age ranges or no breakdown by age,_T,Total,0_TO_20,0-20 scale,_Z,Not Applicable,_Z,Not Applicable,_Z,Not Applicable,2024,20.0,MEAN,Mean,ITU_GCI,Global Cybersecurity Index,0,Units,IX,Index,602,CCYY,A,Normal value,PU,Public
datastructure,WB.DATA360:DS_DATA360(1.2),I,A,Annual,GRC,Greece,ITU_GCI_TECH_SCORE,Technical Score - TS (ITU GCI),_T,Total,_T,All age ranges or no breakdown by age,_T,Total,0_TO_20,0-20 scale,_Z,Not Applicable,_Z,Not Applicable,_Z,Not Applicable,2024,20.0,MEAN,Mean,ITU_GCI,Global Cybersecurity Index,0,Units,IX,Index,602,CCYY,A,Normal value,PU,Public
datastructure,WB.DATA360:DS_DATA360(1.2),I,A,Annual,GRD,Grenada,ITU_GCI_TECH_SCORE,Technical Score - TS (ITU GCI),_T,Total,_T,All age ranges or no breakdown by age,_T,Total,0_TO_20,0-20 scale,_Z,Not Applicable,_Z,Not Applicable,_Z,Not Applicable,2024,4.55804085448358,MEAN,Mean,ITU_GCI,Global Cybersecurity Index,0,Units,IX,Index,602,CCYY,A,Normal value,PU,Public
datastructure,WB.DATA360:DS_DATA360(1.2),I,A,Annual,GTM,Guatemala,ITU_GCI_TECH_SCORE,Technical Score - TS (ITU GCI),_T,Total,_T,All age ranges or no breakdown by age,_T,Total,0_TO_20,0-20 scale,_Z,Not Applicable,_Z,Not Applicable,_Z,Not Applicable,2024,3.765606081430154,MEAN,Mean,ITU_GCI,Global Cybersecurity Index,0,Units,IX,Index,602,CCYY,A,Normal value,PU,Public
datastructure,WB.DATA360:DS_DATA360(1.2),I,A,Annual,GIN,Guinea,ITU_GCI_TECH_SCORE,Technical Score - TS (ITU GCI),_T,Total,_T,All age ranges or no breakdown by age,_T,Total,0_TO_20,0-20 scale,_Z,Not Applicable,_Z,Not Applicable,_Z,Not Applicable,2024,3.978318668252081,MEAN,Mean,ITU_GCI,Global Cybersecurity Index,0,Units,IX,Index,602,CCYY,A,Normal value,PU,Public
datastructure,WB.DATA360:DS_DATA360(1.2),I,A,Annual,GNB,Guinea-Bissau,ITU_GCI_TECH_SCORE,Technical Score - TS (ITU GCI),_T,Total,_T,All age ranges or no breakdown by age,_T,Total,0_TO_20,0-20 scale,_Z,Not Applicable,_Z,Not Applicable,_Z,Not Applicable,2024,0.0,MEAN,Mean,ITU_GCI,Global Cybersecurity Index,0,Units,IX,Index,602,CCYY,A,Normal value,PU,Public
datastructure,WB.DATA360:DS_DATA360(1.2),I,A,Annual,GUY,Guyana,ITU_GCI_TECH_SCORE,Technical Score - TS (ITU GCI),_T,Total,_T,All age ranges or no breakdown by age,_T,Total,0_TO_20,0-20 scale,_Z,Not Applicable,_Z,Not Applicable,_Z,Not Applicable,2024,7.955565230226743,MEAN,Mean,ITU_GCI,Global Cybersecurity Index,0,Units,IX,Index,602,CCYY,A,Normal value,PU,Public
datastructure,WB.DATA360:DS_DATA360(1.2),I,A,Annual,HTI,Haiti,ITU_GCI_TECH_SCORE,Technical Score - TS (ITU GCI),_T,Total,_T,All age ranges or no breakdown by age,_T,Total,0_TO_20,0-20 scale,_Z,Not Applicable,_Z,Not Applicable,_Z,Not Applicable,2024,0.0,MEAN,Mean,ITU_GCI,Global Cybersecurity Index,0,Units,IX,Index,602,CCYY,A,Normal value,PU,Public
datastructure,WB.DATA360:DS_DATA360(1.2),I,A,Annual,HND,Honduras,ITU_GCI_TECH_SCORE,Technical Score - TS (ITU GCI),_T,Total,_T,All age ranges or no breakdown by age,_T,Total,0_TO_20,0-20 scale,_Z,Not Applicable,_Z,Not Applicable,_Z,Not Applicable,2024,0.0,MEAN,Mean,ITU_GCI,Global Cybersecurity Index,0,Units,IX,Index,602,CCYY,A,Normal value,PU,Public
datastructure,WB.DATA360:DS_DATA360(1.2),I,A,Annual,HUN,Hungary,ITU_GCI_TECH_SCORE,Technical Score - TS (ITU GCI),_T,Total,_T,All age ranges or no breakdown by age,_T,Total,0_TO_20,0-20 scale,_Z,Not Applicable,_Z,Not Applicable,_Z,Not Applicable,2024,19.378612220867254,MEAN,Mean,ITU_GCI,Global Cybersecurity Index,0,Units,IX,Index,602,CCYY,A,Normal value,PU,Public
datastructure,WB.DATA360:DS_DATA360(1.2),I,A,Annual,ISL,Iceland,ITU_GCI_TECH_SCORE,Technical Score - TS (ITU GCI),_T,Total,_T,All age ranges or no breakdown by age,_T,Total,0_TO_20,0-20 scale,_Z,Not Applicable,_Z,Not Applicable,_Z,Not Applicable,2024,20.0,MEAN,Mean,ITU_GCI,Global Cybersecurity Index,0,Units,IX,Index,602,CCYY,A,Normal value,PU,Public
datastructure,WB.DATA360:DS_DATA360(1.2),I,A,Annual,IND,India,ITU_GCI_TECH_SCORE,Technical Score - TS (ITU GCI),_T,Total,_T,All age ranges or no breakdown by age,_T,Total,0_TO_20,0-20 scale,_Z,Not Applicable,_Z,Not Applicable,_Z,Not Applicable,2024,20.0,MEAN,Mean,ITU_GCI,Global Cybersecurity Index,0,Units,IX,Index,602,CCYY,A,Normal value,PU,Public
datastructure,WB.DATA360:DS_DATA360(1.2),I,A,Annual,IDN,Indonesia,ITU_GCI_TECH_SCORE,Technical Score - TS (ITU GCI),_T,Total,_T,All age ranges or no breakdown by age,_T,Total,0_TO_20,0-20 scale,_Z,Not Applicable,_Z,Not Applicable,_Z,Not Applicable,2024,20.0,MEAN,Mean,ITU_GCI,Global Cybersecurity Index,0,Units,IX,Index,602,CCYY,A,Normal value,PU,Public
datastructure,WB.DATA360:DS_DATA360(1.2),I,A,Annual,IRN,"Iran, Islamic Rep.",ITU_GCI_TECH_SCORE,Technical Score - TS (ITU GCI),_T,Total,_T,All age ranges or no breakdown by age,_T,Total,0_TO_20,0-20 scale,_Z,Not Applicable,_Z,Not Applicable,_Z,Not Applicable,2024,14.491320283734474,MEAN,Mean,ITU_GCI,Global Cybersecurity Index,0,Units,IX,Index,602,CCYY,A,Normal value,PU,Public
datastructure,WB.DATA360:DS_DATA360(1.2),I,A,Annual,IRQ,Iraq,ITU_GCI_TECH_SCORE,Technical Score - TS (ITU GCI),_T,Total,_T,All age ranges or no breakdown by age,_T,Total,0_TO_20,0-20 scale,_Z,Not Applicable,_Z,Not Applicable,_Z,Not Applicable,2024,9.596250129156587,MEAN,Mean,ITU_GCI,Global Cybersecurity Index,0,Units,IX,Index,602,CCYY,A,Normal value,PU,Public
datastructure,WB.DATA360:DS_DATA360(1.2),I,A,Annual,IRL,Ireland,ITU_GCI_TECH_SCORE,Technical Score - TS (ITU GCI),_T,Total,_T,All age ranges or no breakdown by age,_T,Total,0_TO_20,0-20 scale,_Z,Not Applicable,_Z,Not Applicable,_Z,Not Applicable,2024,13.520411414982169,MEAN,Mean,ITU_GCI,Global Cybersecurity Index,0,Units,IX,Index,602,CCYY,A,Normal value,PU,Public
datastructure,WB.DATA360:DS_DATA360(1.2),I,A,Annual,ISR,Israel,ITU_GCI_TECH_SCORE,Technical Score - TS (ITU GCI),_T,Total,_T,All age ranges or no breakdown by age,_T,Total,0_TO_20,0-20 scale,_Z,Not Applicable,_Z,Not Applicable,_Z,Not Applicable,2024,17.8674496764935,MEAN,Mean,ITU_GCI,Global Cybersecurity Index,0,Units,IX,Index,602,CCYY,A,Normal value,PU,Public
datastructure,WB.DATA360:DS_DATA360(1.2),I,A,Annual,ITA,Italy,ITU_GCI_TECH_SCORE,Technical Score - TS (ITU GCI),_T,Total,_T,All age ranges or no breakdown by age,_T,Total,0_TO_20,0-20 scale,_Z,Not Applicable,_Z,Not Applicable,_Z,Not Applicable,2024,20.0,MEAN,Mean,ITU_GCI,Global Cybersecurity Index,0,Units,IX,Index,602,CCYY,A,Normal value,PU,Public
datastructure,WB.DATA360:DS_DATA360(1.2),I,A,Annual,JAM,Jamaica,ITU_GCI_TECH_SCORE,Technical Score - TS (ITU GCI),_T,Total,_T,All age ranges or no breakdown by age,_T,Total,0_TO_20,0-20 scale,_Z,Not Applicable,_Z,Not Applicable,_Z,Not Applicable,2024,6.582040641272706,MEAN,Mean,ITU_GCI,Global Cybersecurity Index,0,Units,IX,Index,602,CCYY,A,Normal value,PU,Public
datastructure,WB.DATA360:DS_DATA360(1.2),I,A,Annual,JPN,Japan,ITU_GCI_TECH_SCORE,Technical Score - TS (ITU GCI),_T,Total,_T,All age ranges or no breakdown by age,_T,Total,0_TO_20,0-20 scale,_Z,Not Applicable,_Z,Not Applicable,_Z,Not Applicable,2024,19.59738427979827,MEAN,Mean,ITU_GCI,Global Cybersecurity Index,0,Units,IX,Index,602,CCYY,A,Normal value,PU,Public
datastructure,WB.DATA360:DS_DATA360(1.2),I,A,Annual,JOR,Jordan,ITU_GCI_TECH_SCORE,Technical Score - TS (ITU GCI),_T,Total,_T,All age ranges or no breakdown by age,_T,Total,0_TO_20,0-20 scale,_Z,Not Applicable,_Z,Not Applicable,_Z,Not Applicable,2024,19.378612220867254,MEAN,Mean,ITU_GCI,Global Cybersecurity Index,0,Units,IX,Index,602,CCYY,A,Normal value,PU,Public
datastructure,WB.DATA360:DS_DATA360(1.2),I,A,Annual,KAZ,Kazakhstan,ITU_GCI_TECH_SCORE,Technical Score - TS (ITU GCI),_T,Total,_T,All age ranges or no breakdown by age,_T,Total,0_TO_20,0-20 scale,_Z,Not Applicable,_Z,Not Applicable,_Z,Not Applicable,2024,19.378612220867254,MEAN,Mean,ITU_GCI,Global Cybersecurity Index,0,Units,IX,Index,602,CCYY,A,Normal value,PU,Public
datastructure,WB.DATA360:DS_DATA360(1.2),I,A,Annual,KEN,Kenya,ITU_GCI_TECH_SCORE,Technical Score - TS (ITU GCI),_T,Total,_T,All age ranges or no breakdown by age,_T,Total,0_TO_20,0-20 scale,_Z,Not Applicable,_Z,Not Applicable,_Z,Not Applicable,2024,19.07304529317492,MEAN,Mean,ITU_GCI,Global Cybersecurity Index,0,Units,IX,Index,602,CCYY,A,Normal value,PU,Public
datastructure,WB.DATA360:DS_DATA360(1.2),I,A,Annual,KIR,Kiribati,ITU_GCI_TECH_SCORE,Technical Score - TS (ITU GCI),_T,Total,_T,All age ranges or no breakdown by age,_T,Total,0_TO_20,0-20 scale,_Z,Not Applicable,_Z,Not Applicable,_Z,Not Applicable,2024,10.490128844971093,MEAN,Mean,ITU_GCI,Global Cybersecurity Index,0,Units,IX,Index,602,CCYY,A,Normal value,PU,Public
datastructure,WB.DATA360:DS_DATA360(1.2),I,A,Annual,KWT,Kuwait,ITU_GCI_TECH_SCORE,Technical Score - TS (ITU GCI),_T,Total,_T,All age ranges or no breakdown by age,_T,Total,0_TO_20,0-20 scale,_Z,Not Applicable,_Z,Not Applicable,_Z,Not Applicable,2024,5.803057076550905,MEAN,Mean,ITU_GCI,Global Cybersecurity Index,0,Units,IX,Index,602,CCYY,A,Normal value,PU,Public
datastructure,WB.DATA360:DS_DATA360(1.2),I,A,Annual,KGZ,Kyrgyz Republic,ITU_GCI_TECH_SCORE,Technical Score - TS (ITU GCI),_T,Total,_T,All age ranges or no breakdown by age,_T,Total,0_TO_20,0-20 scale,_Z,Not Applicable,_Z,Not Applicable,_Z,Not Applicable,2024,14.869305801460326,MEAN,Mean,ITU_GCI,Global Cybersecurity Index,0,Units,IX,Index,602,CCYY,A,Normal value,PU,Public
datastructure,WB.DATA360:DS_DATA360(1.2),I,A,Annual,LAO,Lao PDR,ITU_GCI_TECH_SCORE,Technical Score - TS (ITU GCI),_T,Total,_T,All age ranges or no breakdown by age,_T,Total,0_TO_20,0-20 scale,_Z,Not Applicable,_Z,Not Applicable,_Z,Not Applicable,2024,6.179424921070975,MEAN,Mean,ITU_GCI,Global Cybersecurity Index,0,Units,IX,Index,602,CCYY,A,Normal value,PU,Public
datastructure,WB.DATA360:DS_DATA360(1.2),I,A,Annual,LVA,Latvia,ITU_GCI_TECH_SCORE,Technical Score - TS (ITU GCI),_T,Total,_T,All age ranges or no breakdown by age,_T,Total,0_TO_20,0-20 scale,_Z,Not Applicable,_Z,Not Applicable,_Z,Not Applicable,2024,14.893936003936204,MEAN,Mean,ITU_GCI,Global Cybersecurity Index,0,Units,IX,Index,602,CCYY,A,Normal value,PU,Public
datastructure,WB.DATA360:DS_DATA360(1.2),I,A,Annual,LBN,Lebanon,ITU_GCI_TECH_SCORE,Technical Score - TS (ITU GCI),_T,Total,_T,All age ranges or no breakdown by age,_T,Total,0_TO_20,0-20 scale,_Z,Not Applicable,_Z,Not Applicable,_Z,Not Applicable,2024,1.391486325802616,MEAN,Mean,ITU_GCI,Global Cybersecurity Index,0,Units,IX,Index,602,CCYY,A,Normal value,PU,Public
datastructure,WB.DATA360:DS_DATA360(1.2),I,A,Annual,LSO,Lesotho,ITU_GCI_TECH_SCORE,Technical Score - TS (ITU GCI),_T,Total,_T,All age ranges or no breakdown by age,_T,Total,0_TO_20,0-20 scale,_Z,Not Applicable,_Z,Not Applicable,_Z,Not Applicable,2024,2.7519978347540226,MEAN,Mean,ITU_GCI,Global Cybersecurity Index,0,Units,IX,Index,602,CCYY,A,Normal value,PU,Public
datastructure,WB.DATA360:DS_DATA360(1.2),I,A,Annual,LBR,Liberia,ITU_GCI_TECH_SCORE,Technical Score - TS (ITU GCI),_T,Total,_T,All age ranges or no breakdown by age,_T,Total,0_TO_20,0-20 scale,_Z,Not Applicable,_Z,Not Applicable,_Z,Not Applicable,2024,0.0,MEAN,Mean,ITU_GCI,Global Cybersecurity Index,0,Units,IX,Index,602,CCYY,A,Normal value,PU,Public
datastructure,WB.DATA360:DS_DATA360(1.2),I,A,Annual,LBY,Libya,ITU_GCI_TECH_SCORE,Technical Score - TS (ITU GCI),_T,Total,_T,All age ranges or no breakdown by age,_T,Total,0_TO_20,0-20 scale,_Z,Not Applicable,_Z,Not Applicable,_Z,Not Applicable,2024,11.204621115741354,MEAN,Mean,ITU_GCI,Global Cybersecurity Index,0,Units,IX,Index,602,CCYY,A,Normal value,PU,Public
datastructure,WB.DATA360:DS_DATA360(1.2),I,A,Annual,LIE,Liechtenstein,ITU_GCI_TECH_SCORE,Technical Score - TS (ITU GCI),_T,Total,_T,All age ranges or no breakdown by age,_T,Total,0_TO_20,0-20 scale,_Z,Not Applicable,_Z,Not Applicable,_Z,Not Applicable,2024,7.151136044237797,MEAN,Mean,ITU_GCI,Global Cybersecurity Index,0,Units,IX,Index,602,CCYY,A,Normal value,PU,Public
datastructure,WB.DATA360:DS_DATA360(1.2),I,A,Annual,LTU,Lithuania,ITU_GCI_TECH_SCORE,Technical Score - TS (ITU GCI),_T,Total,_T,All age ranges or no breakdown by age,_T,Total,0_TO_20,0-20 scale,_Z,Not Applicable,_Z,Not Applicable,_Z,Not Applicable,2024,19.24726431095986,MEAN,Mean,ITU_GCI,Global Cybersecurity Index,0,Units,IX,Index,602,CCYY,A,Normal value,PU,Public
datastructure,WB.DATA360:DS_DATA360(1.2),I,A,Annual,LUX,Luxembourg,ITU_GCI_TECH_SCORE,Technical Score - TS (ITU GCI),_T,Total,_T,All age ranges or no breakdown by age,_T,Total,0_TO_20,0-20 scale,_Z,Not Applicable,_Z,Not Applicable,_Z,Not Applicable,2024,18.975996500665524,MEAN,Mean,ITU_GCI,Global Cybersecurity Index,0,Units,IX,Index,602,CCYY,A,Normal value,PU,Public
datastructure,WB.DATA360:DS_DATA360(1.2),I,A,Annual,MDG,Madagascar,ITU_GCI_TECH_SCORE,Technical Score - TS (ITU GCI),_T,Total,_T,All age ranges or no breakdown by age,_T,Total,0_TO_20,0-20 scale,_Z,Not Applicable,_Z,Not Applicable,_Z,Not Applicable,2024,2.877414982164092,MEAN,Mean,ITU_GCI,Global Cybersecurity Index,0,Units,IX,Index,602,CCYY,A,Normal value,PU,Public
datastructure,WB.DATA360:DS_DATA360(1.2),I,A,Annual,MWI,Malawi,ITU_GCI_TECH_SCORE,Technical Score - TS (ITU GCI),_T,Total,_T,All age ranges or no breakdown by age,_T,Total,0_TO_20,0-20 scale,_Z,Not Applicable,_Z,Not Applicable,_Z,Not Applicable,2024,16.057412295069504,MEAN,Mean,ITU_GCI,Global Cybersecurity Index,0,Units,IX,Index,602,CCYY,A,Normal value,PU,Public
datastructure,WB.DATA360:DS_DATA360(1.2),I,A,Annual,MYS,Malaysia,ITU_GCI_TECH_SCORE,Technical Score - TS (ITU GCI),_T,Total,_T,All age ranges or no breakdown by age,_T,Total,0_TO_20,0-20 scale,_Z,Not Applicable,_Z,Not Applicable,_Z,Not Applicable,2024,20.0,MEAN,Mean,ITU_GCI,Global Cybersecurity Index,0,Units,IX,Index,602,CCYY,A,Normal value,PU,Public
datastructure,WB.DATA360:DS_DATA360(1.2),I,A,Annual,MDV,Maldives,ITU_GCI_TECH_SCORE,Technical Score - TS (ITU GCI),_T,Total,_T,All age ranges or no breakdown by age,_T,Total,0_TO_20,0-20 scale,_Z,Not Applicable,_Z,Not Applicable,_Z,Not Applicable,2024,0.0,MEAN,Mean,ITU_GCI,Global Cybersecurity Index,0,Units,IX,Index,602,CCYY,A,Normal value,PU,Public
datastructure,WB.DATA360:DS_DATA360(1.2),I,A,Annual,MLI,Mali,ITU_GCI_TECH_SCORE,Technical Score - TS (ITU GCI),_T,Total,_T,All age ranges or no breakdown by age,_T,Total,0_TO_20,0-20 scale,_Z,Not Applicable,_Z,Not Applicable,_Z,Not Applicable,2024,4.55804085448358,MEAN,Mean,ITU_GCI,Global Cybersecurity Index,0,Units,IX,Index,602,CCYY,A,Normal value,PU,Public
datastructure,WB.DATA360:DS_DATA360(1.2),I,A,Annual,MLT,Malta,ITU_GCI_TECH_SCORE,Technical Score - TS (ITU GCI),_T,Total,_T,All age ranges or no breakdown by age,_T,Total,0_TO_20,0-20 scale,_Z,Not Applicable,_Z,Not Applicable,_Z,Not Applicable,2024,20.0,MEAN,Mean,ITU_GCI,Global Cybersecurity Index,0,Units,IX,Index,602,CCYY,A,Normal value,PU,Public
datastructure,WB.DATA360:DS_DATA360(1.2),I,A,Annual,MHL,Marshall Islands,ITU_GCI_TECH_SCORE,Technical Score - TS (ITU GCI),_T,Total,_T,All age ranges or no breakdown by age,_T,Total,0_TO_20,0-20 scale,_Z,Not Applicable,_Z,Not Applicable,_Z,Not Applicable,2024,0.0,MEAN,Mean,ITU_GCI,Global Cybersecurity Index,0,Units,IX,Index,602,CCYY,A,Normal value,PU,Public
datastructure,WB.DATA360:DS_DATA360(1.2),I,A,Annual,MRT,Mauritania,ITU_GCI_TECH_SCORE,Technical Score - TS (ITU GCI),_T,Total,_T,All age ranges or no breakdown by age,_T,Total,0_TO_20,0-20 scale,_Z,Not Applicable,_Z,Not Applicable,_Z,Not Applicable,2024,1.391486325802616,MEAN,Mean,ITU_GCI,Global Cybersecurity Index,0,Units,IX,Index,602,CCYY,A,Normal value,PU,Public
datastructure,WB.DATA360:DS_DATA360(1.2),I,A,Annual,MUS,Mauritius,ITU_GCI_TECH_SCORE,Technical Score - TS (ITU GCI),_T,Total,_T,All age ranges or no breakdown by age,_T,Total,0_TO_20,0-20 scale,_Z,Not Applicable,_Z,Not Applicable,_Z,Not Applicable,2024,20.0,MEAN,Mean,ITU_GCI,Global Cybersecurity Index,0,Units,IX,Index,602,CCYY,A,Normal value,PU,Public
datastructure,WB.DATA360:DS_DATA360(1.2),I,A,Annual,MEX,Mexico,ITU_GCI_TECH_SCORE,Technical Score - TS (ITU GCI),_T,Total,_T,All age ranges or no breakdown by age,_T,Total,0_TO_20,0-20 scale,_Z,Not Applicable,_Z,Not Applicable,_Z,Not Applicable,2024,19.59738427979827,MEAN,Mean,ITU_GCI,Global Cybersecurity Index,0,Units,IX,Index,602,CCYY,A,Normal value,PU,Public
datastructure,WB.DATA360:DS_DATA360(1.2),I,A,Annual,FSM,"Micronesia, Fed. Sts.",ITU_GCI_TECH_SCORE,Technical Score - TS (ITU GCI),_T,Total,_T,All age ranges or no breakdown by age,_T,Total,0_TO_20,0-20 scale,_Z,Not Applicable,_Z,Not Applicable,_Z,Not Applicable,2024,0.0,MEAN,Mean,ITU_GCI,Global Cybersecurity Index,0,Units,IX,Index,602,CCYY,A,Normal value,PU,Public
datastructure,WB.DATA360:DS_DATA360(1.2),I,A,Annual,MDA,Moldova,ITU_GCI_TECH_SCORE,Technical Score - TS (ITU GCI),_T,Total,_T,All age ranges or no breakdown by age,_T,Total,0_TO_20,0-20 scale,_Z,Not Applicable,_Z,Not Applicable,_Z,Not Applicable,2024,6.6839772812257925,MEAN,Mean,ITU_GCI,Global Cybersecurity Index,0,Units,IX,Index,602,CCYY,A,Normal value,PU,Public
datastructure,WB.DATA360:DS_DATA360(1.2),I,A,Annual,MCO,Monaco,ITU_GCI_TECH_SCORE,Technical Score - TS (ITU GCI),_T,Total,_T,All age ranges or no breakdown by age,_T,Total,0_TO_20,0-20 scale,_Z,Not Applicable,_Z,Not Applicable,_Z,Not Applicable,2024,13.675167657550537,MEAN,Mean,ITU_GCI,Global Cybersecurity Index,0,Units,IX,Index,602,CCYY,A,Normal value,PU,Public
datastructure,WB.DATA360:DS_DATA360(1.2),I,A,Annual,MNG,Mongolia,ITU_GCI_TECH_SCORE,Technical Score - TS (ITU GCI),_T,Total,_T,All age ranges or no breakdown by age,_T,Total,0_TO_20,0-20 scale,_Z,Not Applicable,_Z,Not Applicable,_Z,Not Applicable,2024,6.637560470704006,MEAN,Mean,ITU_GCI,Global Cybersecurity Index,0,Units,IX,Index,602,CCYY,A,Normal value,PU,Public
datastructure,WB.DATA360:DS_DATA360(1.2),I,A,Annual,MNE,Montenegro,ITU_GCI_TECH_SCORE,Technical Score - TS (ITU GCI),_T,Total,_T,All age ranges or no breakdown by age,_T,Total,0_TO_20,0-20 scale,_Z,Not Applicable,_Z,Not Applicable,_Z,Not Applicable,2024,15.296551724137933,MEAN,Mean,ITU_GCI,Global Cybersecurity Index,0,Units,IX,Index,602,CCYY,A,Normal value,PU,Public
datastructure,WB.DATA360:DS_DATA360(1.2),I,A,Annual,MAR,Morocco,ITU_GCI_TECH_SCORE,Technical Score - TS (ITU GCI),_T,Total,_T,All age ranges or no breakdown by age,_T,Total,0_TO_20,0-20 scale,_Z,Not Applicable,_Z,Not Applicable,_Z,Not Applicable,2024,18.11754234050633,MEAN,Mean,ITU_GCI,Global Cybersecurity Index,0,Units,IX,Index,602,CCYY,A,Normal value,PU,Public
datastructure,WB.DATA360:DS_DATA360(1.2),I,A,Annual,MOZ,Mozambique,ITU_GCI_TECH_SCORE,Technical Score - TS (ITU GCI),_T,Total,_T,All age ranges or no breakdown by age,_T,Total,0_TO_20,0-20 scale,_Z,Not Applicable,_Z,Not Applicable,_Z,Not Applicable,2024,11.832079729709182,MEAN,Mean,ITU_GCI,Global Cybersecurity Index,0,Units,IX,Index,602,CCYY,A,Normal value,PU,Public
datastructure,WB.DATA360:DS_DATA360(1.2),I,A,Annual,MMR,Myanmar,ITU_GCI_TECH_SCORE,Technical Score - TS (ITU GCI),_T,Total,_T,All age ranges or no breakdown by age,_T,Total,0_TO_20,0-20 scale,_Z,Not Applicable,_Z,Not Applicable,_Z,Not Applicable,2024,10.90151683664358,MEAN,Mean,ITU_GCI,Global Cybersecurity Index,0,Units,IX,Index,602,CCYY,A,Normal value,PU,Public
datastructure,WB.DATA360:DS_DATA360(1.2),I,A,Annual,NAM,Namibia,ITU_GCI_TECH_SCORE,Technical Score - TS (ITU GCI),_T,Total,_T,All age ranges or no breakdown by age,_T,Total,0_TO_20,0-20 scale,_Z,Not Applicable,_Z,Not Applicable,_Z,Not Applicable,2024,3.5357083406453738,MEAN,Mean,ITU_GCI,Global Cybersecurity Index,0,Units,IX,Index,602,CCYY,A,Normal value,PU,Public
datastructure,WB.DATA360:DS_DATA360(1.2),I,A,Annual,NRU,Nauru,ITU_GCI_TECH_SCORE,Technical Score - TS (ITU GCI),_T,Total,_T,All age ranges or no breakdown by age,_T,Total,0_TO_20,0-20 scale,_Z,Not Applicable,_Z,Not Applicable,_Z,Not Applicable,2024,0.0,MEAN,Mean,ITU_GCI,Global Cybersecurity Index,0,Units,IX,Index,602,CCYY,A,Normal value,PU,Public
datastructure,WB.DATA360:DS_DATA360(1.2),I,A,Annual,NPL,Nepal,ITU_GCI_TECH_SCORE,Technical Score - TS (ITU GCI),_T,Total,_T,All age ranges or no breakdown by age,_T,Total,0_TO_20,0-20 scale,_Z,Not Applicable,_Z,Not Applicable,_Z,Not Applicable,2024,11.086756455443677,MEAN,Mean,ITU_GCI,Global Cybersecurity Index,0,Units,IX,Index,602,CCYY,A,Normal value,PU,Public
datastructure,WB.DATA360:DS_DATA360(1.2),I,A,Annual,NLD,Netherlands,ITU_GCI_TECH_SCORE,Technical Score - TS (ITU GCI),_T,Total,_T,All age ranges or no breakdown by age,_T,Total,0_TO_20,0-20 scale,_Z,Not Applicable,_Z,Not Applicable,_Z,Not Applicable,2024,20.0,MEAN,Mean,ITU_GCI,Global Cybersecurity Index,0,Units,IX,Index,602,CCYY,A,Normal value,PU,Public
datastructure,WB.DATA360:DS_DATA360(1.2),I,A,Annual,NZL,New Zealand,ITU_GCI_TECH_SCORE,Technical Score - TS (ITU GCI),_T,Total,_T,All age ranges or no breakdown by age,_T,Total,0_TO_20,0-20 scale,_Z,Not Applicable,_Z,Not Applicable,_Z,Not Applicable,2024,15.296551724137933,MEAN,Mean,ITU_GCI,Global Cybersecurity Index,0,Units,IX,Index,602,CCYY,A,Normal value,PU,Public
datastructure,WB.DATA360:DS_DATA360(1.2),I,A,Annual,NIC,Nicaragua,ITU_GCI_TECH_SCORE,Technical Score - TS (ITU GCI),_T,Total,_T,All age ranges or no breakdown by age,_T,Total,0_TO_20,0-20 scale,_Z,Not Applicable,_Z,Not Applicable,_Z,Not Applicable,2024,0.0,MEAN,Mean,ITU_GCI,Global Cybersecurity Index,0,Units,IX,Index,602,CCYY,A,Normal value,PU,Public
datastructure,WB.DATA360:DS_DATA360(1.2),I,A,Annual,NER,Niger,ITU_GCI_TECH_SCORE,Technical Score - TS (ITU GCI),_T,Total,_T,All age ranges or no breakdown by age,_T,Total,0_TO_20,0-20 scale,_Z,Not Applicable,_Z,Not Applicable,_Z,Not Applicable,2024,1.391486325802616,MEAN,Mean,ITU_GCI,Global Cybersecurity Index,0,Units,IX,Index,602,CCYY,A,Normal value,PU,Public
datastructure,WB.DATA360:DS_DATA360(1.2),I,A,Annual,NGA,Nigeria,ITU_GCI_TECH_SCORE,Technical Score - TS (ITU GCI),_T,Total,_T,All age ranges or no breakdown by age,_T,Total,0_TO_20,0-20 scale,_Z,Not Applicable,_Z,Not Applicable,_Z,Not Applicable,2024,18.884074670030166,MEAN,Mean,ITU_GCI,Global Cybersecurity Index,0,Units,IX,Index,602,CCYY,A,Normal value,PU,Public
datastructure,WB.DATA360:DS_DATA360(1.2),I,A,Annual,NOR,Norway,ITU_GCI_TECH_SCORE,Technical Score - TS (ITU GCI),_T,Total,_T,All age ranges or no breakdown by age,_T,Total,0_TO_20,0-20 scale,_Z,Not Applicable,_Z,Not Applicable,_Z,Not Applicable,2024,20.0,MEAN,Mean,ITU_GCI,Global Cybersecurity Index,0,Units,IX,Index,602,CCYY,A,Normal value,PU,Public
datastructure,WB.DATA360:DS_DATA360(1.2),I,A,Annual,OMN,Oman,ITU_GCI_TECH_SCORE,Technical Score - TS (ITU GCI),_T,Total,_T,All age ranges or no breakdown by age,_T,Total,0_TO_20,0-20 scale,_Z,Not Applicable,_Z,Not Applicable,_Z,Not Applicable,2024,18.392526553761662,MEAN,Mean,ITU_GCI,Global Cybersecurity Index,0,Units,IX,Index,602,CCYY,A,Normal value,PU,Public
datastructure,WB.DATA360:DS_DATA360(1.2),I,A,Annual,PAK,Pakistan,ITU_GCI_TECH_SCORE,Technical Score - TS (ITU GCI),_T,Total,_T,All age ranges or no breakdown by age,_T,Total,0_TO_20,0-20 scale,_Z,Not Applicable,_Z,Not Applicable,_Z,Not Applicable,2024,18.21224256837099,MEAN,Mean,ITU_GCI,Global Cybersecurity Index,0,Units,IX,Index,602,CCYY,A,Normal value,PU,Public
datastructure,WB.DATA360:DS_DATA360(1.2),I,A,Annual,PAN,Panama,ITU_GCI_TECH_SCORE,Technical Score - TS (ITU GCI),_T,Total,_T,All age ranges or no breakdown by age,_T,Total,0_TO_20,0-20 scale,_Z,Not Applicable,_Z,Not Applicable,_Z,Not Applicable,2024,14.491320283734474,MEAN,Mean,ITU_GCI,Global Cybersecurity Index,0,Units,IX,Index,602,CCYY,A,Normal value,PU,Public
datastructure,WB.DATA360:DS_DATA360(1.2),I,A,Annual,PNG,Papua New Guinea,ITU_GCI_TECH_SCORE,Technical Score - TS (ITU GCI),_T,Total,_T,All age ranges or no breakdown by age,_T,Total,0_TO_20,0-20 scale,_Z,Not Applicable,_Z,Not Applicable,_Z,Not Applicable,2024,9.306038476362296,MEAN,Mean,ITU_GCI,Global Cybersecurity Index,0,Units,IX,Index,602,CCYY,A,Normal value,PU,Public
datastructure,WB.DATA360:DS_DATA360(1.2),I,A,Annual,PRY,Paraguay,ITU_GCI_TECH_SCORE,Technical Score - TS (ITU GCI),_T,Total,_T,All age ranges or no breakdown by age,_T,Total,0_TO_20,0-20 scale,_Z,Not Applicable,_Z,Not Applicable,_Z,Not Applicable,2024,8.470585017835912,MEAN,Mean,ITU_GCI,Global Cybersecurity Index,0,Units,IX,Index,602,CCYY,A,Normal value,PU,Public
datastructure,WB.DATA360:DS_DATA360(1.2),I,A,Annual,PER,Peru,ITU_GCI_TECH_SCORE,Technical Score - TS (ITU GCI),_T,Total,_T,All age ranges or no breakdown by age,_T,Total,0_TO_20,0-20 scale,_Z,Not Applicable,_Z,Not Applicable,_Z,Not Applicable,2024,13.50879429250892,MEAN,Mean,ITU_GCI,Global Cybersecurity Index,0,Units,IX,Index,602,CCYY,A,Normal value,PU,Public
datastructure,WB.DATA360:DS_DATA360(1.2),I,A,Annual,PHL,Philippines,ITU_GCI_TECH_SCORE,Technical Score - TS (ITU GCI),_T,Total,_T,All age ranges or no breakdown by age,_T,Total,0_TO_20,0-20 scale,_Z,Not Applicable,_Z,Not Applicable,_Z,Not Applicable,2024,19.10612128418549,MEAN,Mean,ITU_GCI,Global Cybersecurity Index,0,Units,IX,Index,602,CCYY,A,Normal value,PU,Public
datastructure,WB.DATA360:DS_DATA360(1.2),I,A,Annual,POL,Poland,ITU_GCI_TECH_SCORE,Technical Score - TS (ITU GCI),_T,Total,_T,All age ranges or no breakdown by age,_T,Total,0_TO_20,0-20 scale,_Z,Not Applicable,_Z,Not Applicable,_Z,Not Applicable,2024,18.4420328705564,MEAN,Mean,ITU_GCI,Global Cybersecurity Index,0,Units,IX,Index,602,CCYY,A,Normal value,PU,Public
datastructure,WB.DATA360:DS_DATA360(1.2),I,A,Annual,PRT,Portugal,ITU_GCI_TECH_SCORE,Technical Score - TS (ITU GCI),_T,Total,_T,All age ranges or no breakdown by age,_T,Total,0_TO_20,0-20 scale,_Z,Not Applicable,_Z,Not Applicable,_Z,Not Applicable,2024,20.0,MEAN,Mean,ITU_GCI,Global Cybersecurity Index,0,Units,IX,Index,602,CCYY,A,Normal value,PU,Public
datastructure,WB.DATA360:DS_DATA360(1.2),I,A,Annual,QAT,Qatar,ITU_GCI_TECH_SCORE,Technical Score - TS (ITU GCI),_T,Total,_T,All age ranges or no breakdown by age,_T,Total,0_TO_20,0-20 scale,_Z,Not Applicable,_Z,Not Applicable,_Z,Not Applicable,2024,20.0,MEAN,Mean,ITU_GCI,Global Cybersecurity Index,0,Units,IX,Index,602,CCYY,A,Normal value,PU,Public
datastructure,WB.DATA360:DS_DATA360(1.2),I,A,Annual,KOR,"Korea, Rep.",ITU_GCI_TECH_SCORE,Technical Score - TS (ITU GCI),_T,Total,_T,All age ranges or no breakdown by age,_T,Total,0_TO_20,0-20 scale,_Z,Not Applicable,_Z,Not Applicable,_Z,Not Applicable,2024,20.0,MEAN,Mean,ITU_GCI,Global Cybersecurity Index,0,Units,IX,Index,602,CCYY,A,Normal value,PU,Public
datastructure,WB.DATA360:DS_DATA360(1.2),I,A,Annual,ROU,Romania,ITU_GCI_TECH_SCORE,Technical Score - TS (ITU GCI),_T,Total,_T,All age ranges or no breakdown by age,_T,Total,0_TO_20,0-20 scale,_Z,Not Applicable,_Z,Not Applicable,_Z,Not Applicable,2024,14.893936003936204,MEAN,Mean,ITU_GCI,Global Cybersecurity Index,0,Units,IX,Index,602,CCYY,A,Normal value,PU,Public
datastructure,WB.DATA360:DS_DATA360(1.2),I,A,Annual,RUS,Russian Federation,ITU_GCI_TECH_SCORE,Technical Score - TS (ITU GCI),_T,Total,_T,All age ranges or no breakdown by age,_T,Total,0_TO_20,0-20 scale,_Z,Not Applicable,_Z,Not Applicable,_Z,Not Applicable,2024,16.590858501783593,MEAN,Mean,ITU_GCI,Global Cybersecurity Index,0,Units,IX,Index,602,CCYY,A,Normal value,PU,Public
datastructure,WB.DATA360:DS_DATA360(1.2),I,A,Annual,RWA,Rwanda,ITU_GCI_TECH_SCORE,Technical Score - TS (ITU GCI),_T,Total,_T,All age ranges or no breakdown by age,_T,Total,0_TO_20,0-20 scale,_Z,Not Applicable,_Z,Not Applicable,_Z,Not Applicable,2024,18.975996500665524,MEAN,Mean,ITU_GCI,Global Cybersecurity Index,0,Units,IX,Index,602,CCYY,A,Normal value,PU,Public
datastructure,WB.DATA360:DS_DATA360(1.2),I,A,Annual,KNA,St. Kitts and Nevis,ITU_GCI_TECH_SCORE,Technical Score - TS (ITU GCI),_T,Total,_T,All age ranges or no breakdown by age,_T,Total,0_TO_20,0-20 scale,_Z,Not Applicable,_Z,Not Applicable,_Z,Not Applicable,2024,1.7761403091557666,MEAN,Mean,ITU_GCI,Global Cybersecurity Index,0,Units,IX,Index,602,CCYY,A,Normal value,PU,Public
datastructure,WB.DATA360:DS_DATA360(1.2),I,A,Annual,LCA,St. Lucia,ITU_GCI_TECH_SCORE,Technical Score - TS (ITU GCI),_T,Total,_T,All age ranges or no breakdown by age,_T,Total,0_TO_20,0-20 scale,_Z,Not Applicable,_Z,Not Applicable,_Z,Not Applicable,2024,0.0,MEAN,Mean,ITU_GCI,Global Cybersecurity Index,0,Units,IX,Index,602,CCYY,A,Normal value,PU,Public
datastructure,WB.DATA360:DS_DATA360(1.2),I,A,Annual,VCT,St. Vincent and the Grenadines,ITU_GCI_TECH_SCORE,Technical Score - TS (ITU GCI),_T,Total,_T,All age ranges or no breakdown by age,_T,Total,0_TO_20,0-20 scale,_Z,Not Applicable,_Z,Not Applicable,_Z,Not Applicable,2024,0.0,MEAN,Mean,ITU_GCI,Global Cybersecurity Index,0,Units,IX,Index,602,CCYY,A,Normal value,PU,Public
datastructure,WB.DATA360:DS_DATA360(1.2),I,A,Annual,WSM,Samoa,ITU_GCI_TECH_SCORE,Technical Score - TS (ITU GCI),_T,Total,_T,All age ranges or no breakdown by age,_T,Total,0_TO_20,0-20 scale,_Z,Not Applicable,_Z,Not Applicable,_Z,Not Applicable,2024,4.55804085448358,MEAN,Mean,ITU_GCI,Global Cybersecurity Index,0,Units,IX,Index,602,CCYY,A,Normal value,PU,Public
datastructure,WB.DATA360:DS_DATA360(1.2),I,A,Annual,SMR,San Marino,ITU_GCI_TECH_SCORE,Technical Score - TS (ITU GCI),_T,Total,_T,All age ranges or no breakdown by age,_T,Total,0_TO_20,0-20 scale,_Z,Not Applicable,_Z,Not Applicable,_Z,Not Applicable,2024,0.0,MEAN,Mean,ITU_GCI,Global Cybersecurity Index,0,Units,IX,Index,602,CCYY,A,Normal value,PU,Public
datastructure,WB.DATA360:DS_DATA360(1.2),I,A,Annual,STP,Sao Tome and Principe,ITU_GCI_TECH_SCORE,Technical Score - TS (ITU GCI),_T,Total,_T,All age ranges or no breakdown by age,_T,Total,0_TO_20,0-20 scale,_Z,Not Applicable,_Z,Not Applicable,_Z,Not Applicable,2024,1.391486325802616,MEAN,Mean,ITU_GCI,Global Cybersecurity Index,0,Units,IX,Index,602,CCYY,A,Normal value,PU,Public
datastructure,WB.DATA360:DS_DATA360(1.2),I,A,Annual,SAU,Saudi Arabia,ITU_GCI_TECH_SCORE,Technical Score - TS (ITU GCI),_T,Total,_T,All age ranges or no breakdown by age,_T,Total,0_TO_20,0-20 scale,_Z,Not Applicable,_Z,Not Applicable,_Z,Not Applicable,2024,20.0,MEAN,Mean,ITU_GCI,Global Cybersecurity Index,0,Units,IX,Index,602,CCYY,A,Normal value,PU,Public
datastructure,WB.DATA360:DS_DATA360(1.2),I,A,Annual,SEN,Senegal,ITU_GCI_TECH_SCORE,Technical Score - TS (ITU GCI),_T,Total,_T,All age ranges or no breakdown by age,_T,Total,0_TO_20,0-20 scale,_Z,Not Applicable,_Z,Not Applicable,_Z,Not Applicable,2024,14.414335658805555,MEAN,Mean,ITU_GCI,Global Cybersecurity Index,0,Units,IX,Index,602,CCYY,A,Normal value,PU,Public
datastructure,WB.DATA360:DS_DATA360(1.2),I,A,Annual,SRB,Serbia,ITU_GCI_TECH_SCORE,Technical Score - TS (ITU GCI),_T,Total,_T,All age ranges or no breakdown by age,_T,Total,0_TO_20,0-20 scale,_Z,Not Applicable,_Z,Not Applicable,_Z,Not Applicable,2024,18.378615933412604,MEAN,Mean,ITU_GCI,Global Cybersecurity Index,0,Units,IX,Index,602,CCYY,A,Normal value,PU,Public
datastructure,WB.DATA360:DS_DATA360(1.2),I,A,Annual,SYC,Seychelles,ITU_GCI_TECH_SCORE,Technical Score - TS (ITU GCI),_T,Total,_T,All age ranges or no breakdown by age,_T,Total,0_TO_20,0-20 scale,_Z,Not Applicable,_Z,Not Applicable,_Z,Not Applicable,2024,3.167626634958383,MEAN,Mean,ITU_GCI,Global Cybersecurity Index,0,Units,IX,Index,602,CCYY,A,Normal value,PU,Public
datastructure,WB.DATA360:DS_DATA360(1.2),I,A,Annual,SLE,Sierra Leone,ITU_GCI_TECH_SCORE,Technical Score - TS (ITU GCI),_T,Total,_T,All age ranges or no breakdown by age,_T,Total,0_TO_20,0-20 scale,_Z,Not Applicable,_Z,Not Applicable,_Z,Not Applicable,2024,1.391486325802616,MEAN,Mean,ITU_GCI,Global Cybersecurity Index,0,Units,IX,Index,602,CCYY,A,Normal value,PU,Public
datastructure,WB.DATA360:DS_DATA360(1.2),I,A,Annual,SGP,Singapore,ITU_GCI_TECH_SCORE,Technical Score - TS (ITU GCI),_T,Total,_T,All age ranges or no breakdown by age,_T,Total,0_TO_20,0-20 scale,_Z,Not Applicable,_Z,Not Applicable,_Z,Not Applicable,2024,20.0,MEAN,Mean,ITU_GCI,Global Cybersecurity Index,0,Units,IX,Index,602,CCYY,A,Normal value,PU,Public
datastructure,WB.DATA360:DS_DATA360(1.2),I,A,Annual,SVK,Slovak Republic,ITU_GCI_TECH_SCORE,Technical Score - TS (ITU GCI),_T,Total,_T,All age ranges or no breakdown by age,_T,Total,0_TO_20,0-20 scale,_Z,Not Applicable,_Z,Not Applicable,_Z,Not Applicable,2024,20.0,MEAN,Mean,ITU_GCI,Global Cybersecurity Index,0,Units,IX,Index,602,CCYY,A,Normal value,PU,Public
datastructure,WB.DATA360:DS_DATA360(1.2),I,A,Annual,SVN,Slovenia,ITU_GCI_TECH_SCORE,Technical Score - TS (ITU GCI),_T,Total,_T,All age ranges or no breakdown by age,_T,Total,0_TO_20,0-20 scale,_Z,Not Applicable,_Z,Not Applicable,_Z,Not Applicable,2024,19.22243246807736,MEAN,Mean,ITU_GCI,Global Cybersecurity Index,0,Units,IX,Index,602,CCYY,A,Normal value,PU,Public
datastructure,WB.DATA360:DS_DATA360(1.2),I,A,Annual,SLB,Solomon Islands,ITU_GCI_TECH_SCORE,Technical Score - TS (ITU GCI),_T,Total,_T,All age ranges or no breakdown by age,_T,Total,0_TO_20,0-20 scale,_Z,Not Applicable,_Z,Not Applicable,_Z,Not Applicable,2024,1.391486325802616,MEAN,Mean,ITU_GCI,Global Cybersecurity Index,0,Units,IX,Index,602,CCYY,A,Normal value,PU,Public
datastructure,WB.DATA360:DS_DATA360(1.2),I,A,Annual,SOM,Somalia,ITU_GCI_TECH_SCORE,Technical Score - TS (ITU GCI),_T,Total,_T,All age ranges or no breakdown by age,_T,Total,0_TO_20,0-20 scale,_Z,Not Applicable,_Z,Not Applicable,_Z,Not Applicable,2024,4.78793859526836,MEAN,Mean,ITU_GCI,Global Cybersecurity Index,0,Units,IX,Index,602,CCYY,A,Normal value,PU,Public
datastructure,WB.DATA360:DS_DATA360(1.2),I,A,Annual,ZAF,South Africa,ITU_GCI_TECH_SCORE,Technical Score - TS (ITU GCI),_T,Total,_T,All age ranges or no breakdown by age,_T,Total,0_TO_20,0-20 scale,_Z,Not Applicable,_Z,Not Applicable,_Z,Not Applicable,2024,18.5733807804638,MEAN,Mean,ITU_GCI,Global Cybersecurity Index,0,Units,IX,Index,602,CCYY,A,Normal value,PU,Public
datastructure,WB.DATA360:DS_DATA360(1.2),I,A,Annual,SSD,South Sudan,ITU_GCI_TECH_SCORE,Technical Score - TS (ITU GCI),_T,Total,_T,All age ranges or no breakdown by age,_T,Total,0_TO_20,0-20 scale,_Z,Not Applicable,_Z,Not Applicable,_Z,Not Applicable,2024,4.55804085448358,MEAN,Mean,ITU_GCI,Global Cybersecurity Index,0,Units,IX,Index,602,CCYY,A,Normal value,PU,Public
datastructure,WB.DATA360:DS_DATA360(1.2),I,A,Annual,ESP,Spain,ITU_GCI_TECH_SCORE,Technical Score - TS (ITU GCI),_T,Total,_T,All age ranges or no breakdown by age,_T,Total,0_TO_20,0-20 scale,_Z,Not Applicable,_Z,Not Applicable,_Z,Not Applicable,2024,20.0,MEAN,Mean,ITU_GCI,Global Cybersecurity Index,0,Units,IX,Index,602,CCYY,A,Normal value,PU,Public
datastructure,WB.DATA360:DS_DATA360(1.2),I,A,Annual,LKA,Sri Lanka,ITU_GCI_TECH_SCORE,Technical Score - TS (ITU GCI),_T,Total,_T,All age ranges or no breakdown by age,_T,Total,0_TO_20,0-20 scale,_Z,Not Applicable,_Z,Not Applicable,_Z,Not Applicable,2024,20.0,MEAN,Mean,ITU_GCI,Global Cybersecurity Index,0,Units,IX,Index,602,CCYY,A,Normal value,PU,Public
datastructure,WB.DATA360:DS_DATA360(1.2),I,A,Annual,PSE,West Bank and Gaza,ITU_GCI_TECH_SCORE,Technical Score - TS (ITU GCI),_T,Total,_T,All age ranges or no breakdown by age,_T,Total,0_TO_20,0-20 scale,_Z,Not Applicable,_Z,Not Applicable,_Z,Not Applicable,2024,9.596250129156587,MEAN,Mean,ITU_GCI,Global Cybersecurity Index,0,Units,IX,Index,602,CCYY,A,Normal value,PU,Public
datastructure,WB.DATA360:DS_DATA360(1.2),I,A,Annual,SDN,Sudan,ITU_GCI_TECH_SCORE,Technical Score - TS (ITU GCI),_T,Total,_T,All age ranges or no breakdown by age,_T,Total,0_TO_20,0-20 scale,_Z,Not Applicable,_Z,Not Applicable,_Z,Not Applicable,2024,14.465294123729212,MEAN,Mean,ITU_GCI,Global Cybersecurity Index,0,Units,IX,Index,602,CCYY,A,Normal value,PU,Public
datastructure,WB.DATA360:DS_DATA360(1.2),I,A,Annual,SUR,Suriname,ITU_GCI_TECH_SCORE,Technical Score - TS (ITU GCI),_T,Total,_T,All age ranges or no breakdown by age,_T,Total,0_TO_20,0-20 scale,_Z,Not Applicable,_Z,Not Applicable,_Z,Not Applicable,2024,6.179424921070975,MEAN,Mean,ITU_GCI,Global Cybersecurity Index,0,Units,IX,Index,602,CCYY,A,Normal value,PU,Public
datastructure,WB.DATA360:DS_DATA360(1.2),I,A,Annual,SWE,Sweden,ITU_GCI_TECH_SCORE,Technical Score - TS (ITU GCI),_T,Total,_T,All age ranges or no breakdown by age,_T,Total,0_TO_20,0-20 scale,_Z,Not Applicable,_Z,Not Applicable,_Z,Not Applicable,2024,20.0,MEAN,Mean,ITU_GCI,Global Cybersecurity Index,0,Units,IX,Index,602,CCYY,A,Normal value,PU,Public
datastructure,WB.DATA360:DS_DATA360(1.2),I,A,Annual,CHE,Switzerland,ITU_GCI_TECH_SCORE,Technical Score - TS (ITU GCI),_T,Total,_T,All age ranges or no breakdown by age,_T,Total,0_TO_20,0-20 scale,_Z,Not Applicable,_Z,Not Applicable,_Z,Not Applicable,2024,19.59738427979827,MEAN,Mean,ITU_GCI,Global Cybersecurity Index,0,Units,IX,Index,602,CCYY,A,Normal value,PU,Public
datastructure,WB.DATA360:DS_DATA360(1.2),I,A,Annual,SYR,Syrian Arab Republic,ITU_GCI_TECH_SCORE,Technical Score - TS (ITU GCI),_T,Total,_T,All age ranges or no breakdown by age,_T,Total,0_TO_20,0-20 scale,_Z,Not Applicable,_Z,Not Applicable,_Z,Not Applicable,2024,8.742834933781623,MEAN,Mean,ITU_GCI,Global Cybersecurity Index,0,Units,IX,Index,602,CCYY,A,Normal value,PU,Public
datastructure,WB.DATA360:DS_DATA360(1.2),I,A,Annual,TJK,Tajikistan,ITU_GCI_TECH_SCORE,Technical Score - TS (ITU GCI),_T,Total,_T,All age ranges or no breakdown by age,_T,Total,0_TO_20,0-20 scale,_Z,Not Applicable,_Z,Not Applicable,_Z,Not Applicable,2024,0.0,MEAN,Mean,ITU_GCI,Global Cybersecurity Index,0,Units,IX,Index,602,CCYY,A,Normal value,PU,Public
datastructure,WB.DATA360:DS_DATA360(1.2),I,A,Annual,TZA,Tanzania,ITU_GCI_TECH_SCORE,Technical Score - TS (ITU GCI),_T,Total,_T,All age ranges or no breakdown by age,_T,Total,0_TO_20,0-20 scale,_Z,Not Applicable,_Z,Not Applicable,_Z,Not Applicable,2024,19.69443307230766,MEAN,Mean,ITU_GCI,Global Cybersecurity Index,0,Units,IX,Index,602,CCYY,A,Normal value,PU,Public
datastructure,WB.DATA360:DS_DATA360(1.2),I,A,Annual,THA,Thailand,ITU_GCI_TECH_SCORE,Technical Score - TS (ITU GCI),_T,Total,_T,All age ranges or no breakdown by age,_T,Total,0_TO_20,0-20 scale,_Z,Not Applicable,_Z,Not Applicable,_Z,Not Applicable,2024,20.0,MEAN,Mean,ITU_GCI,Global Cybersecurity Index,0,Units,IX,Index,602,CCYY,A,Normal value,PU,Public
datastructure,WB.DATA360:DS_DATA360(1.2),I,A,Annual,MKD,North Macedonia,ITU_GCI_TECH_SCORE,Technical Score - TS (ITU GCI),_T,Total,_T,All age ranges or no breakdown by age,_T,Total,0_TO_20,0-20 scale,_Z,Not Applicable,_Z,Not Applicable,_Z,Not Applicable,2024,8.886493047188374,MEAN,Mean,ITU_GCI,Global Cybersecurity Index,0,Units,IX,Index,602,CCYY,A,Normal value,PU,Public
datastructure,WB.DATA360:DS_DATA360(1.2),I,A,Annual,TLS,Timor-Leste,ITU_GCI_TECH_SCORE,Technical Score - TS (ITU GCI),_T,Total,_T,All age ranges or no breakdown by age,_T,Total,0_TO_20,0-20 scale,_Z,Not Applicable,_Z,Not Applicable,_Z,Not Applicable,2024,0.0,MEAN,Mean,ITU_GCI,Global Cybersecurity Index,0,Units,IX,Index,602,CCYY,A,Normal value,PU,Public
datastructure,WB.DATA360:DS_DATA360(1.2),I,A,Annual,TGO,Togo,ITU_GCI_TECH_SCORE,Technical Score - TS (ITU GCI),_T,Total,_T,All age ranges or no breakdown by age,_T,Total,0_TO_20,0-20 scale,_Z,Not Applicable,_Z,Not Applicable,_Z,Not Applicable,2024,15.296551724137933,MEAN,Mean,ITU_GCI,Global Cybersecurity Index,0,Units,IX,Index,602,CCYY,A,Normal value,PU,Public
datastructure,WB.DATA360:DS_DATA360(1.2),I,A,Annual,TON,Tonga,ITU_GCI_TECH_SCORE,Technical Score - TS (ITU GCI),_T,Total,_T,All age ranges or no breakdown by age,_T,Total,0_TO_20,0-20 scale,_Z,Not Applicable,_Z,Not Applicable,_Z,Not Applicable,2024,6.179424921070975,MEAN,Mean,ITU_GCI,Global Cybersecurity Index,0,Units,IX,Index,602,CCYY,A,Normal value,PU,Public
datastructure,WB.DATA360:DS_DATA360(1.2),I,A,Annual,TTO,Trinidad and Tobago,ITU_GCI_TECH_SCORE,Technical Score - TS (ITU GCI),_T,Total,_T,All age ranges or no breakdown by age,_T,Total,0_TO_20,0-20 scale,_Z,Not Applicable,_Z,Not Applicable,_Z,Not Applicable,2024,6.984656361474436,MEAN,Mean,ITU_GCI,Global Cybersecurity Index,0,Units,IX,Index,602,CCYY,A,Normal value,PU,Public
datastructure,WB.DATA360:DS_DATA360(1.2),I,A,Annual,TUN,Tunisia,ITU_GCI_TECH_SCORE,Technical Score - TS (ITU GCI),_T,Total,_T,All age ranges or no breakdown by age,_T,Total,0_TO_20,0-20 scale,_Z,Not Applicable,_Z,Not Applicable,_Z,Not Applicable,2024,17.800761733870424,MEAN,Mean,ITU_GCI,Global Cybersecurity Index,0,Units,IX,Index,602,CCYY,A,Normal value,PU,Public
datastructure,WB.DATA360:DS_DATA360(1.2),I,A,Annual,TUR,Turkiye,ITU_GCI_TECH_SCORE,Technical Score - TS (ITU GCI),_T,Total,_T,All age ranges or no breakdown by age,_T,Total,0_TO_20,0-20 scale,_Z,Not Applicable,_Z,Not Applicable,_Z,Not Applicable,2024,20.0,MEAN,Mean,ITU_GCI,Global Cybersecurity Index,0,Units,IX,Index,602,CCYY,A,Normal value,PU,Public
datastructure,WB.DATA360:DS_DATA360(1.2),I,A,Annual,TKM,Turkmenistan,ITU_GCI_TECH_SCORE,Technical Score - TS (ITU GCI),_T,Total,_T,All age ranges or no breakdown by age,_T,Total,0_TO_20,0-20 scale,_Z,Not Applicable,_Z,Not Applicable,_Z,Not Applicable,2024,0.0,MEAN,Mean,ITU_GCI,Global Cybersecurity Index,0,Units,IX,Index,602,CCYY,A,Normal value,PU,Public
datastructure,WB.DATA360:DS_DATA360(1.2),I,A,Annual,TUV,Tuvalu,ITU_GCI_TECH_SCORE,Technical Score - TS (ITU GCI),_T,Total,_T,All age ranges or no breakdown by age,_T,Total,0_TO_20,0-20 scale,_Z,Not Applicable,_Z,Not Applicable,_Z,Not Applicable,2024,0.0,MEAN,Mean,ITU_GCI,Global Cybersecurity Index,0,Units,IX,Index,602,CCYY,A,Normal value,PU,Public
datastructure,WB.DATA360:DS_DATA360(1.2),I,A,Annual,UGA,Uganda,ITU_GCI_TECH_SCORE,Technical Score - TS (ITU GCI),_T,Total,_T,All age ranges or no breakdown by age,_T,Total,0_TO_20,0-20 scale,_Z,Not Applicable,_Z,Not Applicable,_Z,Not Applicable,2024,18.21224256837099,MEAN,Mean,ITU_GCI,Global Cybersecurity Index,0,Units,IX,Index,602,CCYY,A,Normal value,PU,Public
datastructure,WB.DATA360:DS_DATA360(1.2),I,A,Annual,UKR,Ukraine,ITU_GCI_TECH_SCORE,Technical Score - TS (ITU GCI),_T,Total,_T,All age ranges or no breakdown by age,_T,Total,0_TO_20,0-20 scale,_Z,Not Applicable,_Z,Not Applicable,_Z,Not Applicable,2024,17.354612434078128,MEAN,Mean,ITU_GCI,Global Cybersecurity Index,0,Units,IX,Index,602,CCYY,A,Normal value,PU,Public
datastructure,WB.DATA360:DS_DATA360(1.2),I,A,Annual,ARE,United Arab Emirates,ITU_GCI_TECH_SCORE,Technical Score - TS (ITU GCI),_T,Total,_T,All age ranges or no breakdown by age,_T,Total,0_TO_20,0-20 scale,_Z,Not Applicable,_Z,Not Applicable,_Z,Not Applicable,2024,20.0,MEAN,Mean,ITU_GCI,Global Cybersecurity Index,0,Units,IX,Index,602,CCYY,A,Normal value,PU,Public
datastructure,WB.DATA360:DS_DATA360(1.2),I,A,Annual,GBR,United Kingdom,ITU_GCI_TECH_SCORE,Technical Score - TS (ITU GCI),_T,Total,_T,All age ranges or no breakdown by age,_T,Total,0_TO_20,0-20 scale,_Z,Not Applicable,_Z,Not Applicable,_Z,Not Applicable,2024,20.0,MEAN,Mean,ITU_GCI,Global Cybersecurity Index,0,Units,IX,Index,602,CCYY,A,Normal value,PU,Public
datastructure,WB.DATA360:DS_DATA360(1.2),I,A,Annual,USA,United States,ITU_GCI_TECH_SCORE,Technical Score - TS (ITU GCI),_T,Total,_T,All age ranges or no breakdown by age,_T,Total,0_TO_20,0-20 scale,_Z,Not Applicable,_Z,Not Applicable,_Z,Not Applicable,2024,20.0,MEAN,Mean,ITU_GCI,Global Cybersecurity Index,0,Units,IX,Index,602,CCYY,A,Normal value,PU,Public
datastructure,WB.DATA360:DS_DATA360(1.2),I,A,Annual,URY,Uruguay,ITU_GCI_TECH_SCORE,Technical Score - TS (ITU GCI),_T,Total,_T,All age ranges or no breakdown by age,_T,Total,0_TO_20,0-20 scale,_Z,Not Applicable,_Z,Not Applicable,_Z,Not Applicable,2024,20.0,MEAN,Mean,ITU_GCI,Global Cybersecurity Index,0,Units,IX,Index,602,CCYY,A,Normal value,PU,Public
datastructure,WB.DATA360:DS_DATA360(1.2),I,A,Annual,UZB,Uzbekistan,ITU_GCI_TECH_SCORE,Technical Score - TS (ITU GCI),_T,Total,_T,All age ranges or no breakdown by age,_T,Total,0_TO_20,0-20 scale,_Z,Not Applicable,_Z,Not Applicable,_Z,Not Applicable,2024,16.222911246873593,MEAN,Mean,ITU_GCI,Global Cybersecurity Index,0,Units,IX,Index,602,CCYY,A,Normal value,PU,Public
datastructure,WB.DATA360:DS_DATA360(1.2),I,A,Annual,VUT,Vanuatu,ITU_GCI_TECH_SCORE,Technical Score - TS (ITU GCI),_T,Total,_T,All age ranges or no breakdown by age,_T,Total,0_TO_20,0-20 scale,_Z,Not Applicable,_Z,Not Applicable,_Z,Not Applicable,2024,14.491320283734474,MEAN,Mean,ITU_GCI,Global Cybersecurity Index,0,Units,IX,Index,602,CCYY,A,Normal value,PU,Public
datastructure,WB.DATA360:DS_DATA360(1.2),I,A,Annual,VAT,Holy See (Vatican City State),ITU_GCI_TECH_SCORE,Technical Score - TS (ITU GCI),_T,Total,_T,All age ranges or no breakdown by age,_T,Total,0_TO_20,0-20 scale,_Z,Not Applicable,_Z,Not Applicable,_Z,Not Applicable,2024,0.0,MEAN,Mean,ITU_GCI,Global Cybersecurity Index,0,Units,IX,Index,602,CCYY,A,Normal value,PU,Public
datastructure,WB.DATA360:DS_DATA360(1.2),I,A,Annual,VEN,"Venezuela, RB",ITU_GCI_TECH_SCORE,Technical Score - TS (ITU GCI),_T,Total,_T,All age ranges or no breakdown by age,_T,Total,0_TO_20,0-20 scale,_Z,Not Applicable,_Z,Not Applicable,_Z,Not Applicable,2024,4.55804085448358,MEAN,Mean,ITU_GCI,Global Cybersecurity Index,0,Units,IX,Index,602,CCYY,A,Normal value,PU,Public
datastructure,WB.DATA360:DS_DATA360(1.2),I,A,Annual,VNM,Viet Nam,ITU_GCI_TECH_SCORE,Technical Score - TS (ITU GCI),_T,Total,_T,All age ranges or no breakdown by age,_T,Total,0_TO_20,0-20 scale,_Z,Not Applicable,_Z,Not Applicable,_Z,Not Applicable,2024,20.0,MEAN,Mean,ITU_GCI,Global Cybersecurity Index,0,Units,IX,Index,602,CCYY,A,Normal value,PU,Public
datastructure,WB.DATA360:DS_DATA360(1.2),I,A,Annual,YEM,"Yemen, Rep.",ITU_GCI_TECH_SCORE,Technical Score - TS (ITU GCI),_T,Total,_T,All age ranges or no breakdown by age,_T,Total,0_TO_20,0-20 scale,_Z,Not Applicable,_Z,Not Applicable,_Z,Not Applicable,2024,1.90265258272172,MEAN,Mean,ITU_GCI,Global Cybersecurity Index,0,Units,IX,Index,602,CCYY,A,Normal value,PU,Public
datastructure,WB.DATA360:DS_DATA360(1.2),I,A,Annual,ZMB,Zambia,ITU_GCI_TECH_SCORE,Technical Score - TS (ITU GCI),_T,Total,_T,All age ranges or no breakdown by age,_T,Total,0_TO_20,0-20 scale,_Z,Not Applicable,_Z,Not Applicable,_Z,Not Applicable,2024,17.61548499171412,MEAN,Mean,ITU_GCI,Global Cybersecurity Index,0,Units,IX,Index,602,CCYY,A,Normal value,PU,Public
datastructure,WB.DATA360:DS_DATA360(1.2),I,A,Annual,ZWE,Zimbabwe,ITU_GCI_TECH_SCORE,Technical Score - TS (ITU GCI),_T,Total,_T,All age ranges or no breakdown by age,_T,Total,0_TO_20,0-20 scale,_Z,Not Applicable,_Z,Not Applicable,_Z,Not Applicable,2024,1.391486325802616,MEAN,Mean,ITU_GCI,Global Cybersecurity Index,0,Units,IX,Index,602,CCYY,A,Normal value,PU,Public
