STRUCTURE,STRUCTURE_ID,ACTION,FREQ,FREQ_LABEL,REF_AREA,REF_AREA_LABEL,INDICATOR,INDICATOR_LABEL,SEX,SEX_LABEL,AGE,AGE_LABEL,URBANISATION,URBANISATION_LABEL,UNIT_MEASURE,UNIT_MEASURE_LABEL,COMP_BREAKDOWN_1,COMP_BREAKDOWN_1_LABEL,COMP_BREAKDOWN_2,COMP_BREAKDOWN_2_LABEL,COMP_BREAKDOWN_3,COMP_BREAKDOWN_3_LABEL,TIME_PERIOD,OBS_VALUE,AGG_METHOD,AGG_METHOD_LABEL,DATABASE_ID,DATABASE_ID_LABEL,UNIT_MULT,UNIT_MULT_LABEL,UNIT_TYPE,UNIT_TYPE_LABEL,TIME_FORMAT,TIME_FORMAT_LABEL,OBS_STATUS,OBS_STATUS_LABEL,OBS_CONF,OBS_CONF_LABEL
datastructure,WB.DATA360:DS_DATA360(1.2),I,A,Annual,AFG,Afghanistan,ITU_GCI_ORG_SCORE,Organizational Score - OS (ITU GCI),_T,Total,_T,All age ranges or no breakdown by age,_T,Total,0_TO_20,0-20 scale,_Z,Not Applicable,_Z,Not Applicable,_Z,Not Applicable,2020,3.345931764635381,MEAN,Mean,ITU_GCI,Global Cybersecurity Index,0,Units,IX,Index,602,CCYY,A,Normal value,PU,Public
datastructure,WB.DATA360:DS_DATA360(1.2),I,A,Annual,ALB,Albania,ITU_GCI_ORG_SCORE,Organizational Score - OS (ITU GCI),_T,Total,_T,All age ranges or no breakdown by age,_T,Total,0_TO_20,0-20 scale,_Z,Not Applicable,_Z,Not Applicable,_Z,Not Applicable,2020,13.181177760097816,MEAN,Mean,ITU_GCI,Global Cybersecurity Index,0,Units,IX,Index,602,CCYY,A,Normal value,PU,Public
datastructure,WB.DATA360:DS_DATA360(1.2),I,A,Annual,DZA,Algeria,ITU_GCI_ORG_SCORE,Organizational Score - OS (ITU GCI),_T,Total,_T,All age ranges or no breakdown by age,_T,Total,0_TO_20,0-20 scale,_Z,Not Applicable,_Z,Not Applicable,_Z,Not Applicable,2020,1.4414531141088196,MEAN,Mean,ITU_GCI,Global Cybersecurity Index,0,Units,IX,Index,602,CCYY,A,Normal value,PU,Public
datastructure,WB.DATA360:DS_DATA360(1.2),I,A,Annual,AND,Andorra,ITU_GCI_ORG_SCORE,Organizational Score - OS (ITU GCI),_T,Total,_T,All age ranges or no breakdown by age,_T,Total,0_TO_20,0-20 scale,_Z,Not Applicable,_Z,Not Applicable,_Z,Not Applicable,2020,0.0,MEAN,Mean,ITU_GCI,Global Cybersecurity Index,0,Units,IX,Index,602,CCYY,A,Normal value,PU,Public
datastructure,WB.DATA360:DS_DATA360(1.2),I,A,Annual,AGO,Angola,ITU_GCI_ORG_SCORE,Organizational Score - OS (ITU GCI),_T,Total,_T,All age ranges or no breakdown by age,_T,Total,0_TO_20,0-20 scale,_Z,Not Applicable,_Z,Not Applicable,_Z,Not Applicable,2020,0.0,MEAN,Mean,ITU_GCI,Global Cybersecurity Index,0,Units,IX,Index,602,CCYY,A,Normal value,PU,Public
datastructure,WB.DATA360:DS_DATA360(1.2),I,A,Annual,ATG,Antigua and Barbuda,ITU_GCI_ORG_SCORE,Organizational Score - OS (ITU GCI),_T,Total,_T,All age ranges or no breakdown by age,_T,Total,0_TO_20,0-20 scale,_Z,Not Applicable,_Z,Not Applicable,_Z,Not Applicable,2020,0.0,MEAN,Mean,ITU_GCI,Global Cybersecurity Index,0,Units,IX,Index,602,CCYY,A,Normal value,PU,Public
datastructure,WB.DATA360:DS_DATA360(1.2),I,A,Annual,ARG,Argentina,ITU_GCI_ORG_SCORE,Organizational Score - OS (ITU GCI),_T,Total,_T,All age ranges or no breakdown by age,_T,Total,0_TO_20,0-20 scale,_Z,Not Applicable,_Z,Not Applicable,_Z,Not Applicable,2020,8.289025047809488,MEAN,Mean,ITU_GCI,Global Cybersecurity Index,0,Units,IX,Index,602,CCYY,A,Normal value,PU,Public
datastructure,WB.DATA360:DS_DATA360(1.2),I,A,Annual,ARM,Armenia,ITU_GCI_ORG_SCORE,Organizational Score - OS (ITU GCI),_T,Total,_T,All age ranges or no breakdown by age,_T,Total,0_TO_20,0-20 scale,_Z,Not Applicable,_Z,Not Applicable,_Z,Not Applicable,2020,4.865938537865431,MEAN,Mean,ITU_GCI,Global Cybersecurity Index,0,Units,IX,Index,602,CCYY,A,Normal value,PU,Public
datastructure,WB.DATA360:DS_DATA360(1.2),I,A,Annual,AUS,Australia,ITU_GCI_ORG_SCORE,Organizational Score - OS (ITU GCI),_T,Total,_T,All age ranges or no breakdown by age,_T,Total,0_TO_20,0-20 scale,_Z,Not Applicable,_Z,Not Applicable,_Z,Not Applicable,2020,18.981411018628616,MEAN,Mean,ITU_GCI,Global Cybersecurity Index,0,Units,IX,Index,602,CCYY,A,Normal value,PU,Public
datastructure,WB.DATA360:DS_DATA360(1.2),I,A,Annual,AUT,Austria,ITU_GCI_ORG_SCORE,Organizational Score - OS (ITU GCI),_T,Total,_T,All age ranges or no breakdown by age,_T,Total,0_TO_20,0-20 scale,_Z,Not Applicable,_Z,Not Applicable,_Z,Not Applicable,2020,17.64119289210352,MEAN,Mean,ITU_GCI,Global Cybersecurity Index,0,Units,IX,Index,602,CCYY,A,Normal value,PU,Public
datastructure,WB.DATA360:DS_DATA360(1.2),I,A,Annual,AZE,Azerbaijan,ITU_GCI_ORG_SCORE,Organizational Score - OS (ITU GCI),_T,Total,_T,All age ranges or no breakdown by age,_T,Total,0_TO_20,0-20 scale,_Z,Not Applicable,_Z,Not Applicable,_Z,Not Applicable,2020,13.13684601664685,MEAN,Mean,ITU_GCI,Global Cybersecurity Index,0,Units,IX,Index,602,CCYY,A,Normal value,PU,Public
datastructure,WB.DATA360:DS_DATA360(1.2),I,A,Annual,BHS,"Bahamas, The",ITU_GCI_ORG_SCORE,Organizational Score - OS (ITU GCI),_T,Total,_T,All age ranges or no breakdown by age,_T,Total,0_TO_20,0-20 scale,_Z,Not Applicable,_Z,Not Applicable,_Z,Not Applicable,2020,0.0,MEAN,Mean,ITU_GCI,Global Cybersecurity Index,0,Units,IX,Index,602,CCYY,A,Normal value,PU,Public
datastructure,WB.DATA360:DS_DATA360(1.2),I,A,Annual,BHR,Bahrain,ITU_GCI_ORG_SCORE,Organizational Score - OS (ITU GCI),_T,Total,_T,All age ranges or no breakdown by age,_T,Total,0_TO_20,0-20 scale,_Z,Not Applicable,_Z,Not Applicable,_Z,Not Applicable,2020,15.110275478857114,MEAN,Mean,ITU_GCI,Global Cybersecurity Index,0,Units,IX,Index,602,CCYY,A,Normal value,PU,Public
datastructure,WB.DATA360:DS_DATA360(1.2),I,A,Annual,BGD,Bangladesh,ITU_GCI_ORG_SCORE,Organizational Score - OS (ITU GCI),_T,Total,_T,All age ranges or no breakdown by age,_T,Total,0_TO_20,0-20 scale,_Z,Not Applicable,_Z,Not Applicable,_Z,Not Applicable,2020,16.392104153722094,MEAN,Mean,ITU_GCI,Global Cybersecurity Index,0,Units,IX,Index,602,CCYY,A,Normal value,PU,Public
datastructure,WB.DATA360:DS_DATA360(1.2),I,A,Annual,BRB,Barbados,ITU_GCI_ORG_SCORE,Organizational Score - OS (ITU GCI),_T,Total,_T,All age ranges or no breakdown by age,_T,Total,0_TO_20,0-20 scale,_Z,Not Applicable,_Z,Not Applicable,_Z,Not Applicable,2020,0.0,MEAN,Mean,ITU_GCI,Global Cybersecurity Index,0,Units,IX,Index,602,CCYY,A,Normal value,PU,Public
datastructure,WB.DATA360:DS_DATA360(1.2),I,A,Annual,BLR,Belarus,ITU_GCI_ORG_SCORE,Organizational Score - OS (ITU GCI),_T,Total,_T,All age ranges or no breakdown by age,_T,Total,0_TO_20,0-20 scale,_Z,Not Applicable,_Z,Not Applicable,_Z,Not Applicable,2020,8.30803740862579,MEAN,Mean,ITU_GCI,Global Cybersecurity Index,0,Units,IX,Index,602,CCYY,A,Normal value,PU,Public
datastructure,WB.DATA360:DS_DATA360(1.2),I,A,Annual,BEL,Belgium,ITU_GCI_ORG_SCORE,Organizational Score - OS (ITU GCI),_T,Total,_T,All age ranges or no breakdown by age,_T,Total,0_TO_20,0-20 scale,_Z,Not Applicable,_Z,Not Applicable,_Z,Not Applicable,2020,16.254221165279432,MEAN,Mean,ITU_GCI,Global Cybersecurity Index,0,Units,IX,Index,602,CCYY,A,Normal value,PU,Public
datastructure,WB.DATA360:DS_DATA360(1.2),I,A,Annual,BLZ,Belize,ITU_GCI_ORG_SCORE,Organizational Score - OS (ITU GCI),_T,Total,_T,All age ranges or no breakdown by age,_T,Total,0_TO_20,0-20 scale,_Z,Not Applicable,_Z,Not Applicable,_Z,Not Applicable,2020,3.0085067511520007,MEAN,Mean,ITU_GCI,Global Cybersecurity Index,0,Units,IX,Index,602,CCYY,A,Normal value,PU,Public
datastructure,WB.DATA360:DS_DATA360(1.2),I,A,Annual,BEN,Benin,ITU_GCI_ORG_SCORE,Organizational Score - OS (ITU GCI),_T,Total,_T,All age ranges or no breakdown by age,_T,Total,0_TO_20,0-20 scale,_Z,Not Applicable,_Z,Not Applicable,_Z,Not Applicable,2020,19.47995811872944,MEAN,Mean,ITU_GCI,Global Cybersecurity Index,0,Units,IX,Index,602,CCYY,A,Normal value,PU,Public
datastructure,WB.DATA360:DS_DATA360(1.2),I,A,Annual,BTN,Bhutan,ITU_GCI_ORG_SCORE,Organizational Score - OS (ITU GCI),_T,Total,_T,All age ranges or no breakdown by age,_T,Total,0_TO_20,0-20 scale,_Z,Not Applicable,_Z,Not Applicable,_Z,Not Applicable,2020,3.469689204149412,MEAN,Mean,ITU_GCI,Global Cybersecurity Index,0,Units,IX,Index,602,CCYY,A,Normal value,PU,Public
datastructure,WB.DATA360:DS_DATA360(1.2),I,A,Annual,BOL,Bolivia,ITU_GCI_ORG_SCORE,Organizational Score - OS (ITU GCI),_T,Total,_T,All age ranges or no breakdown by age,_T,Total,0_TO_20,0-20 scale,_Z,Not Applicable,_Z,Not Applicable,_Z,Not Applicable,2020,0.0,MEAN,Mean,ITU_GCI,Global Cybersecurity Index,0,Units,IX,Index,602,CCYY,A,Normal value,PU,Public
datastructure,WB.DATA360:DS_DATA360(1.2),I,A,Annual,BIH,Bosnia and Herzegovina,ITU_GCI_ORG_SCORE,Organizational Score - OS (ITU GCI),_T,Total,_T,All age ranges or no breakdown by age,_T,Total,0_TO_20,0-20 scale,_Z,Not Applicable,_Z,Not Applicable,_Z,Not Applicable,2020,1.018588981371383,MEAN,Mean,ITU_GCI,Global Cybersecurity Index,0,Units,IX,Index,602,CCYY,A,Normal value,PU,Public
datastructure,WB.DATA360:DS_DATA360(1.2),I,A,Annual,BWA,Botswana,ITU_GCI_ORG_SCORE,Organizational Score - OS (ITU GCI),_T,Total,_T,All age ranges or no breakdown by age,_T,Total,0_TO_20,0-20 scale,_Z,Not Applicable,_Z,Not Applicable,_Z,Not Applicable,2020,14.162518562645412,MEAN,Mean,ITU_GCI,Global Cybersecurity Index,0,Units,IX,Index,602,CCYY,A,Normal value,PU,Public
datastructure,WB.DATA360:DS_DATA360(1.2),I,A,Annual,BRA,Brazil,ITU_GCI_ORG_SCORE,Organizational Score - OS (ITU GCI),_T,Total,_T,All age ranges or no breakdown by age,_T,Total,0_TO_20,0-20 scale,_Z,Not Applicable,_Z,Not Applicable,_Z,Not Applicable,2020,18.981411018628616,MEAN,Mean,ITU_GCI,Global Cybersecurity Index,0,Units,IX,Index,602,CCYY,A,Normal value,PU,Public
datastructure,WB.DATA360:DS_DATA360(1.2),I,A,Annual,BRN,Brunei Darussalam,ITU_GCI_ORG_SCORE,Organizational Score - OS (ITU GCI),_T,Total,_T,All age ranges or no breakdown by age,_T,Total,0_TO_20,0-20 scale,_Z,Not Applicable,_Z,Not Applicable,_Z,Not Applicable,2020,10.844811842455249,MEAN,Mean,ITU_GCI,Global Cybersecurity Index,0,Units,IX,Index,602,CCYY,A,Normal value,PU,Public
datastructure,WB.DATA360:DS_DATA360(1.2),I,A,Annual,BGR,Bulgaria,ITU_GCI_ORG_SCORE,Organizational Score - OS (ITU GCI),_T,Total,_T,All age ranges or no breakdown by age,_T,Total,0_TO_20,0-20 scale,_Z,Not Applicable,_Z,Not Applicable,_Z,Not Applicable,2020,13.715296283475842,MEAN,Mean,ITU_GCI,Global Cybersecurity Index,0,Units,IX,Index,602,CCYY,A,Normal value,PU,Public
datastructure,WB.DATA360:DS_DATA360(1.2),I,A,Annual,BFA,Burkina Faso,ITU_GCI_ORG_SCORE,Organizational Score - OS (ITU GCI),_T,Total,_T,All age ranges or no breakdown by age,_T,Total,0_TO_20,0-20 scale,_Z,Not Applicable,_Z,Not Applicable,_Z,Not Applicable,2020,8.749137359370712,MEAN,Mean,ITU_GCI,Global Cybersecurity Index,0,Units,IX,Index,602,CCYY,A,Normal value,PU,Public
datastructure,WB.DATA360:DS_DATA360(1.2),I,A,Annual,BDI,Burundi,ITU_GCI_ORG_SCORE,Organizational Score - OS (ITU GCI),_T,Total,_T,All age ranges or no breakdown by age,_T,Total,0_TO_20,0-20 scale,_Z,Not Applicable,_Z,Not Applicable,_Z,Not Applicable,2020,0.0,MEAN,Mean,ITU_GCI,Global Cybersecurity Index,0,Units,IX,Index,602,CCYY,A,Normal value,PU,Public
datastructure,WB.DATA360:DS_DATA360(1.2),I,A,Annual,CPV,Cabo Verde,ITU_GCI_ORG_SCORE,Organizational Score - OS (ITU GCI),_T,Total,_T,All age ranges or no breakdown by age,_T,Total,0_TO_20,0-20 scale,_Z,Not Applicable,_Z,Not Applicable,_Z,Not Applicable,2020,5.004908344556343,MEAN,Mean,ITU_GCI,Global Cybersecurity Index,0,Units,IX,Index,602,CCYY,A,Normal value,PU,Public
datastructure,WB.DATA360:DS_DATA360(1.2),I,A,Annual,KHM,Cambodia,ITU_GCI_ORG_SCORE,Organizational Score - OS (ITU GCI),_T,Total,_T,All age ranges or no breakdown by age,_T,Total,0_TO_20,0-20 scale,_Z,Not Applicable,_Z,Not Applicable,_Z,Not Applicable,2020,1.6869551847144206,MEAN,Mean,ITU_GCI,Global Cybersecurity Index,0,Units,IX,Index,602,CCYY,A,Normal value,PU,Public
datastructure,WB.DATA360:DS_DATA360(1.2),I,A,Annual,CMR,Cameroon,ITU_GCI_ORG_SCORE,Organizational Score - OS (ITU GCI),_T,Total,_T,All age ranges or no breakdown by age,_T,Total,0_TO_20,0-20 scale,_Z,Not Applicable,_Z,Not Applicable,_Z,Not Applicable,2020,5.670585270682139,MEAN,Mean,ITU_GCI,Global Cybersecurity Index,0,Units,IX,Index,602,CCYY,A,Normal value,PU,Public
datastructure,WB.DATA360:DS_DATA360(1.2),I,A,Annual,CAN,Canada,ITU_GCI_ORG_SCORE,Organizational Score - OS (ITU GCI),_T,Total,_T,All age ranges or no breakdown by age,_T,Total,0_TO_20,0-20 scale,_Z,Not Applicable,_Z,Not Applicable,_Z,Not Applicable,2020,20.0,MEAN,Mean,ITU_GCI,Global Cybersecurity Index,0,Units,IX,Index,602,CCYY,A,Normal value,PU,Public
datastructure,WB.DATA360:DS_DATA360(1.2),I,A,Annual,CAF,Central African Republic,ITU_GCI_ORG_SCORE,Organizational Score - OS (ITU GCI),_T,Total,_T,All age ranges or no breakdown by age,_T,Total,0_TO_20,0-20 scale,_Z,Not Applicable,_Z,Not Applicable,_Z,Not Applicable,2020,0.0,MEAN,Mean,ITU_GCI,Global Cybersecurity Index,0,Units,IX,Index,602,CCYY,A,Normal value,PU,Public
datastructure,WB.DATA360:DS_DATA360(1.2),I,A,Annual,TCD,Chad,ITU_GCI_ORG_SCORE,Organizational Score - OS (ITU GCI),_T,Total,_T,All age ranges or no breakdown by age,_T,Total,0_TO_20,0-20 scale,_Z,Not Applicable,_Z,Not Applicable,_Z,Not Applicable,2020,6.496526781199174,MEAN,Mean,ITU_GCI,Global Cybersecurity Index,0,Units,IX,Index,602,CCYY,A,Normal value,PU,Public
datastructure,WB.DATA360:DS_DATA360(1.2),I,A,Annual,CHL,Chile,ITU_GCI_ORG_SCORE,Organizational Score - OS (ITU GCI),_T,Total,_T,All age ranges or no breakdown by age,_T,Total,0_TO_20,0-20 scale,_Z,Not Applicable,_Z,Not Applicable,_Z,Not Applicable,2020,15.841883235243714,MEAN,Mean,ITU_GCI,Global Cybersecurity Index,0,Units,IX,Index,602,CCYY,A,Normal value,PU,Public
datastructure,WB.DATA360:DS_DATA360(1.2),I,A,Annual,CHN,China,ITU_GCI_ORG_SCORE,Organizational Score - OS (ITU GCI),_T,Total,_T,All age ranges or no breakdown by age,_T,Total,0_TO_20,0-20 scale,_Z,Not Applicable,_Z,Not Applicable,_Z,Not Applicable,2020,16.634587823193726,MEAN,Mean,ITU_GCI,Global Cybersecurity Index,0,Units,IX,Index,602,CCYY,A,Normal value,PU,Public
datastructure,WB.DATA360:DS_DATA360(1.2),I,A,Annual,COL,Colombia,ITU_GCI_ORG_SCORE,Organizational Score - OS (ITU GCI),_T,Total,_T,All age ranges or no breakdown by age,_T,Total,0_TO_20,0-20 scale,_Z,Not Applicable,_Z,Not Applicable,_Z,Not Applicable,2020,6.665875983393102,MEAN,Mean,ITU_GCI,Global Cybersecurity Index,0,Units,IX,Index,602,CCYY,A,Normal value,PU,Public
datastructure,WB.DATA360:DS_DATA360(1.2),I,A,Annual,COM,Comoros,ITU_GCI_ORG_SCORE,Organizational Score - OS (ITU GCI),_T,Total,_T,All age ranges or no breakdown by age,_T,Total,0_TO_20,0-20 scale,_Z,Not Applicable,_Z,Not Applicable,_Z,Not Applicable,2020,1.6869551847144206,MEAN,Mean,ITU_GCI,Global Cybersecurity Index,0,Units,IX,Index,602,CCYY,A,Normal value,PU,Public
datastructure,WB.DATA360:DS_DATA360(1.2),I,A,Annual,COG,"Congo, Rep.",ITU_GCI_ORG_SCORE,Organizational Score - OS (ITU GCI),_T,Total,_T,All age ranges or no breakdown by age,_T,Total,0_TO_20,0-20 scale,_Z,Not Applicable,_Z,Not Applicable,_Z,Not Applicable,2020,0.0,MEAN,Mean,ITU_GCI,Global Cybersecurity Index,0,Units,IX,Index,602,CCYY,A,Normal value,PU,Public
datastructure,WB.DATA360:DS_DATA360(1.2),I,A,Annual,CRI,Costa Rica,ITU_GCI_ORG_SCORE,Organizational Score - OS (ITU GCI),_T,Total,_T,All age ranges or no breakdown by age,_T,Total,0_TO_20,0-20 scale,_Z,Not Applicable,_Z,Not Applicable,_Z,Not Applicable,2020,12.66432489531325,MEAN,Mean,ITU_GCI,Global Cybersecurity Index,0,Units,IX,Index,602,CCYY,A,Normal value,PU,Public
datastructure,WB.DATA360:DS_DATA360(1.2),I,A,Annual,CIV,Cote d'Ivoire,ITU_GCI_ORG_SCORE,Organizational Score - OS (ITU GCI),_T,Total,_T,All age ranges or no breakdown by age,_T,Total,0_TO_20,0-20 scale,_Z,Not Applicable,_Z,Not Applicable,_Z,Not Applicable,2020,12.138740454529206,MEAN,Mean,ITU_GCI,Global Cybersecurity Index,0,Units,IX,Index,602,CCYY,A,Normal value,PU,Public
datastructure,WB.DATA360:DS_DATA360(1.2),I,A,Annual,HRV,Croatia,ITU_GCI_ORG_SCORE,Organizational Score - OS (ITU GCI),_T,Total,_T,All age ranges or no breakdown by age,_T,Total,0_TO_20,0-20 scale,_Z,Not Applicable,_Z,Not Applicable,_Z,Not Applicable,2020,14.80432210335996,MEAN,Mean,ITU_GCI,Global Cybersecurity Index,0,Units,IX,Index,602,CCYY,A,Normal value,PU,Public
datastructure,WB.DATA360:DS_DATA360(1.2),I,A,Annual,CUB,Cuba,ITU_GCI_ORG_SCORE,Organizational Score - OS (ITU GCI),_T,Total,_T,All age ranges or no breakdown by age,_T,Total,0_TO_20,0-20 scale,_Z,Not Applicable,_Z,Not Applicable,_Z,Not Applicable,2020,13.910612208530328,MEAN,Mean,ITU_GCI,Global Cybersecurity Index,0,Units,IX,Index,602,CCYY,A,Normal value,PU,Public
datastructure,WB.DATA360:DS_DATA360(1.2),I,A,Annual,CYP,Cyprus,ITU_GCI_ORG_SCORE,Organizational Score - OS (ITU GCI),_T,Total,_T,All age ranges or no breakdown by age,_T,Total,0_TO_20,0-20 scale,_Z,Not Applicable,_Z,Not Applicable,_Z,Not Applicable,2020,18.414615537059056,MEAN,Mean,ITU_GCI,Global Cybersecurity Index,0,Units,IX,Index,602,CCYY,A,Normal value,PU,Public
datastructure,WB.DATA360:DS_DATA360(1.2),I,A,Annual,CZE,Czechia,ITU_GCI_ORG_SCORE,Organizational Score - OS (ITU GCI),_T,Total,_T,All age ranges or no breakdown by age,_T,Total,0_TO_20,0-20 scale,_Z,Not Applicable,_Z,Not Applicable,_Z,Not Applicable,2020,14.197813826325651,MEAN,Mean,ITU_GCI,Global Cybersecurity Index,0,Units,IX,Index,602,CCYY,A,Normal value,PU,Public
datastructure,WB.DATA360:DS_DATA360(1.2),I,A,Annual,PRK,"Korea, Dem. People's Rep.",ITU_GCI_ORG_SCORE,Organizational Score - OS (ITU GCI),_T,Total,_T,All age ranges or no breakdown by age,_T,Total,0_TO_20,0-20 scale,_Z,Not Applicable,_Z,Not Applicable,_Z,Not Applicable,2020,0.0,MEAN,Mean,ITU_GCI,Global Cybersecurity Index,0,Units,IX,Index,602,CCYY,A,Normal value,PU,Public
datastructure,WB.DATA360:DS_DATA360(1.2),I,A,Annual,COD,"Congo, Dem. Rep.",ITU_GCI_ORG_SCORE,Organizational Score - OS (ITU GCI),_T,Total,_T,All age ranges or no breakdown by age,_T,Total,0_TO_20,0-20 scale,_Z,Not Applicable,_Z,Not Applicable,_Z,Not Applicable,2020,0.0,MEAN,Mean,ITU_GCI,Global Cybersecurity Index,0,Units,IX,Index,602,CCYY,A,Normal value,PU,Public
datastructure,WB.DATA360:DS_DATA360(1.2),I,A,Annual,DNK,Denmark,ITU_GCI_ORG_SCORE,Organizational Score - OS (ITU GCI),_T,Total,_T,All age ranges or no breakdown by age,_T,Total,0_TO_20,0-20 scale,_Z,Not Applicable,_Z,Not Applicable,_Z,Not Applicable,2020,18.981411018628616,MEAN,Mean,ITU_GCI,Global Cybersecurity Index,0,Units,IX,Index,602,CCYY,A,Normal value,PU,Public
datastructure,WB.DATA360:DS_DATA360(1.2),I,A,Annual,DJI,Djibouti,ITU_GCI_ORG_SCORE,Organizational Score - OS (ITU GCI),_T,Total,_T,All age ranges or no breakdown by age,_T,Total,0_TO_20,0-20 scale,_Z,Not Applicable,_Z,Not Applicable,_Z,Not Applicable,2020,0.0,MEAN,Mean,ITU_GCI,Global Cybersecurity Index,0,Units,IX,Index,602,CCYY,A,Normal value,PU,Public
datastructure,WB.DATA360:DS_DATA360(1.2),I,A,Annual,DMA,Dominica,ITU_GCI_ORG_SCORE,Organizational Score - OS (ITU GCI),_T,Total,_T,All age ranges or no breakdown by age,_T,Total,0_TO_20,0-20 scale,_Z,Not Applicable,_Z,Not Applicable,_Z,Not Applicable,2020,3.345931764635381,MEAN,Mean,ITU_GCI,Global Cybersecurity Index,0,Units,IX,Index,602,CCYY,A,Normal value,PU,Public
datastructure,WB.DATA360:DS_DATA360(1.2),I,A,Annual,DOM,Dominican Republic,ITU_GCI_ORG_SCORE,Organizational Score - OS (ITU GCI),_T,Total,_T,All age ranges or no breakdown by age,_T,Total,0_TO_20,0-20 scale,_Z,Not Applicable,_Z,Not Applicable,_Z,Not Applicable,2020,18.521343638525565,MEAN,Mean,ITU_GCI,Global Cybersecurity Index,0,Units,IX,Index,602,CCYY,A,Normal value,PU,Public
datastructure,WB.DATA360:DS_DATA360(1.2),I,A,Annual,ECU,Ecuador,ITU_GCI_ORG_SCORE,Organizational Score - OS (ITU GCI),_T,Total,_T,All age ranges or no breakdown by age,_T,Total,0_TO_20,0-20 scale,_Z,Not Applicable,_Z,Not Applicable,_Z,Not Applicable,2020,0.0,MEAN,Mean,ITU_GCI,Global Cybersecurity Index,0,Units,IX,Index,602,CCYY,A,Normal value,PU,Public
datastructure,WB.DATA360:DS_DATA360(1.2),I,A,Annual,EGY,"Egypt, Arab Rep.",ITU_GCI_ORG_SCORE,Organizational Score - OS (ITU GCI),_T,Total,_T,All age ranges or no breakdown by age,_T,Total,0_TO_20,0-20 scale,_Z,Not Applicable,_Z,Not Applicable,_Z,Not Applicable,2020,20.0,MEAN,Mean,ITU_GCI,Global Cybersecurity Index,0,Units,IX,Index,602,CCYY,A,Normal value,PU,Public
datastructure,WB.DATA360:DS_DATA360(1.2),I,A,Annual,SLV,El Salvador,ITU_GCI_ORG_SCORE,Organizational Score - OS (ITU GCI),_T,Total,_T,All age ranges or no breakdown by age,_T,Total,0_TO_20,0-20 scale,_Z,Not Applicable,_Z,Not Applicable,_Z,Not Applicable,2020,0.0,MEAN,Mean,ITU_GCI,Global Cybersecurity Index,0,Units,IX,Index,602,CCYY,A,Normal value,PU,Public
datastructure,WB.DATA360:DS_DATA360(1.2),I,A,Annual,GNQ,Equatorial Guinea,ITU_GCI_ORG_SCORE,Organizational Score - OS (ITU GCI),_T,Total,_T,All age ranges or no breakdown by age,_T,Total,0_TO_20,0-20 scale,_Z,Not Applicable,_Z,Not Applicable,_Z,Not Applicable,2020,0.0,MEAN,Mean,ITU_GCI,Global Cybersecurity Index,0,Units,IX,Index,602,CCYY,A,Normal value,PU,Public
datastructure,WB.DATA360:DS_DATA360(1.2),I,A,Annual,ERI,Eritrea,ITU_GCI_ORG_SCORE,Organizational Score - OS (ITU GCI),_T,Total,_T,All age ranges or no breakdown by age,_T,Total,0_TO_20,0-20 scale,_Z,Not Applicable,_Z,Not Applicable,_Z,Not Applicable,2020,0.0,MEAN,Mean,ITU_GCI,Global Cybersecurity Index,0,Units,IX,Index,602,CCYY,A,Normal value,PU,Public
datastructure,WB.DATA360:DS_DATA360(1.2),I,A,Annual,EST,Estonia,ITU_GCI_ORG_SCORE,Organizational Score - OS (ITU GCI),_T,Total,_T,All age ranges or no breakdown by age,_T,Total,0_TO_20,0-20 scale,_Z,Not Applicable,_Z,Not Applicable,_Z,Not Applicable,2020,20.0,MEAN,Mean,ITU_GCI,Global Cybersecurity Index,0,Units,IX,Index,602,CCYY,A,Normal value,PU,Public
datastructure,WB.DATA360:DS_DATA360(1.2),I,A,Annual,SWZ,Eswatini,ITU_GCI_ORG_SCORE,Organizational Score - OS (ITU GCI),_T,Total,_T,All age ranges or no breakdown by age,_T,Total,0_TO_20,0-20 scale,_Z,Not Applicable,_Z,Not Applicable,_Z,Not Applicable,2020,3.4857578940852902,MEAN,Mean,ITU_GCI,Global Cybersecurity Index,0,Units,IX,Index,602,CCYY,A,Normal value,PU,Public
datastructure,WB.DATA360:DS_DATA360(1.2),I,A,Annual,ETH,Ethiopia,ITU_GCI_ORG_SCORE,Organizational Score - OS (ITU GCI),_T,Total,_T,All age ranges or no breakdown by age,_T,Total,0_TO_20,0-20 scale,_Z,Not Applicable,_Z,Not Applicable,_Z,Not Applicable,2020,8.031745921606104,MEAN,Mean,ITU_GCI,Global Cybersecurity Index,0,Units,IX,Index,602,CCYY,A,Normal value,PU,Public
datastructure,WB.DATA360:DS_DATA360(1.2),I,A,Annual,FJI,Fiji,ITU_GCI_ORG_SCORE,Organizational Score - OS (ITU GCI),_T,Total,_T,All age ranges or no breakdown by age,_T,Total,0_TO_20,0-20 scale,_Z,Not Applicable,_Z,Not Applicable,_Z,Not Applicable,2020,6.592434772506731,MEAN,Mean,ITU_GCI,Global Cybersecurity Index,0,Units,IX,Index,602,CCYY,A,Normal value,PU,Public
datastructure,WB.DATA360:DS_DATA360(1.2),I,A,Annual,FIN,Finland,ITU_GCI_ORG_SCORE,Organizational Score - OS (ITU GCI),_T,Total,_T,All age ranges or no breakdown by age,_T,Total,0_TO_20,0-20 scale,_Z,Not Applicable,_Z,Not Applicable,_Z,Not Applicable,2020,17.396026555687673,MEAN,Mean,ITU_GCI,Global Cybersecurity Index,0,Units,IX,Index,602,CCYY,A,Normal value,PU,Public
datastructure,WB.DATA360:DS_DATA360(1.2),I,A,Annual,FRA,France,ITU_GCI_ORG_SCORE,Organizational Score - OS (ITU GCI),_T,Total,_T,All age ranges or no breakdown by age,_T,Total,0_TO_20,0-20 scale,_Z,Not Applicable,_Z,Not Applicable,_Z,Not Applicable,2020,18.981411018628616,MEAN,Mean,ITU_GCI,Global Cybersecurity Index,0,Units,IX,Index,602,CCYY,A,Normal value,PU,Public
datastructure,WB.DATA360:DS_DATA360(1.2),I,A,Annual,GAB,Gabon,ITU_GCI_ORG_SCORE,Organizational Score - OS (ITU GCI),_T,Total,_T,All age ranges or no breakdown by age,_T,Total,0_TO_20,0-20 scale,_Z,Not Applicable,_Z,Not Applicable,_Z,Not Applicable,2020,1.6869551847144206,MEAN,Mean,ITU_GCI,Global Cybersecurity Index,0,Units,IX,Index,602,CCYY,A,Normal value,PU,Public
datastructure,WB.DATA360:DS_DATA360(1.2),I,A,Annual,GMB,"Gambia, The",ITU_GCI_ORG_SCORE,Organizational Score - OS (ITU GCI),_T,Total,_T,All age ranges or no breakdown by age,_T,Total,0_TO_20,0-20 scale,_Z,Not Applicable,_Z,Not Applicable,_Z,Not Applicable,2020,8.782228412399032,MEAN,Mean,ITU_GCI,Global Cybersecurity Index,0,Units,IX,Index,602,CCYY,A,Normal value,PU,Public
datastructure,WB.DATA360:DS_DATA360(1.2),I,A,Annual,GEO,Georgia,ITU_GCI_ORG_SCORE,Organizational Score - OS (ITU GCI),_T,Total,_T,All age ranges or no breakdown by age,_T,Total,0_TO_20,0-20 scale,_Z,Not Applicable,_Z,Not Applicable,_Z,Not Applicable,2020,14.666164834582847,MEAN,Mean,ITU_GCI,Global Cybersecurity Index,0,Units,IX,Index,602,CCYY,A,Normal value,PU,Public
datastructure,WB.DATA360:DS_DATA360(1.2),I,A,Annual,DEU,Germany,ITU_GCI_ORG_SCORE,Organizational Score - OS (ITU GCI),_T,Total,_T,All age ranges or no breakdown by age,_T,Total,0_TO_20,0-20 scale,_Z,Not Applicable,_Z,Not Applicable,_Z,Not Applicable,2020,18.981411018628616,MEAN,Mean,ITU_GCI,Global Cybersecurity Index,0,Units,IX,Index,602,CCYY,A,Normal value,PU,Public
datastructure,WB.DATA360:DS_DATA360(1.2),I,A,Annual,GHA,Ghana,ITU_GCI_ORG_SCORE,Organizational Score - OS (ITU GCI),_T,Total,_T,All age ranges or no breakdown by age,_T,Total,0_TO_20,0-20 scale,_Z,Not Applicable,_Z,Not Applicable,_Z,Not Applicable,2020,17.782261923723496,MEAN,Mean,ITU_GCI,Global Cybersecurity Index,0,Units,IX,Index,602,CCYY,A,Normal value,PU,Public
datastructure,WB.DATA360:DS_DATA360(1.2),I,A,Annual,GRC,Greece,ITU_GCI_ORG_SCORE,Organizational Score - OS (ITU GCI),_T,Total,_T,All age ranges or no breakdown by age,_T,Total,0_TO_20,0-20 scale,_Z,Not Applicable,_Z,Not Applicable,_Z,Not Applicable,2020,18.981411018628616,MEAN,Mean,ITU_GCI,Global Cybersecurity Index,0,Units,IX,Index,602,CCYY,A,Normal value,PU,Public
datastructure,WB.DATA360:DS_DATA360(1.2),I,A,Annual,GRD,Grenada,ITU_GCI_ORG_SCORE,Organizational Score - OS (ITU GCI),_T,Total,_T,All age ranges or no breakdown by age,_T,Total,0_TO_20,0-20 scale,_Z,Not Applicable,_Z,Not Applicable,_Z,Not Applicable,2020,0.0,MEAN,Mean,ITU_GCI,Global Cybersecurity Index,0,Units,IX,Index,602,CCYY,A,Normal value,PU,Public
datastructure,WB.DATA360:DS_DATA360(1.2),I,A,Annual,GTM,Guatemala,ITU_GCI_ORG_SCORE,Organizational Score - OS (ITU GCI),_T,Total,_T,All age ranges or no breakdown by age,_T,Total,0_TO_20,0-20 scale,_Z,Not Applicable,_Z,Not Applicable,_Z,Not Applicable,2020,6.007743928273675,MEAN,Mean,ITU_GCI,Global Cybersecurity Index,0,Units,IX,Index,602,CCYY,A,Normal value,PU,Public
datastructure,WB.DATA360:DS_DATA360(1.2),I,A,Annual,GIN,Guinea,ITU_GCI_ORG_SCORE,Organizational Score - OS (ITU GCI),_T,Total,_T,All age ranges or no breakdown by age,_T,Total,0_TO_20,0-20 scale,_Z,Not Applicable,_Z,Not Applicable,_Z,Not Applicable,2020,1.6869551847144206,MEAN,Mean,ITU_GCI,Global Cybersecurity Index,0,Units,IX,Index,602,CCYY,A,Normal value,PU,Public
datastructure,WB.DATA360:DS_DATA360(1.2),I,A,Annual,GNB,Guinea-Bissau,ITU_GCI_ORG_SCORE,Organizational Score - OS (ITU GCI),_T,Total,_T,All age ranges or no breakdown by age,_T,Total,0_TO_20,0-20 scale,_Z,Not Applicable,_Z,Not Applicable,_Z,Not Applicable,2020,0.0,MEAN,Mean,ITU_GCI,Global Cybersecurity Index,0,Units,IX,Index,602,CCYY,A,Normal value,PU,Public
datastructure,WB.DATA360:DS_DATA360(1.2),I,A,Annual,GUY,Guyana,ITU_GCI_ORG_SCORE,Organizational Score - OS (ITU GCI),_T,Total,_T,All age ranges or no breakdown by age,_T,Total,0_TO_20,0-20 scale,_Z,Not Applicable,_Z,Not Applicable,_Z,Not Applicable,2020,6.474133206594818,MEAN,Mean,ITU_GCI,Global Cybersecurity Index,0,Units,IX,Index,602,CCYY,A,Normal value,PU,Public
datastructure,WB.DATA360:DS_DATA360(1.2),I,A,Annual,HTI,Haiti,ITU_GCI_ORG_SCORE,Organizational Score - OS (ITU GCI),_T,Total,_T,All age ranges or no breakdown by age,_T,Total,0_TO_20,0-20 scale,_Z,Not Applicable,_Z,Not Applicable,_Z,Not Applicable,2020,1.4619797859690844,MEAN,Mean,ITU_GCI,Global Cybersecurity Index,0,Units,IX,Index,602,CCYY,A,Normal value,PU,Public
datastructure,WB.DATA360:DS_DATA360(1.2),I,A,Annual,HND,Honduras,ITU_GCI_ORG_SCORE,Organizational Score - OS (ITU GCI),_T,Total,_T,All age ranges or no breakdown by age,_T,Total,0_TO_20,0-20 scale,_Z,Not Applicable,_Z,Not Applicable,_Z,Not Applicable,2020,0.0,MEAN,Mean,ITU_GCI,Global Cybersecurity Index,0,Units,IX,Index,602,CCYY,A,Normal value,PU,Public
datastructure,WB.DATA360:DS_DATA360(1.2),I,A,Annual,HUN,Hungary,ITU_GCI_ORG_SCORE,Organizational Score - OS (ITU GCI),_T,Total,_T,All age ranges or no breakdown by age,_T,Total,0_TO_20,0-20 scale,_Z,Not Applicable,_Z,Not Applicable,_Z,Not Applicable,2020,18.28921390054996,MEAN,Mean,ITU_GCI,Global Cybersecurity Index,0,Units,IX,Index,602,CCYY,A,Normal value,PU,Public
datastructure,WB.DATA360:DS_DATA360(1.2),I,A,Annual,ISL,Iceland,ITU_GCI_ORG_SCORE,Organizational Score - OS (ITU GCI),_T,Total,_T,All age ranges or no breakdown by age,_T,Total,0_TO_20,0-20 scale,_Z,Not Applicable,_Z,Not Applicable,_Z,Not Applicable,2020,17.619785388221466,MEAN,Mean,ITU_GCI,Global Cybersecurity Index,0,Units,IX,Index,602,CCYY,A,Normal value,PU,Public
datastructure,WB.DATA360:DS_DATA360(1.2),I,A,Annual,IND,India,ITU_GCI_ORG_SCORE,Organizational Score - OS (ITU GCI),_T,Total,_T,All age ranges or no breakdown by age,_T,Total,0_TO_20,0-20 scale,_Z,Not Applicable,_Z,Not Applicable,_Z,Not Applicable,2020,18.414615537059056,MEAN,Mean,ITU_GCI,Global Cybersecurity Index,0,Units,IX,Index,602,CCYY,A,Normal value,PU,Public
datastructure,WB.DATA360:DS_DATA360(1.2),I,A,Annual,IDN,Indonesia,ITU_GCI_ORG_SCORE,Organizational Score - OS (ITU GCI),_T,Total,_T,All age ranges or no breakdown by age,_T,Total,0_TO_20,0-20 scale,_Z,Not Applicable,_Z,Not Applicable,_Z,Not Applicable,2020,17.839605628220372,MEAN,Mean,ITU_GCI,Global Cybersecurity Index,0,Units,IX,Index,602,CCYY,A,Normal value,PU,Public
datastructure,WB.DATA360:DS_DATA360(1.2),I,A,Annual,IRN,"Iran, Islamic Rep.",ITU_GCI_ORG_SCORE,Organizational Score - OS (ITU GCI),_T,Total,_T,All age ranges or no breakdown by age,_T,Total,0_TO_20,0-20 scale,_Z,Not Applicable,_Z,Not Applicable,_Z,Not Applicable,2020,16.82388733860683,MEAN,Mean,ITU_GCI,Global Cybersecurity Index,0,Units,IX,Index,602,CCYY,A,Normal value,PU,Public
datastructure,WB.DATA360:DS_DATA360(1.2),I,A,Annual,IRQ,Iraq,ITU_GCI_ORG_SCORE,Organizational Score - OS (ITU GCI),_T,Total,_T,All age ranges or no breakdown by age,_T,Total,0_TO_20,0-20 scale,_Z,Not Applicable,_Z,Not Applicable,_Z,Not Applicable,2020,7.754134009552437,MEAN,Mean,ITU_GCI,Global Cybersecurity Index,0,Units,IX,Index,602,CCYY,A,Normal value,PU,Public
datastructure,WB.DATA360:DS_DATA360(1.2),I,A,Annual,IRL,Ireland,ITU_GCI_ORG_SCORE,Organizational Score - OS (ITU GCI),_T,Total,_T,All age ranges or no breakdown by age,_T,Total,0_TO_20,0-20 scale,_Z,Not Applicable,_Z,Not Applicable,_Z,Not Applicable,2020,17.890707901102957,MEAN,Mean,ITU_GCI,Global Cybersecurity Index,0,Units,IX,Index,602,CCYY,A,Normal value,PU,Public
datastructure,WB.DATA360:DS_DATA360(1.2),I,A,Annual,ISR,Israel,ITU_GCI_ORG_SCORE,Organizational Score - OS (ITU GCI),_T,Total,_T,All age ranges or no breakdown by age,_T,Total,0_TO_20,0-20 scale,_Z,Not Applicable,_Z,Not Applicable,_Z,Not Applicable,2020,15.021267226134944,MEAN,Mean,ITU_GCI,Global Cybersecurity Index,0,Units,IX,Index,602,CCYY,A,Normal value,PU,Public
datastructure,WB.DATA360:DS_DATA360(1.2),I,A,Annual,ITA,Italy,ITU_GCI_ORG_SCORE,Organizational Score - OS (ITU GCI),_T,Total,_T,All age ranges or no breakdown by age,_T,Total,0_TO_20,0-20 scale,_Z,Not Applicable,_Z,Not Applicable,_Z,Not Applicable,2020,20.0,MEAN,Mean,ITU_GCI,Global Cybersecurity Index,0,Units,IX,Index,602,CCYY,A,Normal value,PU,Public
datastructure,WB.DATA360:DS_DATA360(1.2),I,A,Annual,JAM,Jamaica,ITU_GCI_ORG_SCORE,Organizational Score - OS (ITU GCI),_T,Total,_T,All age ranges or no breakdown by age,_T,Total,0_TO_20,0-20 scale,_Z,Not Applicable,_Z,Not Applicable,_Z,Not Applicable,2020,7.866230861748309,MEAN,Mean,ITU_GCI,Global Cybersecurity Index,0,Units,IX,Index,602,CCYY,A,Normal value,PU,Public
datastructure,WB.DATA360:DS_DATA360(1.2),I,A,Annual,JPN,Japan,ITU_GCI_ORG_SCORE,Organizational Score - OS (ITU GCI),_T,Total,_T,All age ranges or no breakdown by age,_T,Total,0_TO_20,0-20 scale,_Z,Not Applicable,_Z,Not Applicable,_Z,Not Applicable,2020,18.738728525154784,MEAN,Mean,ITU_GCI,Global Cybersecurity Index,0,Units,IX,Index,602,CCYY,A,Normal value,PU,Public
datastructure,WB.DATA360:DS_DATA360(1.2),I,A,Annual,JOR,Jordan,ITU_GCI_ORG_SCORE,Organizational Score - OS (ITU GCI),_T,Total,_T,All age ranges or no breakdown by age,_T,Total,0_TO_20,0-20 scale,_Z,Not Applicable,_Z,Not Applicable,_Z,Not Applicable,2020,15.701149425287358,MEAN,Mean,ITU_GCI,Global Cybersecurity Index,0,Units,IX,Index,602,CCYY,A,Normal value,PU,Public
datastructure,WB.DATA360:DS_DATA360(1.2),I,A,Annual,KAZ,Kazakhstan,ITU_GCI_ORG_SCORE,Organizational Score - OS (ITU GCI),_T,Total,_T,All age ranges or no breakdown by age,_T,Total,0_TO_20,0-20 scale,_Z,Not Applicable,_Z,Not Applicable,_Z,Not Applicable,2020,18.46136913735805,MEAN,Mean,ITU_GCI,Global Cybersecurity Index,0,Units,IX,Index,602,CCYY,A,Normal value,PU,Public
datastructure,WB.DATA360:DS_DATA360(1.2),I,A,Annual,KEN,Kenya,ITU_GCI_ORG_SCORE,Organizational Score - OS (ITU GCI),_T,Total,_T,All age ranges or no breakdown by age,_T,Total,0_TO_20,0-20 scale,_Z,Not Applicable,_Z,Not Applicable,_Z,Not Applicable,2020,12.749486419240071,MEAN,Mean,ITU_GCI,Global Cybersecurity Index,0,Units,IX,Index,602,CCYY,A,Normal value,PU,Public
datastructure,WB.DATA360:DS_DATA360(1.2),I,A,Annual,KIR,Kiribati,ITU_GCI_ORG_SCORE,Organizational Score - OS (ITU GCI),_T,Total,_T,All age ranges or no breakdown by age,_T,Total,0_TO_20,0-20 scale,_Z,Not Applicable,_Z,Not Applicable,_Z,Not Applicable,2020,3.12840829882324,MEAN,Mean,ITU_GCI,Global Cybersecurity Index,0,Units,IX,Index,602,CCYY,A,Normal value,PU,Public
datastructure,WB.DATA360:DS_DATA360(1.2),I,A,Annual,KWT,Kuwait,ITU_GCI_ORG_SCORE,Organizational Score - OS (ITU GCI),_T,Total,_T,All age ranges or no breakdown by age,_T,Total,0_TO_20,0-20 scale,_Z,Not Applicable,_Z,Not Applicable,_Z,Not Applicable,2020,11.125694032671309,MEAN,Mean,ITU_GCI,Global Cybersecurity Index,0,Units,IX,Index,602,CCYY,A,Normal value,PU,Public
datastructure,WB.DATA360:DS_DATA360(1.2),I,A,Annual,KGZ,Kyrgyz Republic,ITU_GCI_ORG_SCORE,Organizational Score - OS (ITU GCI),_T,Total,_T,All age ranges or no breakdown by age,_T,Total,0_TO_20,0-20 scale,_Z,Not Applicable,_Z,Not Applicable,_Z,Not Applicable,2020,14.374969793812047,MEAN,Mean,ITU_GCI,Global Cybersecurity Index,0,Units,IX,Index,602,CCYY,A,Normal value,PU,Public
datastructure,WB.DATA360:DS_DATA360(1.2),I,A,Annual,LAO,Lao PDR,ITU_GCI_ORG_SCORE,Organizational Score - OS (ITU GCI),_T,Total,_T,All age ranges or no breakdown by age,_T,Total,0_TO_20,0-20 scale,_Z,Not Applicable,_Z,Not Applicable,_Z,Not Applicable,2020,0.0,MEAN,Mean,ITU_GCI,Global Cybersecurity Index,0,Units,IX,Index,602,CCYY,A,Normal value,PU,Public
datastructure,WB.DATA360:DS_DATA360(1.2),I,A,Annual,LVA,Latvia,ITU_GCI_ORG_SCORE,Organizational Score - OS (ITU GCI),_T,Total,_T,All age ranges or no breakdown by age,_T,Total,0_TO_20,0-20 scale,_Z,Not Applicable,_Z,Not Applicable,_Z,Not Applicable,2020,18.981411018628616,MEAN,Mean,ITU_GCI,Global Cybersecurity Index,0,Units,IX,Index,602,CCYY,A,Normal value,PU,Public
datastructure,WB.DATA360:DS_DATA360(1.2),I,A,Annual,LBN,Lebanon,ITU_GCI_ORG_SCORE,Organizational Score - OS (ITU GCI),_T,Total,_T,All age ranges or no breakdown by age,_T,Total,0_TO_20,0-20 scale,_Z,Not Applicable,_Z,Not Applicable,_Z,Not Applicable,2020,5.687400425370411,MEAN,Mean,ITU_GCI,Global Cybersecurity Index,0,Units,IX,Index,602,CCYY,A,Normal value,PU,Public
datastructure,WB.DATA360:DS_DATA360(1.2),I,A,Annual,LSO,Lesotho,ITU_GCI_ORG_SCORE,Organizational Score - OS (ITU GCI),_T,Total,_T,All age ranges or no breakdown by age,_T,Total,0_TO_20,0-20 scale,_Z,Not Applicable,_Z,Not Applicable,_Z,Not Applicable,2020,0.0,MEAN,Mean,ITU_GCI,Global Cybersecurity Index,0,Units,IX,Index,602,CCYY,A,Normal value,PU,Public
datastructure,WB.DATA360:DS_DATA360(1.2),I,A,Annual,LBR,Liberia,ITU_GCI_ORG_SCORE,Organizational Score - OS (ITU GCI),_T,Total,_T,All age ranges or no breakdown by age,_T,Total,0_TO_20,0-20 scale,_Z,Not Applicable,_Z,Not Applicable,_Z,Not Applicable,2020,0.0,MEAN,Mean,ITU_GCI,Global Cybersecurity Index,0,Units,IX,Index,602,CCYY,A,Normal value,PU,Public
datastructure,WB.DATA360:DS_DATA360(1.2),I,A,Annual,LBY,Libya,ITU_GCI_ORG_SCORE,Organizational Score - OS (ITU GCI),_T,Total,_T,All age ranges or no breakdown by age,_T,Total,0_TO_20,0-20 scale,_Z,Not Applicable,_Z,Not Applicable,_Z,Not Applicable,2020,3.12840829882324,MEAN,Mean,ITU_GCI,Global Cybersecurity Index,0,Units,IX,Index,602,CCYY,A,Normal value,PU,Public
datastructure,WB.DATA360:DS_DATA360(1.2),I,A,Annual,LIE,Liechtenstein,ITU_GCI_ORG_SCORE,Organizational Score - OS (ITU GCI),_T,Total,_T,All age ranges or no breakdown by age,_T,Total,0_TO_20,0-20 scale,_Z,Not Applicable,_Z,Not Applicable,_Z,Not Applicable,2020,0.0,MEAN,Mean,ITU_GCI,Global Cybersecurity Index,0,Units,IX,Index,602,CCYY,A,Normal value,PU,Public
datastructure,WB.DATA360:DS_DATA360(1.2),I,A,Annual,LTU,Lithuania,ITU_GCI_ORG_SCORE,Organizational Score - OS (ITU GCI),_T,Total,_T,All age ranges or no breakdown by age,_T,Total,0_TO_20,0-20 scale,_Z,Not Applicable,_Z,Not Applicable,_Z,Not Applicable,2020,18.981411018628616,MEAN,Mean,ITU_GCI,Global Cybersecurity Index,0,Units,IX,Index,602,CCYY,A,Normal value,PU,Public
datastructure,WB.DATA360:DS_DATA360(1.2),I,A,Annual,LUX,Luxembourg,ITU_GCI_ORG_SCORE,Organizational Score - OS (ITU GCI),_T,Total,_T,All age ranges or no breakdown by age,_T,Total,0_TO_20,0-20 scale,_Z,Not Applicable,_Z,Not Applicable,_Z,Not Applicable,2020,18.981411018628616,MEAN,Mean,ITU_GCI,Global Cybersecurity Index,0,Units,IX,Index,602,CCYY,A,Normal value,PU,Public
datastructure,WB.DATA360:DS_DATA360(1.2),I,A,Annual,MDG,Madagascar,ITU_GCI_ORG_SCORE,Organizational Score - OS (ITU GCI),_T,Total,_T,All age ranges or no breakdown by age,_T,Total,0_TO_20,0-20 scale,_Z,Not Applicable,_Z,Not Applicable,_Z,Not Applicable,2020,3.00058701327101,MEAN,Mean,ITU_GCI,Global Cybersecurity Index,0,Units,IX,Index,602,CCYY,A,Normal value,PU,Public
datastructure,WB.DATA360:DS_DATA360(1.2),I,A,Annual,MWI,Malawi,ITU_GCI_ORG_SCORE,Organizational Score - OS (ITU GCI),_T,Total,_T,All age ranges or no breakdown by age,_T,Total,0_TO_20,0-20 scale,_Z,Not Applicable,_Z,Not Applicable,_Z,Not Applicable,2020,8.396900212343521,MEAN,Mean,ITU_GCI,Global Cybersecurity Index,0,Units,IX,Index,602,CCYY,A,Normal value,PU,Public
datastructure,WB.DATA360:DS_DATA360(1.2),I,A,Annual,MYS,Malaysia,ITU_GCI_ORG_SCORE,Organizational Score - OS (ITU GCI),_T,Total,_T,All age ranges or no breakdown by age,_T,Total,0_TO_20,0-20 scale,_Z,Not Applicable,_Z,Not Applicable,_Z,Not Applicable,2020,18.981411018628616,MEAN,Mean,ITU_GCI,Global Cybersecurity Index,0,Units,IX,Index,602,CCYY,A,Normal value,PU,Public
datastructure,WB.DATA360:DS_DATA360(1.2),I,A,Annual,MDV,Maldives,ITU_GCI_ORG_SCORE,Organizational Score - OS (ITU GCI),_T,Total,_T,All age ranges or no breakdown by age,_T,Total,0_TO_20,0-20 scale,_Z,Not Applicable,_Z,Not Applicable,_Z,Not Applicable,2020,2.948226659559637,MEAN,Mean,ITU_GCI,Global Cybersecurity Index,0,Units,IX,Index,602,CCYY,A,Normal value,PU,Public
datastructure,WB.DATA360:DS_DATA360(1.2),I,A,Annual,MLI,Mali,ITU_GCI_ORG_SCORE,Organizational Score - OS (ITU GCI),_T,Total,_T,All age ranges or no breakdown by age,_T,Total,0_TO_20,0-20 scale,_Z,Not Applicable,_Z,Not Applicable,_Z,Not Applicable,2020,0.0,MEAN,Mean,ITU_GCI,Global Cybersecurity Index,0,Units,IX,Index,602,CCYY,A,Normal value,PU,Public
datastructure,WB.DATA360:DS_DATA360(1.2),I,A,Annual,MLT,Malta,ITU_GCI_ORG_SCORE,Organizational Score - OS (ITU GCI),_T,Total,_T,All age ranges or no breakdown by age,_T,Total,0_TO_20,0-20 scale,_Z,Not Applicable,_Z,Not Applicable,_Z,Not Applicable,2020,13.408478148250946,MEAN,Mean,ITU_GCI,Global Cybersecurity Index,0,Units,IX,Index,602,CCYY,A,Normal value,PU,Public
datastructure,WB.DATA360:DS_DATA360(1.2),I,A,Annual,MHL,Marshall Islands,ITU_GCI_ORG_SCORE,Organizational Score - OS (ITU GCI),_T,Total,_T,All age ranges or no breakdown by age,_T,Total,0_TO_20,0-20 scale,_Z,Not Applicable,_Z,Not Applicable,_Z,Not Applicable,2020,0.0,MEAN,Mean,ITU_GCI,Global Cybersecurity Index,0,Units,IX,Index,602,CCYY,A,Normal value,PU,Public
datastructure,WB.DATA360:DS_DATA360(1.2),I,A,Annual,MRT,Mauritania,ITU_GCI_ORG_SCORE,Organizational Score - OS (ITU GCI),_T,Total,_T,All age ranges or no breakdown by age,_T,Total,0_TO_20,0-20 scale,_Z,Not Applicable,_Z,Not Applicable,_Z,Not Applicable,2020,6.389871149614528,MEAN,Mean,ITU_GCI,Global Cybersecurity Index,0,Units,IX,Index,602,CCYY,A,Normal value,PU,Public
datastructure,WB.DATA360:DS_DATA360(1.2),I,A,Annual,MUS,Mauritius,ITU_GCI_ORG_SCORE,Organizational Score - OS (ITU GCI),_T,Total,_T,All age ranges or no breakdown by age,_T,Total,0_TO_20,0-20 scale,_Z,Not Applicable,_Z,Not Applicable,_Z,Not Applicable,2020,18.3817646320956,MEAN,Mean,ITU_GCI,Global Cybersecurity Index,0,Units,IX,Index,602,CCYY,A,Normal value,PU,Public
datastructure,WB.DATA360:DS_DATA360(1.2),I,A,Annual,MEX,Mexico,ITU_GCI_ORG_SCORE,Organizational Score - OS (ITU GCI),_T,Total,_T,All age ranges or no breakdown by age,_T,Total,0_TO_20,0-20 scale,_Z,Not Applicable,_Z,Not Applicable,_Z,Not Applicable,2020,14.701431656347806,MEAN,Mean,ITU_GCI,Global Cybersecurity Index,0,Units,IX,Index,602,CCYY,A,Normal value,PU,Public
datastructure,WB.DATA360:DS_DATA360(1.2),I,A,Annual,FSM,"Micronesia, Fed. Sts.",ITU_GCI_ORG_SCORE,Organizational Score - OS (ITU GCI),_T,Total,_T,All age ranges or no breakdown by age,_T,Total,0_TO_20,0-20 scale,_Z,Not Applicable,_Z,Not Applicable,_Z,Not Applicable,2020,0.0,MEAN,Mean,ITU_GCI,Global Cybersecurity Index,0,Units,IX,Index,602,CCYY,A,Normal value,PU,Public
datastructure,WB.DATA360:DS_DATA360(1.2),I,A,Annual,MDA,Moldova,ITU_GCI_ORG_SCORE,Organizational Score - OS (ITU GCI),_T,Total,_T,All age ranges or no breakdown by age,_T,Total,0_TO_20,0-20 scale,_Z,Not Applicable,_Z,Not Applicable,_Z,Not Applicable,2020,13.210646304660257,MEAN,Mean,ITU_GCI,Global Cybersecurity Index,0,Units,IX,Index,602,CCYY,A,Normal value,PU,Public
datastructure,WB.DATA360:DS_DATA360(1.2),I,A,Annual,MCO,Monaco,ITU_GCI_ORG_SCORE,Organizational Score - OS (ITU GCI),_T,Total,_T,All age ranges or no breakdown by age,_T,Total,0_TO_20,0-20 scale,_Z,Not Applicable,_Z,Not Applicable,_Z,Not Applicable,2020,12.70129334656965,MEAN,Mean,ITU_GCI,Global Cybersecurity Index,0,Units,IX,Index,602,CCYY,A,Normal value,PU,Public
datastructure,WB.DATA360:DS_DATA360(1.2),I,A,Annual,MNG,Mongolia,ITU_GCI_ORG_SCORE,Organizational Score - OS (ITU GCI),_T,Total,_T,All age ranges or no breakdown by age,_T,Total,0_TO_20,0-20 scale,_Z,Not Applicable,_Z,Not Applicable,_Z,Not Applicable,2020,3.12840829882324,MEAN,Mean,ITU_GCI,Global Cybersecurity Index,0,Units,IX,Index,602,CCYY,A,Normal value,PU,Public
datastructure,WB.DATA360:DS_DATA360(1.2),I,A,Annual,MNE,Montenegro,ITU_GCI_ORG_SCORE,Organizational Score - OS (ITU GCI),_T,Total,_T,All age ranges or no breakdown by age,_T,Total,0_TO_20,0-20 scale,_Z,Not Applicable,_Z,Not Applicable,_Z,Not Applicable,2020,11.99623044252821,MEAN,Mean,ITU_GCI,Global Cybersecurity Index,0,Units,IX,Index,602,CCYY,A,Normal value,PU,Public
datastructure,WB.DATA360:DS_DATA360(1.2),I,A,Annual,MAR,Morocco,ITU_GCI_ORG_SCORE,Organizational Score - OS (ITU GCI),_T,Total,_T,All age ranges or no breakdown by age,_T,Total,0_TO_20,0-20 scale,_Z,Not Applicable,_Z,Not Applicable,_Z,Not Applicable,2020,12.370352156709997,MEAN,Mean,ITU_GCI,Global Cybersecurity Index,0,Units,IX,Index,602,CCYY,A,Normal value,PU,Public
datastructure,WB.DATA360:DS_DATA360(1.2),I,A,Annual,MOZ,Mozambique,ITU_GCI_ORG_SCORE,Organizational Score - OS (ITU GCI),_T,Total,_T,All age ranges or no breakdown by age,_T,Total,0_TO_20,0-20 scale,_Z,Not Applicable,_Z,Not Applicable,_Z,Not Applicable,2020,4.621869818886404,MEAN,Mean,ITU_GCI,Global Cybersecurity Index,0,Units,IX,Index,602,CCYY,A,Normal value,PU,Public
datastructure,WB.DATA360:DS_DATA360(1.2),I,A,Annual,MMR,Myanmar,ITU_GCI_ORG_SCORE,Organizational Score - OS (ITU GCI),_T,Total,_T,All age ranges or no breakdown by age,_T,Total,0_TO_20,0-20 scale,_Z,Not Applicable,_Z,Not Applicable,_Z,Not Applicable,2020,4.713792761764184,MEAN,Mean,ITU_GCI,Global Cybersecurity Index,0,Units,IX,Index,602,CCYY,A,Normal value,PU,Public
datastructure,WB.DATA360:DS_DATA360(1.2),I,A,Annual,NAM,Namibia,ITU_GCI_ORG_SCORE,Organizational Score - OS (ITU GCI),_T,Total,_T,All age ranges or no breakdown by age,_T,Total,0_TO_20,0-20 scale,_Z,Not Applicable,_Z,Not Applicable,_Z,Not Applicable,2020,0.0,MEAN,Mean,ITU_GCI,Global Cybersecurity Index,0,Units,IX,Index,602,CCYY,A,Normal value,PU,Public
datastructure,WB.DATA360:DS_DATA360(1.2),I,A,Annual,NRU,Nauru,ITU_GCI_ORG_SCORE,Organizational Score - OS (ITU GCI),_T,Total,_T,All age ranges or no breakdown by age,_T,Total,0_TO_20,0-20 scale,_Z,Not Applicable,_Z,Not Applicable,_Z,Not Applicable,2020,0.0,MEAN,Mean,ITU_GCI,Global Cybersecurity Index,0,Units,IX,Index,602,CCYY,A,Normal value,PU,Public
datastructure,WB.DATA360:DS_DATA360(1.2),I,A,Annual,NPL,Nepal,ITU_GCI_ORG_SCORE,Organizational Score - OS (ITU GCI),_T,Total,_T,All age ranges or no breakdown by age,_T,Total,0_TO_20,0-20 scale,_Z,Not Applicable,_Z,Not Applicable,_Z,Not Applicable,2020,9.57964859893752,MEAN,Mean,ITU_GCI,Global Cybersecurity Index,0,Units,IX,Index,602,CCYY,A,Normal value,PU,Public
datastructure,WB.DATA360:DS_DATA360(1.2),I,A,Annual,NLD,Netherlands,ITU_GCI_ORG_SCORE,Organizational Score - OS (ITU GCI),_T,Total,_T,All age ranges or no breakdown by age,_T,Total,0_TO_20,0-20 scale,_Z,Not Applicable,_Z,Not Applicable,_Z,Not Applicable,2020,18.981411018628616,MEAN,Mean,ITU_GCI,Global Cybersecurity Index,0,Units,IX,Index,602,CCYY,A,Normal value,PU,Public
datastructure,WB.DATA360:DS_DATA360(1.2),I,A,Annual,NZL,New Zealand,ITU_GCI_ORG_SCORE,Organizational Score - OS (ITU GCI),_T,Total,_T,All age ranges or no breakdown by age,_T,Total,0_TO_20,0-20 scale,_Z,Not Applicable,_Z,Not Applicable,_Z,Not Applicable,2020,17.270624919178573,MEAN,Mean,ITU_GCI,Global Cybersecurity Index,0,Units,IX,Index,602,CCYY,A,Normal value,PU,Public
datastructure,WB.DATA360:DS_DATA360(1.2),I,A,Annual,NIC,Nicaragua,ITU_GCI_ORG_SCORE,Organizational Score - OS (ITU GCI),_T,Total,_T,All age ranges or no breakdown by age,_T,Total,0_TO_20,0-20 scale,_Z,Not Applicable,_Z,Not Applicable,_Z,Not Applicable,2020,0.0,MEAN,Mean,ITU_GCI,Global Cybersecurity Index,0,Units,IX,Index,602,CCYY,A,Normal value,PU,Public
datastructure,WB.DATA360:DS_DATA360(1.2),I,A,Annual,NER,Niger,ITU_GCI_ORG_SCORE,Organizational Score - OS (ITU GCI),_T,Total,_T,All age ranges or no breakdown by age,_T,Total,0_TO_20,0-20 scale,_Z,Not Applicable,_Z,Not Applicable,_Z,Not Applicable,2020,0.0,MEAN,Mean,ITU_GCI,Global Cybersecurity Index,0,Units,IX,Index,602,CCYY,A,Normal value,PU,Public
datastructure,WB.DATA360:DS_DATA360(1.2),I,A,Annual,NGA,Nigeria,ITU_GCI_ORG_SCORE,Organizational Score - OS (ITU GCI),_T,Total,_T,All age ranges or no breakdown by age,_T,Total,0_TO_20,0-20 scale,_Z,Not Applicable,_Z,Not Applicable,_Z,Not Applicable,2020,18.981411018628616,MEAN,Mean,ITU_GCI,Global Cybersecurity Index,0,Units,IX,Index,602,CCYY,A,Normal value,PU,Public
datastructure,WB.DATA360:DS_DATA360(1.2),I,A,Annual,NOR,Norway,ITU_GCI_ORG_SCORE,Organizational Score - OS (ITU GCI),_T,Total,_T,All age ranges or no breakdown by age,_T,Total,0_TO_20,0-20 scale,_Z,Not Applicable,_Z,Not Applicable,_Z,Not Applicable,2020,18.981411018628616,MEAN,Mean,ITU_GCI,Global Cybersecurity Index,0,Units,IX,Index,602,CCYY,A,Normal value,PU,Public
datastructure,WB.DATA360:DS_DATA360(1.2),I,A,Annual,OMN,Oman,ITU_GCI_ORG_SCORE,Organizational Score - OS (ITU GCI),_T,Total,_T,All age ranges or no breakdown by age,_T,Total,0_TO_20,0-20 scale,_Z,Not Applicable,_Z,Not Applicable,_Z,Not Applicable,2020,20.0,MEAN,Mean,ITU_GCI,Global Cybersecurity Index,0,Units,IX,Index,602,CCYY,A,Normal value,PU,Public
datastructure,WB.DATA360:DS_DATA360(1.2),I,A,Annual,PAK,Pakistan,ITU_GCI_ORG_SCORE,Organizational Score - OS (ITU GCI),_T,Total,_T,All age ranges or no breakdown by age,_T,Total,0_TO_20,0-20 scale,_Z,Not Applicable,_Z,Not Applicable,_Z,Not Applicable,2020,11.013423371691315,MEAN,Mean,ITU_GCI,Global Cybersecurity Index,0,Units,IX,Index,602,CCYY,A,Normal value,PU,Public
datastructure,WB.DATA360:DS_DATA360(1.2),I,A,Annual,PAN,Panama,ITU_GCI_ORG_SCORE,Organizational Score - OS (ITU GCI),_T,Total,_T,All age ranges or no breakdown by age,_T,Total,0_TO_20,0-20 scale,_Z,Not Applicable,_Z,Not Applicable,_Z,Not Applicable,2020,2.368119152602424,MEAN,Mean,ITU_GCI,Global Cybersecurity Index,0,Units,IX,Index,602,CCYY,A,Normal value,PU,Public
datastructure,WB.DATA360:DS_DATA360(1.2),I,A,Annual,PNG,Papua New Guinea,ITU_GCI_ORG_SCORE,Organizational Score - OS (ITU GCI),_T,Total,_T,All age ranges or no breakdown by age,_T,Total,0_TO_20,0-20 scale,_Z,Not Applicable,_Z,Not Applicable,_Z,Not Applicable,2020,0.0,MEAN,Mean,ITU_GCI,Global Cybersecurity Index,0,Units,IX,Index,602,CCYY,A,Normal value,PU,Public
datastructure,WB.DATA360:DS_DATA360(1.2),I,A,Annual,PRY,Paraguay,ITU_GCI_ORG_SCORE,Organizational Score - OS (ITU GCI),_T,Total,_T,All age ranges or no breakdown by age,_T,Total,0_TO_20,0-20 scale,_Z,Not Applicable,_Z,Not Applicable,_Z,Not Applicable,2020,13.055820167982413,MEAN,Mean,ITU_GCI,Global Cybersecurity Index,0,Units,IX,Index,602,CCYY,A,Normal value,PU,Public
datastructure,WB.DATA360:DS_DATA360(1.2),I,A,Annual,PER,Peru,ITU_GCI_ORG_SCORE,Organizational Score - OS (ITU GCI),_T,Total,_T,All age ranges or no breakdown by age,_T,Total,0_TO_20,0-20 scale,_Z,Not Applicable,_Z,Not Applicable,_Z,Not Applicable,2020,5.630083575929039,MEAN,Mean,ITU_GCI,Global Cybersecurity Index,0,Units,IX,Index,602,CCYY,A,Normal value,PU,Public
datastructure,WB.DATA360:DS_DATA360(1.2),I,A,Annual,PHL,Philippines,ITU_GCI_ORG_SCORE,Organizational Score - OS (ITU GCI),_T,Total,_T,All age ranges or no breakdown by age,_T,Total,0_TO_20,0-20 scale,_Z,Not Applicable,_Z,Not Applicable,_Z,Not Applicable,2020,11.851416963931827,MEAN,Mean,ITU_GCI,Global Cybersecurity Index,0,Units,IX,Index,602,CCYY,A,Normal value,PU,Public
datastructure,WB.DATA360:DS_DATA360(1.2),I,A,Annual,POL,Poland,ITU_GCI_ORG_SCORE,Organizational Score - OS (ITU GCI),_T,Total,_T,All age ranges or no breakdown by age,_T,Total,0_TO_20,0-20 scale,_Z,Not Applicable,_Z,Not Applicable,_Z,Not Applicable,2020,14.738634903713423,MEAN,Mean,ITU_GCI,Global Cybersecurity Index,0,Units,IX,Index,602,CCYY,A,Normal value,PU,Public
datastructure,WB.DATA360:DS_DATA360(1.2),I,A,Annual,PRT,Portugal,ITU_GCI_ORG_SCORE,Organizational Score - OS (ITU GCI),_T,Total,_T,All age ranges or no breakdown by age,_T,Total,0_TO_20,0-20 scale,_Z,Not Applicable,_Z,Not Applicable,_Z,Not Applicable,2020,18.981411018628616,MEAN,Mean,ITU_GCI,Global Cybersecurity Index,0,Units,IX,Index,602,CCYY,A,Normal value,PU,Public
datastructure,WB.DATA360:DS_DATA360(1.2),I,A,Annual,QAT,Qatar,ITU_GCI_ORG_SCORE,Organizational Score - OS (ITU GCI),_T,Total,_T,All age ranges or no breakdown by age,_T,Total,0_TO_20,0-20 scale,_Z,Not Applicable,_Z,Not Applicable,_Z,Not Applicable,2020,18.46136913735805,MEAN,Mean,ITU_GCI,Global Cybersecurity Index,0,Units,IX,Index,602,CCYY,A,Normal value,PU,Public
datastructure,WB.DATA360:DS_DATA360(1.2),I,A,Annual,KOR,"Korea, Rep.",ITU_GCI_ORG_SCORE,Organizational Score - OS (ITU GCI),_T,Total,_T,All age ranges or no breakdown by age,_T,Total,0_TO_20,0-20 scale,_Z,Not Applicable,_Z,Not Applicable,_Z,Not Applicable,2020,18.981411018628616,MEAN,Mean,ITU_GCI,Global Cybersecurity Index,0,Units,IX,Index,602,CCYY,A,Normal value,PU,Public
datastructure,WB.DATA360:DS_DATA360(1.2),I,A,Annual,ROU,Romania,ITU_GCI_ORG_SCORE,Organizational Score - OS (ITU GCI),_T,Total,_T,All age ranges or no breakdown by age,_T,Total,0_TO_20,0-20 scale,_Z,Not Applicable,_Z,Not Applicable,_Z,Not Applicable,2020,6.416587750782982,MEAN,Mean,ITU_GCI,Global Cybersecurity Index,0,Units,IX,Index,602,CCYY,A,Normal value,PU,Public
datastructure,WB.DATA360:DS_DATA360(1.2),I,A,Annual,RUS,Russian Federation,ITU_GCI_ORG_SCORE,Organizational Score - OS (ITU GCI),_T,Total,_T,All age ranges or no breakdown by age,_T,Total,0_TO_20,0-20 scale,_Z,Not Applicable,_Z,Not Applicable,_Z,Not Applicable,2020,18.981411018628616,MEAN,Mean,ITU_GCI,Global Cybersecurity Index,0,Units,IX,Index,602,CCYY,A,Normal value,PU,Public
datastructure,WB.DATA360:DS_DATA360(1.2),I,A,Annual,RWA,Rwanda,ITU_GCI_ORG_SCORE,Organizational Score - OS (ITU GCI),_T,Total,_T,All age ranges or no breakdown by age,_T,Total,0_TO_20,0-20 scale,_Z,Not Applicable,_Z,Not Applicable,_Z,Not Applicable,2020,16.829043049304488,MEAN,Mean,ITU_GCI,Global Cybersecurity Index,0,Units,IX,Index,602,CCYY,A,Normal value,PU,Public
datastructure,WB.DATA360:DS_DATA360(1.2),I,A,Annual,KNA,St. Kitts and Nevis,ITU_GCI_ORG_SCORE,Organizational Score - OS (ITU GCI),_T,Total,_T,All age ranges or no breakdown by age,_T,Total,0_TO_20,0-20 scale,_Z,Not Applicable,_Z,Not Applicable,_Z,Not Applicable,2020,0.0,MEAN,Mean,ITU_GCI,Global Cybersecurity Index,0,Units,IX,Index,602,CCYY,A,Normal value,PU,Public
datastructure,WB.DATA360:DS_DATA360(1.2),I,A,Annual,LCA,St. Lucia,ITU_GCI_ORG_SCORE,Organizational Score - OS (ITU GCI),_T,Total,_T,All age ranges or no breakdown by age,_T,Total,0_TO_20,0-20 scale,_Z,Not Applicable,_Z,Not Applicable,_Z,Not Applicable,2020,0.0,MEAN,Mean,ITU_GCI,Global Cybersecurity Index,0,Units,IX,Index,602,CCYY,A,Normal value,PU,Public
datastructure,WB.DATA360:DS_DATA360(1.2),I,A,Annual,VCT,St. Vincent and the Grenadines,ITU_GCI_ORG_SCORE,Organizational Score - OS (ITU GCI),_T,Total,_T,All age ranges or no breakdown by age,_T,Total,0_TO_20,0-20 scale,_Z,Not Applicable,_Z,Not Applicable,_Z,Not Applicable,2020,0.0,MEAN,Mean,ITU_GCI,Global Cybersecurity Index,0,Units,IX,Index,602,CCYY,A,Normal value,PU,Public
datastructure,WB.DATA360:DS_DATA360(1.2),I,A,Annual,WSM,Samoa,ITU_GCI_ORG_SCORE,Organizational Score - OS (ITU GCI),_T,Total,_T,All age ranges or no breakdown by age,_T,Total,0_TO_20,0-20 scale,_Z,Not Applicable,_Z,Not Applicable,_Z,Not Applicable,2020,13.370278451508716,MEAN,Mean,ITU_GCI,Global Cybersecurity Index,0,Units,IX,Index,602,CCYY,A,Normal value,PU,Public
datastructure,WB.DATA360:DS_DATA360(1.2),I,A,Annual,SMR,San Marino,ITU_GCI_ORG_SCORE,Organizational Score - OS (ITU GCI),_T,Total,_T,All age ranges or no breakdown by age,_T,Total,0_TO_20,0-20 scale,_Z,Not Applicable,_Z,Not Applicable,_Z,Not Applicable,2020,1.6869551847144206,MEAN,Mean,ITU_GCI,Global Cybersecurity Index,0,Units,IX,Index,602,CCYY,A,Normal value,PU,Public
datastructure,WB.DATA360:DS_DATA360(1.2),I,A,Annual,STP,Sao Tome and Principe,ITU_GCI_ORG_SCORE,Organizational Score - OS (ITU GCI),_T,Total,_T,All age ranges or no breakdown by age,_T,Total,0_TO_20,0-20 scale,_Z,Not Applicable,_Z,Not Applicable,_Z,Not Applicable,2020,1.4414531141088196,MEAN,Mean,ITU_GCI,Global Cybersecurity Index,0,Units,IX,Index,602,CCYY,A,Normal value,PU,Public
datastructure,WB.DATA360:DS_DATA360(1.2),I,A,Annual,SAU,Saudi Arabia,ITU_GCI_ORG_SCORE,Organizational Score - OS (ITU GCI),_T,Total,_T,All age ranges or no breakdown by age,_T,Total,0_TO_20,0-20 scale,_Z,Not Applicable,_Z,Not Applicable,_Z,Not Applicable,2020,20.0,MEAN,Mean,ITU_GCI,Global Cybersecurity Index,0,Units,IX,Index,602,CCYY,A,Normal value,PU,Public
datastructure,WB.DATA360:DS_DATA360(1.2),I,A,Annual,SEN,Senegal,ITU_GCI_ORG_SCORE,Organizational Score - OS (ITU GCI),_T,Total,_T,All age ranges or no breakdown by age,_T,Total,0_TO_20,0-20 scale,_Z,Not Applicable,_Z,Not Applicable,_Z,Not Applicable,2020,6.662069379480661,MEAN,Mean,ITU_GCI,Global Cybersecurity Index,0,Units,IX,Index,602,CCYY,A,Normal value,PU,Public
datastructure,WB.DATA360:DS_DATA360(1.2),I,A,Annual,SRB,Serbia,ITU_GCI_ORG_SCORE,Organizational Score - OS (ITU GCI),_T,Total,_T,All age ranges or no breakdown by age,_T,Total,0_TO_20,0-20 scale,_Z,Not Applicable,_Z,Not Applicable,_Z,Not Applicable,2020,18.67196460993869,MEAN,Mean,ITU_GCI,Global Cybersecurity Index,0,Units,IX,Index,602,CCYY,A,Normal value,PU,Public
datastructure,WB.DATA360:DS_DATA360(1.2),I,A,Annual,SYC,Seychelles,ITU_GCI_ORG_SCORE,Organizational Score - OS (ITU GCI),_T,Total,_T,All age ranges or no breakdown by age,_T,Total,0_TO_20,0-20 scale,_Z,Not Applicable,_Z,Not Applicable,_Z,Not Applicable,2020,1.4414531141088196,MEAN,Mean,ITU_GCI,Global Cybersecurity Index,0,Units,IX,Index,602,CCYY,A,Normal value,PU,Public
datastructure,WB.DATA360:DS_DATA360(1.2),I,A,Annual,SLE,Sierra Leone,ITU_GCI_ORG_SCORE,Organizational Score - OS (ITU GCI),_T,Total,_T,All age ranges or no breakdown by age,_T,Total,0_TO_20,0-20 scale,_Z,Not Applicable,_Z,Not Applicable,_Z,Not Applicable,2020,8.161045920633619,MEAN,Mean,ITU_GCI,Global Cybersecurity Index,0,Units,IX,Index,602,CCYY,A,Normal value,PU,Public
datastructure,WB.DATA360:DS_DATA360(1.2),I,A,Annual,SGP,Singapore,ITU_GCI_ORG_SCORE,Organizational Score - OS (ITU GCI),_T,Total,_T,All age ranges or no breakdown by age,_T,Total,0_TO_20,0-20 scale,_Z,Not Applicable,_Z,Not Applicable,_Z,Not Applicable,2020,18.981411018628616,MEAN,Mean,ITU_GCI,Global Cybersecurity Index,0,Units,IX,Index,602,CCYY,A,Normal value,PU,Public
datastructure,WB.DATA360:DS_DATA360(1.2),I,A,Annual,SVK,Slovak Republic,ITU_GCI_ORG_SCORE,Organizational Score - OS (ITU GCI),_T,Total,_T,All age ranges or no breakdown by age,_T,Total,0_TO_20,0-20 scale,_Z,Not Applicable,_Z,Not Applicable,_Z,Not Applicable,2020,18.641785572730875,MEAN,Mean,ITU_GCI,Global Cybersecurity Index,0,Units,IX,Index,602,CCYY,A,Normal value,PU,Public
datastructure,WB.DATA360:DS_DATA360(1.2),I,A,Annual,SVN,Slovenia,ITU_GCI_ORG_SCORE,Organizational Score - OS (ITU GCI),_T,Total,_T,All age ranges or no breakdown by age,_T,Total,0_TO_20,0-20 scale,_Z,Not Applicable,_Z,Not Applicable,_Z,Not Applicable,2020,13.713092913892456,MEAN,Mean,ITU_GCI,Global Cybersecurity Index,0,Units,IX,Index,602,CCYY,A,Normal value,PU,Public
datastructure,WB.DATA360:DS_DATA360(1.2),I,A,Annual,SLB,Solomon Islands,ITU_GCI_ORG_SCORE,Organizational Score - OS (ITU GCI),_T,Total,_T,All age ranges or no breakdown by age,_T,Total,0_TO_20,0-20 scale,_Z,Not Applicable,_Z,Not Applicable,_Z,Not Applicable,2020,0.0,MEAN,Mean,ITU_GCI,Global Cybersecurity Index,0,Units,IX,Index,602,CCYY,A,Normal value,PU,Public
datastructure,WB.DATA360:DS_DATA360(1.2),I,A,Annual,SOM,Somalia,ITU_GCI_ORG_SCORE,Organizational Score - OS (ITU GCI),_T,Total,_T,All age ranges or no breakdown by age,_T,Total,0_TO_20,0-20 scale,_Z,Not Applicable,_Z,Not Applicable,_Z,Not Applicable,2020,6.172413793103448,MEAN,Mean,ITU_GCI,Global Cybersecurity Index,0,Units,IX,Index,602,CCYY,A,Normal value,PU,Public
datastructure,WB.DATA360:DS_DATA360(1.2),I,A,Annual,ZAF,South Africa,ITU_GCI_ORG_SCORE,Organizational Score - OS (ITU GCI),_T,Total,_T,All age ranges or no breakdown by age,_T,Total,0_TO_20,0-20 scale,_Z,Not Applicable,_Z,Not Applicable,_Z,Not Applicable,2020,12.495042475932298,MEAN,Mean,ITU_GCI,Global Cybersecurity Index,0,Units,IX,Index,602,CCYY,A,Normal value,PU,Public
datastructure,WB.DATA360:DS_DATA360(1.2),I,A,Annual,SSD,South Sudan,ITU_GCI_ORG_SCORE,Organizational Score - OS (ITU GCI),_T,Total,_T,All age ranges or no breakdown by age,_T,Total,0_TO_20,0-20 scale,_Z,Not Applicable,_Z,Not Applicable,_Z,Not Applicable,2020,0.0,MEAN,Mean,ITU_GCI,Global Cybersecurity Index,0,Units,IX,Index,602,CCYY,A,Normal value,PU,Public
datastructure,WB.DATA360:DS_DATA360(1.2),I,A,Annual,ESP,Spain,ITU_GCI_ORG_SCORE,Organizational Score - OS (ITU GCI),_T,Total,_T,All age ranges or no breakdown by age,_T,Total,0_TO_20,0-20 scale,_Z,Not Applicable,_Z,Not Applicable,_Z,Not Applicable,2020,18.981411018628616,MEAN,Mean,ITU_GCI,Global Cybersecurity Index,0,Units,IX,Index,602,CCYY,A,Normal value,PU,Public
datastructure,WB.DATA360:DS_DATA360(1.2),I,A,Annual,LKA,Sri Lanka,ITU_GCI_ORG_SCORE,Organizational Score - OS (ITU GCI),_T,Total,_T,All age ranges or no breakdown by age,_T,Total,0_TO_20,0-20 scale,_Z,Not Applicable,_Z,Not Applicable,_Z,Not Applicable,2020,14.821873590553118,MEAN,Mean,ITU_GCI,Global Cybersecurity Index,0,Units,IX,Index,602,CCYY,A,Normal value,PU,Public
datastructure,WB.DATA360:DS_DATA360(1.2),I,A,Annual,PSE,West Bank and Gaza,ITU_GCI_ORG_SCORE,Organizational Score - OS (ITU GCI),_T,Total,_T,All age ranges or no breakdown by age,_T,Total,0_TO_20,0-20 scale,_Z,Not Applicable,_Z,Not Applicable,_Z,Not Applicable,2020,2.341468660735031,MEAN,Mean,ITU_GCI,Global Cybersecurity Index,0,Units,IX,Index,602,CCYY,A,Normal value,PU,Public
datastructure,WB.DATA360:DS_DATA360(1.2),I,A,Annual,SDN,Sudan,ITU_GCI_ORG_SCORE,Organizational Score - OS (ITU GCI),_T,Total,_T,All age ranges or no breakdown by age,_T,Total,0_TO_20,0-20 scale,_Z,Not Applicable,_Z,Not Applicable,_Z,Not Applicable,2020,5.40826875503984,MEAN,Mean,ITU_GCI,Global Cybersecurity Index,0,Units,IX,Index,602,CCYY,A,Normal value,PU,Public
datastructure,WB.DATA360:DS_DATA360(1.2),I,A,Annual,SUR,Suriname,ITU_GCI_ORG_SCORE,Organizational Score - OS (ITU GCI),_T,Total,_T,All age ranges or no breakdown by age,_T,Total,0_TO_20,0-20 scale,_Z,Not Applicable,_Z,Not Applicable,_Z,Not Applicable,2020,1.6869551847144206,MEAN,Mean,ITU_GCI,Global Cybersecurity Index,0,Units,IX,Index,602,CCYY,A,Normal value,PU,Public
datastructure,WB.DATA360:DS_DATA360(1.2),I,A,Annual,SWE,Sweden,ITU_GCI_ORG_SCORE,Organizational Score - OS (ITU GCI),_T,Total,_T,All age ranges or no breakdown by age,_T,Total,0_TO_20,0-20 scale,_Z,Not Applicable,_Z,Not Applicable,_Z,Not Applicable,2020,18.46136913735805,MEAN,Mean,ITU_GCI,Global Cybersecurity Index,0,Units,IX,Index,602,CCYY,A,Normal value,PU,Public
datastructure,WB.DATA360:DS_DATA360(1.2),I,A,Annual,CHE,Switzerland,ITU_GCI_ORG_SCORE,Organizational Score - OS (ITU GCI),_T,Total,_T,All age ranges or no breakdown by age,_T,Total,0_TO_20,0-20 scale,_Z,Not Applicable,_Z,Not Applicable,_Z,Not Applicable,2020,17.396026555687673,MEAN,Mean,ITU_GCI,Global Cybersecurity Index,0,Units,IX,Index,602,CCYY,A,Normal value,PU,Public
datastructure,WB.DATA360:DS_DATA360(1.2),I,A,Annual,SYR,Syrian Arab Republic,ITU_GCI_ORG_SCORE,Organizational Score - OS (ITU GCI),_T,Total,_T,All age ranges or no breakdown by age,_T,Total,0_TO_20,0-20 scale,_Z,Not Applicable,_Z,Not Applicable,_Z,Not Applicable,2020,4.486622726092365,MEAN,Mean,ITU_GCI,Global Cybersecurity Index,0,Units,IX,Index,602,CCYY,A,Normal value,PU,Public
datastructure,WB.DATA360:DS_DATA360(1.2),I,A,Annual,TJK,Tajikistan,ITU_GCI_ORG_SCORE,Organizational Score - OS (ITU GCI),_T,Total,_T,All age ranges or no breakdown by age,_T,Total,0_TO_20,0-20 scale,_Z,Not Applicable,_Z,Not Applicable,_Z,Not Applicable,2020,5.630083575929039,MEAN,Mean,ITU_GCI,Global Cybersecurity Index,0,Units,IX,Index,602,CCYY,A,Normal value,PU,Public
datastructure,WB.DATA360:DS_DATA360(1.2),I,A,Annual,TZA,Tanzania,ITU_GCI_ORG_SCORE,Organizational Score - OS (ITU GCI),_T,Total,_T,All age ranges or no breakdown by age,_T,Total,0_TO_20,0-20 scale,_Z,Not Applicable,_Z,Not Applicable,_Z,Not Applicable,2020,16.60460760998811,MEAN,Mean,ITU_GCI,Global Cybersecurity Index,0,Units,IX,Index,602,CCYY,A,Normal value,PU,Public
datastructure,WB.DATA360:DS_DATA360(1.2),I,A,Annual,THA,Thailand,ITU_GCI_ORG_SCORE,Organizational Score - OS (ITU GCI),_T,Total,_T,All age ranges or no breakdown by age,_T,Total,0_TO_20,0-20 scale,_Z,Not Applicable,_Z,Not Applicable,_Z,Not Applicable,2020,17.63894998901354,MEAN,Mean,ITU_GCI,Global Cybersecurity Index,0,Units,IX,Index,602,CCYY,A,Normal value,PU,Public
datastructure,WB.DATA360:DS_DATA360(1.2),I,A,Annual,MKD,North Macedonia,ITU_GCI_ORG_SCORE,Organizational Score - OS (ITU GCI),_T,Total,_T,All age ranges or no breakdown by age,_T,Total,0_TO_20,0-20 scale,_Z,Not Applicable,_Z,Not Applicable,_Z,Not Applicable,2020,18.981411018628616,MEAN,Mean,ITU_GCI,Global Cybersecurity Index,0,Units,IX,Index,602,CCYY,A,Normal value,PU,Public
datastructure,WB.DATA360:DS_DATA360(1.2),I,A,Annual,TLS,Timor-Leste,ITU_GCI_ORG_SCORE,Organizational Score - OS (ITU GCI),_T,Total,_T,All age ranges or no breakdown by age,_T,Total,0_TO_20,0-20 scale,_Z,Not Applicable,_Z,Not Applicable,_Z,Not Applicable,2020,0.0,MEAN,Mean,ITU_GCI,Global Cybersecurity Index,0,Units,IX,Index,602,CCYY,A,Normal value,PU,Public
datastructure,WB.DATA360:DS_DATA360(1.2),I,A,Annual,TGO,Togo,ITU_GCI_ORG_SCORE,Organizational Score - OS (ITU GCI),_T,Total,_T,All age ranges or no breakdown by age,_T,Total,0_TO_20,0-20 scale,_Z,Not Applicable,_Z,Not Applicable,_Z,Not Applicable,2020,3.605952705270661,MEAN,Mean,ITU_GCI,Global Cybersecurity Index,0,Units,IX,Index,602,CCYY,A,Normal value,PU,Public
datastructure,WB.DATA360:DS_DATA360(1.2),I,A,Annual,TON,Tonga,ITU_GCI_ORG_SCORE,Organizational Score - OS (ITU GCI),_T,Total,_T,All age ranges or no breakdown by age,_T,Total,0_TO_20,0-20 scale,_Z,Not Applicable,_Z,Not Applicable,_Z,Not Applicable,2020,1.6869551847144206,MEAN,Mean,ITU_GCI,Global Cybersecurity Index,0,Units,IX,Index,602,CCYY,A,Normal value,PU,Public
datastructure,WB.DATA360:DS_DATA360(1.2),I,A,Annual,TTO,Trinidad and Tobago,ITU_GCI_ORG_SCORE,Organizational Score - OS (ITU GCI),_T,Total,_T,All age ranges or no breakdown by age,_T,Total,0_TO_20,0-20 scale,_Z,Not Applicable,_Z,Not Applicable,_Z,Not Applicable,2020,3.1763114853953707,MEAN,Mean,ITU_GCI,Global Cybersecurity Index,0,Units,IX,Index,602,CCYY,A,Normal value,PU,Public
datastructure,WB.DATA360:DS_DATA360(1.2),I,A,Annual,TUN,Tunisia,ITU_GCI_ORG_SCORE,Organizational Score - OS (ITU GCI),_T,Total,_T,All age ranges or no breakdown by age,_T,Total,0_TO_20,0-20 scale,_Z,Not Applicable,_Z,Not Applicable,_Z,Not Applicable,2020,12.214575474599204,MEAN,Mean,ITU_GCI,Global Cybersecurity Index,0,Units,IX,Index,602,CCYY,A,Normal value,PU,Public
datastructure,WB.DATA360:DS_DATA360(1.2),I,A,Annual,TUR,Turkiye,ITU_GCI_ORG_SCORE,Organizational Score - OS (ITU GCI),_T,Total,_T,All age ranges or no breakdown by age,_T,Total,0_TO_20,0-20 scale,_Z,Not Applicable,_Z,Not Applicable,_Z,Not Applicable,2020,17.962822037257233,MEAN,Mean,ITU_GCI,Global Cybersecurity Index,0,Units,IX,Index,602,CCYY,A,Normal value,PU,Public
datastructure,WB.DATA360:DS_DATA360(1.2),I,A,Annual,TKM,Turkmenistan,ITU_GCI_ORG_SCORE,Organizational Score - OS (ITU GCI),_T,Total,_T,All age ranges or no breakdown by age,_T,Total,0_TO_20,0-20 scale,_Z,Not Applicable,_Z,Not Applicable,_Z,Not Applicable,2020,0.0,MEAN,Mean,ITU_GCI,Global Cybersecurity Index,0,Units,IX,Index,602,CCYY,A,Normal value,PU,Public
datastructure,WB.DATA360:DS_DATA360(1.2),I,A,Annual,TUV,Tuvalu,ITU_GCI_ORG_SCORE,Organizational Score - OS (ITU GCI),_T,Total,_T,All age ranges or no breakdown by age,_T,Total,0_TO_20,0-20 scale,_Z,Not Applicable,_Z,Not Applicable,_Z,Not Applicable,2020,0.0,MEAN,Mean,ITU_GCI,Global Cybersecurity Index,0,Units,IX,Index,602,CCYY,A,Normal value,PU,Public
datastructure,WB.DATA360:DS_DATA360(1.2),I,A,Annual,UGA,Uganda,ITU_GCI_ORG_SCORE,Organizational Score - OS (ITU GCI),_T,Total,_T,All age ranges or no breakdown by age,_T,Total,0_TO_20,0-20 scale,_Z,Not Applicable,_Z,Not Applicable,_Z,Not Applicable,2020,13.653118412724949,MEAN,Mean,ITU_GCI,Global Cybersecurity Index,0,Units,IX,Index,602,CCYY,A,Normal value,PU,Public
datastructure,WB.DATA360:DS_DATA360(1.2),I,A,Annual,UKR,Ukraine,ITU_GCI_ORG_SCORE,Organizational Score - OS (ITU GCI),_T,Total,_T,All age ranges or no breakdown by age,_T,Total,0_TO_20,0-20 scale,_Z,Not Applicable,_Z,Not Applicable,_Z,Not Applicable,2020,13.062499829157954,MEAN,Mean,ITU_GCI,Global Cybersecurity Index,0,Units,IX,Index,602,CCYY,A,Normal value,PU,Public
datastructure,WB.DATA360:DS_DATA360(1.2),I,A,Annual,ARE,United Arab Emirates,ITU_GCI_ORG_SCORE,Organizational Score - OS (ITU GCI),_T,Total,_T,All age ranges or no breakdown by age,_T,Total,0_TO_20,0-20 scale,_Z,Not Applicable,_Z,Not Applicable,_Z,Not Applicable,2020,18.981411018628616,MEAN,Mean,ITU_GCI,Global Cybersecurity Index,0,Units,IX,Index,602,CCYY,A,Normal value,PU,Public
datastructure,WB.DATA360:DS_DATA360(1.2),I,A,Annual,GBR,United Kingdom,ITU_GCI_ORG_SCORE,Organizational Score - OS (ITU GCI),_T,Total,_T,All age ranges or no breakdown by age,_T,Total,0_TO_20,0-20 scale,_Z,Not Applicable,_Z,Not Applicable,_Z,Not Applicable,2020,20.0,MEAN,Mean,ITU_GCI,Global Cybersecurity Index,0,Units,IX,Index,602,CCYY,A,Normal value,PU,Public
datastructure,WB.DATA360:DS_DATA360(1.2),I,A,Annual,USA,United States,ITU_GCI_ORG_SCORE,Organizational Score - OS (ITU GCI),_T,Total,_T,All age ranges or no breakdown by age,_T,Total,0_TO_20,0-20 scale,_Z,Not Applicable,_Z,Not Applicable,_Z,Not Applicable,2020,20.0,MEAN,Mean,ITU_GCI,Global Cybersecurity Index,0,Units,IX,Index,602,CCYY,A,Normal value,PU,Public
datastructure,WB.DATA360:DS_DATA360(1.2),I,A,Annual,URY,Uruguay,ITU_GCI_ORG_SCORE,Organizational Score - OS (ITU GCI),_T,Total,_T,All age ranges or no breakdown by age,_T,Total,0_TO_20,0-20 scale,_Z,Not Applicable,_Z,Not Applicable,_Z,Not Applicable,2020,12.128955305486604,MEAN,Mean,ITU_GCI,Global Cybersecurity Index,0,Units,IX,Index,602,CCYY,A,Normal value,PU,Public
datastructure,WB.DATA360:DS_DATA360(1.2),I,A,Annual,UZB,Uzbekistan,ITU_GCI_ORG_SCORE,Organizational Score - OS (ITU GCI),_T,Total,_T,All age ranges or no breakdown by age,_T,Total,0_TO_20,0-20 scale,_Z,Not Applicable,_Z,Not Applicable,_Z,Not Applicable,2020,10.046601097489305,MEAN,Mean,ITU_GCI,Global Cybersecurity Index,0,Units,IX,Index,602,CCYY,A,Normal value,PU,Public
datastructure,WB.DATA360:DS_DATA360(1.2),I,A,Annual,VUT,Vanuatu,ITU_GCI_ORG_SCORE,Organizational Score - OS (ITU GCI),_T,Total,_T,All age ranges or no breakdown by age,_T,Total,0_TO_20,0-20 scale,_Z,Not Applicable,_Z,Not Applicable,_Z,Not Applicable,2020,2.948226659559637,MEAN,Mean,ITU_GCI,Global Cybersecurity Index,0,Units,IX,Index,602,CCYY,A,Normal value,PU,Public
datastructure,WB.DATA360:DS_DATA360(1.2),I,A,Annual,VAT,Holy See (Vatican City State),ITU_GCI_ORG_SCORE,Organizational Score - OS (ITU GCI),_T,Total,_T,All age ranges or no breakdown by age,_T,Total,0_TO_20,0-20 scale,_Z,Not Applicable,_Z,Not Applicable,_Z,Not Applicable,2020,0.0,MEAN,Mean,ITU_GCI,Global Cybersecurity Index,0,Units,IX,Index,602,CCYY,A,Normal value,PU,Public
datastructure,WB.DATA360:DS_DATA360(1.2),I,A,Annual,VEN,"Venezuela, RB",ITU_GCI_ORG_SCORE,Organizational Score - OS (ITU GCI),_T,Total,_T,All age ranges or no breakdown by age,_T,Total,0_TO_20,0-20 scale,_Z,Not Applicable,_Z,Not Applicable,_Z,Not Applicable,2020,6.172413793103448,MEAN,Mean,ITU_GCI,Global Cybersecurity Index,0,Units,IX,Index,602,CCYY,A,Normal value,PU,Public
datastructure,WB.DATA360:DS_DATA360(1.2),I,A,Annual,VNM,Viet Nam,ITU_GCI_ORG_SCORE,Organizational Score - OS (ITU GCI),_T,Total,_T,All age ranges or no breakdown by age,_T,Total,0_TO_20,0-20 scale,_Z,Not Applicable,_Z,Not Applicable,_Z,Not Applicable,2020,18.981411018628616,MEAN,Mean,ITU_GCI,Global Cybersecurity Index,0,Units,IX,Index,602,CCYY,A,Normal value,PU,Public
datastructure,WB.DATA360:DS_DATA360(1.2),I,A,Annual,YEM,"Yemen, Rep.",ITU_GCI_ORG_SCORE,Organizational Score - OS (ITU GCI),_T,Total,_T,All age ranges or no breakdown by age,_T,Total,0_TO_20,0-20 scale,_Z,Not Applicable,_Z,Not Applicable,_Z,Not Applicable,2020,0.0,MEAN,Mean,ITU_GCI,Global Cybersecurity Index,0,Units,IX,Index,602,CCYY,A,Normal value,PU,Public
datastructure,WB.DATA360:DS_DATA360(1.2),I,A,Annual,ZMB,Zambia,ITU_GCI_ORG_SCORE,Organizational Score - OS (ITU GCI),_T,Total,_T,All age ranges or no breakdown by age,_T,Total,0_TO_20,0-20 scale,_Z,Not Applicable,_Z,Not Applicable,_Z,Not Applicable,2020,15.85621596957855,MEAN,Mean,ITU_GCI,Global Cybersecurity Index,0,Units,IX,Index,602,CCYY,A,Normal value,PU,Public
datastructure,WB.DATA360:DS_DATA360(1.2),I,A,Annual,ZWE,Zimbabwe,ITU_GCI_ORG_SCORE,Organizational Score - OS (ITU GCI),_T,Total,_T,All age ranges or no breakdown by age,_T,Total,0_TO_20,0-20 scale,_Z,Not Applicable,_Z,Not Applicable,_Z,Not Applicable,2020,3.842232482382242,MEAN,Mean,ITU_GCI,Global Cybersecurity Index,0,Units,IX,Index,602,CCYY,A,Normal value,PU,Public
datastructure,WB.DATA360:DS_DATA360(1.2),I,A,Annual,AFG,Afghanistan,ITU_GCI_ORG_SCORE,Organizational Score - OS (ITU GCI),_T,Total,_T,All age ranges or no breakdown by age,_T,Total,0_TO_20,0-20 scale,_Z,Not Applicable,_Z,Not Applicable,_Z,Not Applicable,2024,6.991943059984559,MEAN,Mean,ITU_GCI,Global Cybersecurity Index,0,Units,IX,Index,602,CCYY,A,Normal value,PU,Public
datastructure,WB.DATA360:DS_DATA360(1.2),I,A,Annual,ALB,Albania,ITU_GCI_ORG_SCORE,Organizational Score - OS (ITU GCI),_T,Total,_T,All age ranges or no breakdown by age,_T,Total,0_TO_20,0-20 scale,_Z,Not Applicable,_Z,Not Applicable,_Z,Not Applicable,2024,19.465132154006245,MEAN,Mean,ITU_GCI,Global Cybersecurity Index,0,Units,IX,Index,602,CCYY,A,Normal value,PU,Public
datastructure,WB.DATA360:DS_DATA360(1.2),I,A,Annual,DZA,Algeria,ITU_GCI_ORG_SCORE,Organizational Score - OS (ITU GCI),_T,Total,_T,All age ranges or no breakdown by age,_T,Total,0_TO_20,0-20 scale,_Z,Not Applicable,_Z,Not Applicable,_Z,Not Applicable,2024,11.020837669094693,MEAN,Mean,ITU_GCI,Global Cybersecurity Index,0,Units,IX,Index,602,CCYY,A,Normal value,PU,Public
datastructure,WB.DATA360:DS_DATA360(1.2),I,A,Annual,AND,Andorra,ITU_GCI_ORG_SCORE,Organizational Score - OS (ITU GCI),_T,Total,_T,All age ranges or no breakdown by age,_T,Total,0_TO_20,0-20 scale,_Z,Not Applicable,_Z,Not Applicable,_Z,Not Applicable,2024,13.880178980228928,MEAN,Mean,ITU_GCI,Global Cybersecurity Index,0,Units,IX,Index,602,CCYY,A,Normal value,PU,Public
datastructure,WB.DATA360:DS_DATA360(1.2),I,A,Annual,AGO,Angola,ITU_GCI_ORG_SCORE,Organizational Score - OS (ITU GCI),_T,Total,_T,All age ranges or no breakdown by age,_T,Total,0_TO_20,0-20 scale,_Z,Not Applicable,_Z,Not Applicable,_Z,Not Applicable,2024,5.7956493236212285,MEAN,Mean,ITU_GCI,Global Cybersecurity Index,0,Units,IX,Index,602,CCYY,A,Normal value,PU,Public
datastructure,WB.DATA360:DS_DATA360(1.2),I,A,Annual,ATG,Antigua and Barbuda,ITU_GCI_ORG_SCORE,Organizational Score - OS (ITU GCI),_T,Total,_T,All age ranges or no breakdown by age,_T,Total,0_TO_20,0-20 scale,_Z,Not Applicable,_Z,Not Applicable,_Z,Not Applicable,2024,0.0,MEAN,Mean,ITU_GCI,Global Cybersecurity Index,0,Units,IX,Index,602,CCYY,A,Normal value,PU,Public
datastructure,WB.DATA360:DS_DATA360(1.2),I,A,Annual,ARG,Argentina,ITU_GCI_ORG_SCORE,Organizational Score - OS (ITU GCI),_T,Total,_T,All age ranges or no breakdown by age,_T,Total,0_TO_20,0-20 scale,_Z,Not Applicable,_Z,Not Applicable,_Z,Not Applicable,2024,12.083671759927498,MEAN,Mean,ITU_GCI,Global Cybersecurity Index,0,Units,IX,Index,602,CCYY,A,Normal value,PU,Public
datastructure,WB.DATA360:DS_DATA360(1.2),I,A,Annual,ARM,Armenia,ITU_GCI_ORG_SCORE,Organizational Score - OS (ITU GCI),_T,Total,_T,All age ranges or no breakdown by age,_T,Total,0_TO_20,0-20 scale,_Z,Not Applicable,_Z,Not Applicable,_Z,Not Applicable,2024,2.8084245577523417,MEAN,Mean,ITU_GCI,Global Cybersecurity Index,0,Units,IX,Index,602,CCYY,A,Normal value,PU,Public
datastructure,WB.DATA360:DS_DATA360(1.2),I,A,Annual,AUS,Australia,ITU_GCI_ORG_SCORE,Organizational Score - OS (ITU GCI),_T,Total,_T,All age ranges or no breakdown by age,_T,Total,0_TO_20,0-20 scale,_Z,Not Applicable,_Z,Not Applicable,_Z,Not Applicable,2024,20.0,MEAN,Mean,ITU_GCI,Global Cybersecurity Index,0,Units,IX,Index,602,CCYY,A,Normal value,PU,Public
datastructure,WB.DATA360:DS_DATA360(1.2),I,A,Annual,AUT,Austria,ITU_GCI_ORG_SCORE,Organizational Score - OS (ITU GCI),_T,Total,_T,All age ranges or no breakdown by age,_T,Total,0_TO_20,0-20 scale,_Z,Not Applicable,_Z,Not Applicable,_Z,Not Applicable,2024,17.55750364203954,MEAN,Mean,ITU_GCI,Global Cybersecurity Index,0,Units,IX,Index,602,CCYY,A,Normal value,PU,Public
datastructure,WB.DATA360:DS_DATA360(1.2),I,A,Annual,AZE,Azerbaijan,ITU_GCI_ORG_SCORE,Organizational Score - OS (ITU GCI),_T,Total,_T,All age ranges or no breakdown by age,_T,Total,0_TO_20,0-20 scale,_Z,Not Applicable,_Z,Not Applicable,_Z,Not Applicable,2024,18.05497179953677,MEAN,Mean,ITU_GCI,Global Cybersecurity Index,0,Units,IX,Index,602,CCYY,A,Normal value,PU,Public
datastructure,WB.DATA360:DS_DATA360(1.2),I,A,Annual,BHS,"Bahamas, The",ITU_GCI_ORG_SCORE,Organizational Score - OS (ITU GCI),_T,Total,_T,All age ranges or no breakdown by age,_T,Total,0_TO_20,0-20 scale,_Z,Not Applicable,_Z,Not Applicable,_Z,Not Applicable,2024,5.469347554630593,MEAN,Mean,ITU_GCI,Global Cybersecurity Index,0,Units,IX,Index,602,CCYY,A,Normal value,PU,Public
datastructure,WB.DATA360:DS_DATA360(1.2),I,A,Annual,BHR,Bahrain,ITU_GCI_ORG_SCORE,Organizational Score - OS (ITU GCI),_T,Total,_T,All age ranges or no breakdown by age,_T,Total,0_TO_20,0-20 scale,_Z,Not Applicable,_Z,Not Applicable,_Z,Not Applicable,2024,20.0,MEAN,Mean,ITU_GCI,Global Cybersecurity Index,0,Units,IX,Index,602,CCYY,A,Normal value,PU,Public
datastructure,WB.DATA360:DS_DATA360(1.2),I,A,Annual,BGD,Bangladesh,ITU_GCI_ORG_SCORE,Organizational Score - OS (ITU GCI),_T,Total,_T,All age ranges or no breakdown by age,_T,Total,0_TO_20,0-20 scale,_Z,Not Applicable,_Z,Not Applicable,_Z,Not Applicable,2024,20.0,MEAN,Mean,ITU_GCI,Global Cybersecurity Index,0,Units,IX,Index,602,CCYY,A,Normal value,PU,Public
datastructure,WB.DATA360:DS_DATA360(1.2),I,A,Annual,BRB,Barbados,ITU_GCI_ORG_SCORE,Organizational Score - OS (ITU GCI),_T,Total,_T,All age ranges or no breakdown by age,_T,Total,0_TO_20,0-20 scale,_Z,Not Applicable,_Z,Not Applicable,_Z,Not Applicable,2024,4.172012486992715,MEAN,Mean,ITU_GCI,Global Cybersecurity Index,0,Units,IX,Index,602,CCYY,A,Normal value,PU,Public
datastructure,WB.DATA360:DS_DATA360(1.2),I,A,Annual,BLR,Belarus,ITU_GCI_ORG_SCORE,Organizational Score - OS (ITU GCI),_T,Total,_T,All age ranges or no breakdown by age,_T,Total,0_TO_20,0-20 scale,_Z,Not Applicable,_Z,Not Applicable,_Z,Not Applicable,2024,11.971522267799005,MEAN,Mean,ITU_GCI,Global Cybersecurity Index,0,Units,IX,Index,602,CCYY,A,Normal value,PU,Public
datastructure,WB.DATA360:DS_DATA360(1.2),I,A,Annual,BEL,Belgium,ITU_GCI_ORG_SCORE,Organizational Score - OS (ITU GCI),_T,Total,_T,All age ranges or no breakdown by age,_T,Total,0_TO_20,0-20 scale,_Z,Not Applicable,_Z,Not Applicable,_Z,Not Applicable,2024,19.51427927159209,MEAN,Mean,ITU_GCI,Global Cybersecurity Index,0,Units,IX,Index,602,CCYY,A,Normal value,PU,Public
datastructure,WB.DATA360:DS_DATA360(1.2),I,A,Annual,BLZ,Belize,ITU_GCI_ORG_SCORE,Organizational Score - OS (ITU GCI),_T,Total,_T,All age ranges or no breakdown by age,_T,Total,0_TO_20,0-20 scale,_Z,Not Applicable,_Z,Not Applicable,_Z,Not Applicable,2024,12.384499271592093,MEAN,Mean,ITU_GCI,Global Cybersecurity Index,0,Units,IX,Index,602,CCYY,A,Normal value,PU,Public
datastructure,WB.DATA360:DS_DATA360(1.2),I,A,Annual,BEN,Benin,ITU_GCI_ORG_SCORE,Organizational Score - OS (ITU GCI),_T,Total,_T,All age ranges or no breakdown by age,_T,Total,0_TO_20,0-20 scale,_Z,Not Applicable,_Z,Not Applicable,_Z,Not Applicable,2024,20.0,MEAN,Mean,ITU_GCI,Global Cybersecurity Index,0,Units,IX,Index,602,CCYY,A,Normal value,PU,Public
datastructure,WB.DATA360:DS_DATA360(1.2),I,A,Annual,BTN,Bhutan,ITU_GCI_ORG_SCORE,Organizational Score - OS (ITU GCI),_T,Total,_T,All age ranges or no breakdown by age,_T,Total,0_TO_20,0-20 scale,_Z,Not Applicable,_Z,Not Applicable,_Z,Not Applicable,2024,13.139132154006244,MEAN,Mean,ITU_GCI,Global Cybersecurity Index,0,Units,IX,Index,602,CCYY,A,Normal value,PU,Public
datastructure,WB.DATA360:DS_DATA360(1.2),I,A,Annual,BOL,Bolivia,ITU_GCI_ORG_SCORE,Organizational Score - OS (ITU GCI),_T,Total,_T,All age ranges or no breakdown by age,_T,Total,0_TO_20,0-20 scale,_Z,Not Applicable,_Z,Not Applicable,_Z,Not Applicable,2024,4.653336108220604,MEAN,Mean,ITU_GCI,Global Cybersecurity Index,0,Units,IX,Index,602,CCYY,A,Normal value,PU,Public
datastructure,WB.DATA360:DS_DATA360(1.2),I,A,Annual,BIH,Bosnia and Herzegovina,ITU_GCI_ORG_SCORE,Organizational Score - OS (ITU GCI),_T,Total,_T,All age ranges or no breakdown by age,_T,Total,0_TO_20,0-20 scale,_Z,Not Applicable,_Z,Not Applicable,_Z,Not Applicable,2024,5.953856399583767,MEAN,Mean,ITU_GCI,Global Cybersecurity Index,0,Units,IX,Index,602,CCYY,A,Normal value,PU,Public
datastructure,WB.DATA360:DS_DATA360(1.2),I,A,Annual,BWA,Botswana,ITU_GCI_ORG_SCORE,Organizational Score - OS (ITU GCI),_T,Total,_T,All age ranges or no breakdown by age,_T,Total,0_TO_20,0-20 scale,_Z,Not Applicable,_Z,Not Applicable,_Z,Not Applicable,2024,15.12153629686818,MEAN,Mean,ITU_GCI,Global Cybersecurity Index,0,Units,IX,Index,602,CCYY,A,Normal value,PU,Public
datastructure,WB.DATA360:DS_DATA360(1.2),I,A,Annual,BRA,Brazil,ITU_GCI_ORG_SCORE,Organizational Score - OS (ITU GCI),_T,Total,_T,All age ranges or no breakdown by age,_T,Total,0_TO_20,0-20 scale,_Z,Not Applicable,_Z,Not Applicable,_Z,Not Applicable,2024,17.292600811654523,MEAN,Mean,ITU_GCI,Global Cybersecurity Index,0,Units,IX,Index,602,CCYY,A,Normal value,PU,Public
datastructure,WB.DATA360:DS_DATA360(1.2),I,A,Annual,BRN,Brunei Darussalam,ITU_GCI_ORG_SCORE,Organizational Score - OS (ITU GCI),_T,Total,_T,All age ranges or no breakdown by age,_T,Total,0_TO_20,0-20 scale,_Z,Not Applicable,_Z,Not Applicable,_Z,Not Applicable,2024,11.352845993756503,MEAN,Mean,ITU_GCI,Global Cybersecurity Index,0,Units,IX,Index,602,CCYY,A,Normal value,PU,Public
datastructure,WB.DATA360:DS_DATA360(1.2),I,A,Annual,BGR,Bulgaria,ITU_GCI_ORG_SCORE,Organizational Score - OS (ITU GCI),_T,Total,_T,All age ranges or no breakdown by age,_T,Total,0_TO_20,0-20 scale,_Z,Not Applicable,_Z,Not Applicable,_Z,Not Applicable,2024,17.243453694068677,MEAN,Mean,ITU_GCI,Global Cybersecurity Index,0,Units,IX,Index,602,CCYY,A,Normal value,PU,Public
datastructure,WB.DATA360:DS_DATA360(1.2),I,A,Annual,BFA,Burkina Faso,ITU_GCI_ORG_SCORE,Organizational Score - OS (ITU GCI),_T,Total,_T,All age ranges or no breakdown by age,_T,Total,0_TO_20,0-20 scale,_Z,Not Applicable,_Z,Not Applicable,_Z,Not Applicable,2024,15.164242455775232,MEAN,Mean,ITU_GCI,Global Cybersecurity Index,0,Units,IX,Index,602,CCYY,A,Normal value,PU,Public
datastructure,WB.DATA360:DS_DATA360(1.2),I,A,Annual,BDI,Burundi,ITU_GCI_ORG_SCORE,Organizational Score - OS (ITU GCI),_T,Total,_T,All age ranges or no breakdown by age,_T,Total,0_TO_20,0-20 scale,_Z,Not Applicable,_Z,Not Applicable,_Z,Not Applicable,2024,0.0,MEAN,Mean,ITU_GCI,Global Cybersecurity Index,0,Units,IX,Index,602,CCYY,A,Normal value,PU,Public
datastructure,WB.DATA360:DS_DATA360(1.2),I,A,Annual,CPV,Cabo Verde,ITU_GCI_ORG_SCORE,Organizational Score - OS (ITU GCI),_T,Total,_T,All age ranges or no breakdown by age,_T,Total,0_TO_20,0-20 scale,_Z,Not Applicable,_Z,Not Applicable,_Z,Not Applicable,2024,12.052112526601992,MEAN,Mean,ITU_GCI,Global Cybersecurity Index,0,Units,IX,Index,602,CCYY,A,Normal value,PU,Public
datastructure,WB.DATA360:DS_DATA360(1.2),I,A,Annual,KHM,Cambodia,ITU_GCI_ORG_SCORE,Organizational Score - OS (ITU GCI),_T,Total,_T,All age ranges or no breakdown by age,_T,Total,0_TO_20,0-20 scale,_Z,Not Applicable,_Z,Not Applicable,_Z,Not Applicable,2024,8.30153342351717,MEAN,Mean,ITU_GCI,Global Cybersecurity Index,0,Units,IX,Index,602,CCYY,A,Normal value,PU,Public
datastructure,WB.DATA360:DS_DATA360(1.2),I,A,Annual,CMR,Cameroon,ITU_GCI_ORG_SCORE,Organizational Score - OS (ITU GCI),_T,Total,_T,All age ranges or no breakdown by age,_T,Total,0_TO_20,0-20 scale,_Z,Not Applicable,_Z,Not Applicable,_Z,Not Applicable,2024,12.85575338189386,MEAN,Mean,ITU_GCI,Global Cybersecurity Index,0,Units,IX,Index,602,CCYY,A,Normal value,PU,Public
datastructure,WB.DATA360:DS_DATA360(1.2),I,A,Annual,CAN,Canada,ITU_GCI_ORG_SCORE,Organizational Score - OS (ITU GCI),_T,Total,_T,All age ranges or no breakdown by age,_T,Total,0_TO_20,0-20 scale,_Z,Not Applicable,_Z,Not Applicable,_Z,Not Applicable,2024,20.0,MEAN,Mean,ITU_GCI,Global Cybersecurity Index,0,Units,IX,Index,602,CCYY,A,Normal value,PU,Public
datastructure,WB.DATA360:DS_DATA360(1.2),I,A,Annual,CAF,Central African Republic,ITU_GCI_ORG_SCORE,Organizational Score - OS (ITU GCI),_T,Total,_T,All age ranges or no breakdown by age,_T,Total,0_TO_20,0-20 scale,_Z,Not Applicable,_Z,Not Applicable,_Z,Not Applicable,2024,0.0,MEAN,Mean,ITU_GCI,Global Cybersecurity Index,0,Units,IX,Index,602,CCYY,A,Normal value,PU,Public
datastructure,WB.DATA360:DS_DATA360(1.2),I,A,Annual,TCD,Chad,ITU_GCI_ORG_SCORE,Organizational Score - OS (ITU GCI),_T,Total,_T,All age ranges or no breakdown by age,_T,Total,0_TO_20,0-20 scale,_Z,Not Applicable,_Z,Not Applicable,_Z,Not Applicable,2024,11.344627471383973,MEAN,Mean,ITU_GCI,Global Cybersecurity Index,0,Units,IX,Index,602,CCYY,A,Normal value,PU,Public
datastructure,WB.DATA360:DS_DATA360(1.2),I,A,Annual,CHL,Chile,ITU_GCI_ORG_SCORE,Organizational Score - OS (ITU GCI),_T,Total,_T,All age ranges or no breakdown by age,_T,Total,0_TO_20,0-20 scale,_Z,Not Applicable,_Z,Not Applicable,_Z,Not Applicable,2024,13.413607055150884,MEAN,Mean,ITU_GCI,Global Cybersecurity Index,0,Units,IX,Index,602,CCYY,A,Normal value,PU,Public
datastructure,WB.DATA360:DS_DATA360(1.2),I,A,Annual,CHN,China,ITU_GCI_ORG_SCORE,Organizational Score - OS (ITU GCI),_T,Total,_T,All age ranges or no breakdown by age,_T,Total,0_TO_20,0-20 scale,_Z,Not Applicable,_Z,Not Applicable,_Z,Not Applicable,2024,18.34130963713873,MEAN,Mean,ITU_GCI,Global Cybersecurity Index,0,Units,IX,Index,602,CCYY,A,Normal value,PU,Public
datastructure,WB.DATA360:DS_DATA360(1.2),I,A,Annual,COL,Colombia,ITU_GCI_ORG_SCORE,Organizational Score - OS (ITU GCI),_T,Total,_T,All age ranges or no breakdown by age,_T,Total,0_TO_20,0-20 scale,_Z,Not Applicable,_Z,Not Applicable,_Z,Not Applicable,2024,10.91478553522876,MEAN,Mean,ITU_GCI,Global Cybersecurity Index,0,Units,IX,Index,602,CCYY,A,Normal value,PU,Public
datastructure,WB.DATA360:DS_DATA360(1.2),I,A,Annual,COM,Comoros,ITU_GCI_ORG_SCORE,Organizational Score - OS (ITU GCI),_T,Total,_T,All age ranges or no breakdown by age,_T,Total,0_TO_20,0-20 scale,_Z,Not Applicable,_Z,Not Applicable,_Z,Not Applicable,2024,7.292175753751133,MEAN,Mean,ITU_GCI,Global Cybersecurity Index,0,Units,IX,Index,602,CCYY,A,Normal value,PU,Public
datastructure,WB.DATA360:DS_DATA360(1.2),I,A,Annual,COG,"Congo, Rep.",ITU_GCI_ORG_SCORE,Organizational Score - OS (ITU GCI),_T,Total,_T,All age ranges or no breakdown by age,_T,Total,0_TO_20,0-20 scale,_Z,Not Applicable,_Z,Not Applicable,_Z,Not Applicable,2024,3.89726951092612,MEAN,Mean,ITU_GCI,Global Cybersecurity Index,0,Units,IX,Index,602,CCYY,A,Normal value,PU,Public
datastructure,WB.DATA360:DS_DATA360(1.2),I,A,Annual,CRI,Costa Rica,ITU_GCI_ORG_SCORE,Organizational Score - OS (ITU GCI),_T,Total,_T,All age ranges or no breakdown by age,_T,Total,0_TO_20,0-20 scale,_Z,Not Applicable,_Z,Not Applicable,_Z,Not Applicable,2024,18.12304058272633,MEAN,Mean,ITU_GCI,Global Cybersecurity Index,0,Units,IX,Index,602,CCYY,A,Normal value,PU,Public
datastructure,WB.DATA360:DS_DATA360(1.2),I,A,Annual,CIV,Cote d'Ivoire,ITU_GCI_ORG_SCORE,Organizational Score - OS (ITU GCI),_T,Total,_T,All age ranges or no breakdown by age,_T,Total,0_TO_20,0-20 scale,_Z,Not Applicable,_Z,Not Applicable,_Z,Not Applicable,2024,17.892576482830385,MEAN,Mean,ITU_GCI,Global Cybersecurity Index,0,Units,IX,Index,602,CCYY,A,Normal value,PU,Public
datastructure,WB.DATA360:DS_DATA360(1.2),I,A,Annual,HRV,Croatia,ITU_GCI_ORG_SCORE,Organizational Score - OS (ITU GCI),_T,Total,_T,All age ranges or no breakdown by age,_T,Total,0_TO_20,0-20 scale,_Z,Not Applicable,_Z,Not Applicable,_Z,Not Applicable,2024,19.34080853277836,MEAN,Mean,ITU_GCI,Global Cybersecurity Index,0,Units,IX,Index,602,CCYY,A,Normal value,PU,Public
datastructure,WB.DATA360:DS_DATA360(1.2),I,A,Annual,CUB,Cuba,ITU_GCI_ORG_SCORE,Organizational Score - OS (ITU GCI),_T,Total,_T,All age ranges or no breakdown by age,_T,Total,0_TO_20,0-20 scale,_Z,Not Applicable,_Z,Not Applicable,_Z,Not Applicable,2024,14.3280551508845,MEAN,Mean,ITU_GCI,Global Cybersecurity Index,0,Units,IX,Index,602,CCYY,A,Normal value,PU,Public
datastructure,WB.DATA360:DS_DATA360(1.2),I,A,Annual,CYP,Cyprus,ITU_GCI_ORG_SCORE,Organizational Score - OS (ITU GCI),_T,Total,_T,All age ranges or no breakdown by age,_T,Total,0_TO_20,0-20 scale,_Z,Not Applicable,_Z,Not Applicable,_Z,Not Applicable,2024,20.0,MEAN,Mean,ITU_GCI,Global Cybersecurity Index,0,Units,IX,Index,602,CCYY,A,Normal value,PU,Public
datastructure,WB.DATA360:DS_DATA360(1.2),I,A,Annual,CZE,Czechia,ITU_GCI_ORG_SCORE,Organizational Score - OS (ITU GCI),_T,Total,_T,All age ranges or no breakdown by age,_T,Total,0_TO_20,0-20 scale,_Z,Not Applicable,_Z,Not Applicable,_Z,Not Applicable,2024,20.0,MEAN,Mean,ITU_GCI,Global Cybersecurity Index,0,Units,IX,Index,602,CCYY,A,Normal value,PU,Public
datastructure,WB.DATA360:DS_DATA360(1.2),I,A,Annual,PRK,"Korea, Dem. People's Rep.",ITU_GCI_ORG_SCORE,Organizational Score - OS (ITU GCI),_T,Total,_T,All age ranges or no breakdown by age,_T,Total,0_TO_20,0-20 scale,_Z,Not Applicable,_Z,Not Applicable,_Z,Not Applicable,2024,2.0012008324661816,MEAN,Mean,ITU_GCI,Global Cybersecurity Index,0,Units,IX,Index,602,CCYY,A,Normal value,PU,Public
datastructure,WB.DATA360:DS_DATA360(1.2),I,A,Annual,COD,"Congo, Dem. Rep.",ITU_GCI_ORG_SCORE,Organizational Score - OS (ITU GCI),_T,Total,_T,All age ranges or no breakdown by age,_T,Total,0_TO_20,0-20 scale,_Z,Not Applicable,_Z,Not Applicable,_Z,Not Applicable,2024,14.509185120338358,MEAN,Mean,ITU_GCI,Global Cybersecurity Index,0,Units,IX,Index,602,CCYY,A,Normal value,PU,Public
datastructure,WB.DATA360:DS_DATA360(1.2),I,A,Annual,DNK,Denmark,ITU_GCI_ORG_SCORE,Organizational Score - OS (ITU GCI),_T,Total,_T,All age ranges or no breakdown by age,_T,Total,0_TO_20,0-20 scale,_Z,Not Applicable,_Z,Not Applicable,_Z,Not Applicable,2024,20.0,MEAN,Mean,ITU_GCI,Global Cybersecurity Index,0,Units,IX,Index,602,CCYY,A,Normal value,PU,Public
datastructure,WB.DATA360:DS_DATA360(1.2),I,A,Annual,DJI,Djibouti,ITU_GCI_ORG_SCORE,Organizational Score - OS (ITU GCI),_T,Total,_T,All age ranges or no breakdown by age,_T,Total,0_TO_20,0-20 scale,_Z,Not Applicable,_Z,Not Applicable,_Z,Not Applicable,2024,5.572168574401665,MEAN,Mean,ITU_GCI,Global Cybersecurity Index,0,Units,IX,Index,602,CCYY,A,Normal value,PU,Public
datastructure,WB.DATA360:DS_DATA360(1.2),I,A,Annual,DMA,Dominica,ITU_GCI_ORG_SCORE,Organizational Score - OS (ITU GCI),_T,Total,_T,All age ranges or no breakdown by age,_T,Total,0_TO_20,0-20 scale,_Z,Not Applicable,_Z,Not Applicable,_Z,Not Applicable,2024,0.0,MEAN,Mean,ITU_GCI,Global Cybersecurity Index,0,Units,IX,Index,602,CCYY,A,Normal value,PU,Public
datastructure,WB.DATA360:DS_DATA360(1.2),I,A,Annual,DOM,Dominican Republic,ITU_GCI_ORG_SCORE,Organizational Score - OS (ITU GCI),_T,Total,_T,All age ranges or no breakdown by age,_T,Total,0_TO_20,0-20 scale,_Z,Not Applicable,_Z,Not Applicable,_Z,Not Applicable,2024,18.36936707596254,MEAN,Mean,ITU_GCI,Global Cybersecurity Index,0,Units,IX,Index,602,CCYY,A,Normal value,PU,Public
datastructure,WB.DATA360:DS_DATA360(1.2),I,A,Annual,ECU,Ecuador,ITU_GCI_ORG_SCORE,Organizational Score - OS (ITU GCI),_T,Total,_T,All age ranges or no breakdown by age,_T,Total,0_TO_20,0-20 scale,_Z,Not Applicable,_Z,Not Applicable,_Z,Not Applicable,2024,18.60444016649324,MEAN,Mean,ITU_GCI,Global Cybersecurity Index,0,Units,IX,Index,602,CCYY,A,Normal value,PU,Public
datastructure,WB.DATA360:DS_DATA360(1.2),I,A,Annual,EGY,"Egypt, Arab Rep.",ITU_GCI_ORG_SCORE,Organizational Score - OS (ITU GCI),_T,Total,_T,All age ranges or no breakdown by age,_T,Total,0_TO_20,0-20 scale,_Z,Not Applicable,_Z,Not Applicable,_Z,Not Applicable,2024,20.0,MEAN,Mean,ITU_GCI,Global Cybersecurity Index,0,Units,IX,Index,602,CCYY,A,Normal value,PU,Public
datastructure,WB.DATA360:DS_DATA360(1.2),I,A,Annual,SLV,El Salvador,ITU_GCI_ORG_SCORE,Organizational Score - OS (ITU GCI),_T,Total,_T,All age ranges or no breakdown by age,_T,Total,0_TO_20,0-20 scale,_Z,Not Applicable,_Z,Not Applicable,_Z,Not Applicable,2024,15.148277835587926,MEAN,Mean,ITU_GCI,Global Cybersecurity Index,0,Units,IX,Index,602,CCYY,A,Normal value,PU,Public
datastructure,WB.DATA360:DS_DATA360(1.2),I,A,Annual,GNQ,Equatorial Guinea,ITU_GCI_ORG_SCORE,Organizational Score - OS (ITU GCI),_T,Total,_T,All age ranges or no breakdown by age,_T,Total,0_TO_20,0-20 scale,_Z,Not Applicable,_Z,Not Applicable,_Z,Not Applicable,2024,6.430008324661811,MEAN,Mean,ITU_GCI,Global Cybersecurity Index,0,Units,IX,Index,602,CCYY,A,Normal value,PU,Public
datastructure,WB.DATA360:DS_DATA360(1.2),I,A,Annual,ERI,Eritrea,ITU_GCI_ORG_SCORE,Organizational Score - OS (ITU GCI),_T,Total,_T,All age ranges or no breakdown by age,_T,Total,0_TO_20,0-20 scale,_Z,Not Applicable,_Z,Not Applicable,_Z,Not Applicable,2024,0.0,MEAN,Mean,ITU_GCI,Global Cybersecurity Index,0,Units,IX,Index,602,CCYY,A,Normal value,PU,Public
datastructure,WB.DATA360:DS_DATA360(1.2),I,A,Annual,EST,Estonia,ITU_GCI_ORG_SCORE,Organizational Score - OS (ITU GCI),_T,Total,_T,All age ranges or no breakdown by age,_T,Total,0_TO_20,0-20 scale,_Z,Not Applicable,_Z,Not Applicable,_Z,Not Applicable,2024,20.0,MEAN,Mean,ITU_GCI,Global Cybersecurity Index,0,Units,IX,Index,602,CCYY,A,Normal value,PU,Public
datastructure,WB.DATA360:DS_DATA360(1.2),I,A,Annual,SWZ,Eswatini,ITU_GCI_ORG_SCORE,Organizational Score - OS (ITU GCI),_T,Total,_T,All age ranges or no breakdown by age,_T,Total,0_TO_20,0-20 scale,_Z,Not Applicable,_Z,Not Applicable,_Z,Not Applicable,2024,18.35806451612903,MEAN,Mean,ITU_GCI,Global Cybersecurity Index,0,Units,IX,Index,602,CCYY,A,Normal value,PU,Public
datastructure,WB.DATA360:DS_DATA360(1.2),I,A,Annual,ETH,Ethiopia,ITU_GCI_ORG_SCORE,Organizational Score - OS (ITU GCI),_T,Total,_T,All age ranges or no breakdown by age,_T,Total,0_TO_20,0-20 scale,_Z,Not Applicable,_Z,Not Applicable,_Z,Not Applicable,2024,12.122301123829343,MEAN,Mean,ITU_GCI,Global Cybersecurity Index,0,Units,IX,Index,602,CCYY,A,Normal value,PU,Public
datastructure,WB.DATA360:DS_DATA360(1.2),I,A,Annual,FJI,Fiji,ITU_GCI_ORG_SCORE,Organizational Score - OS (ITU GCI),_T,Total,_T,All age ranges or no breakdown by age,_T,Total,0_TO_20,0-20 scale,_Z,Not Applicable,_Z,Not Applicable,_Z,Not Applicable,2024,15.707591050988556,MEAN,Mean,ITU_GCI,Global Cybersecurity Index,0,Units,IX,Index,602,CCYY,A,Normal value,PU,Public
datastructure,WB.DATA360:DS_DATA360(1.2),I,A,Annual,FIN,Finland,ITU_GCI_ORG_SCORE,Organizational Score - OS (ITU GCI),_T,Total,_T,All age ranges or no breakdown by age,_T,Total,0_TO_20,0-20 scale,_Z,Not Applicable,_Z,Not Applicable,_Z,Not Applicable,2024,20.0,MEAN,Mean,ITU_GCI,Global Cybersecurity Index,0,Units,IX,Index,602,CCYY,A,Normal value,PU,Public
datastructure,WB.DATA360:DS_DATA360(1.2),I,A,Annual,FRA,France,ITU_GCI_ORG_SCORE,Organizational Score - OS (ITU GCI),_T,Total,_T,All age ranges or no breakdown by age,_T,Total,0_TO_20,0-20 scale,_Z,Not Applicable,_Z,Not Applicable,_Z,Not Applicable,2024,20.0,MEAN,Mean,ITU_GCI,Global Cybersecurity Index,0,Units,IX,Index,602,CCYY,A,Normal value,PU,Public
datastructure,WB.DATA360:DS_DATA360(1.2),I,A,Annual,GAB,Gabon,ITU_GCI_ORG_SCORE,Organizational Score - OS (ITU GCI),_T,Total,_T,All age ranges or no breakdown by age,_T,Total,0_TO_20,0-20 scale,_Z,Not Applicable,_Z,Not Applicable,_Z,Not Applicable,2024,5.51171696149844,MEAN,Mean,ITU_GCI,Global Cybersecurity Index,0,Units,IX,Index,602,CCYY,A,Normal value,PU,Public
datastructure,WB.DATA360:DS_DATA360(1.2),I,A,Annual,GMB,"Gambia, The",ITU_GCI_ORG_SCORE,Organizational Score - OS (ITU GCI),_T,Total,_T,All age ranges or no breakdown by age,_T,Total,0_TO_20,0-20 scale,_Z,Not Applicable,_Z,Not Applicable,_Z,Not Applicable,2024,15.768445369406868,MEAN,Mean,ITU_GCI,Global Cybersecurity Index,0,Units,IX,Index,602,CCYY,A,Normal value,PU,Public
datastructure,WB.DATA360:DS_DATA360(1.2),I,A,Annual,GEO,Georgia,ITU_GCI_ORG_SCORE,Organizational Score - OS (ITU GCI),_T,Total,_T,All age ranges or no breakdown by age,_T,Total,0_TO_20,0-20 scale,_Z,Not Applicable,_Z,Not Applicable,_Z,Not Applicable,2024,16.34848699271592,MEAN,Mean,ITU_GCI,Global Cybersecurity Index,0,Units,IX,Index,602,CCYY,A,Normal value,PU,Public
datastructure,WB.DATA360:DS_DATA360(1.2),I,A,Annual,DEU,Germany,ITU_GCI_ORG_SCORE,Organizational Score - OS (ITU GCI),_T,Total,_T,All age ranges or no breakdown by age,_T,Total,0_TO_20,0-20 scale,_Z,Not Applicable,_Z,Not Applicable,_Z,Not Applicable,2024,20.0,MEAN,Mean,ITU_GCI,Global Cybersecurity Index,0,Units,IX,Index,602,CCYY,A,Normal value,PU,Public
datastructure,WB.DATA360:DS_DATA360(1.2),I,A,Annual,GHA,Ghana,ITU_GCI_ORG_SCORE,Organizational Score - OS (ITU GCI),_T,Total,_T,All age ranges or no breakdown by age,_T,Total,0_TO_20,0-20 scale,_Z,Not Applicable,_Z,Not Applicable,_Z,Not Applicable,2024,20.0,MEAN,Mean,ITU_GCI,Global Cybersecurity Index,0,Units,IX,Index,602,CCYY,A,Normal value,PU,Public
datastructure,WB.DATA360:DS_DATA360(1.2),I,A,Annual,GRC,Greece,ITU_GCI_ORG_SCORE,Organizational Score - OS (ITU GCI),_T,Total,_T,All age ranges or no breakdown by age,_T,Total,0_TO_20,0-20 scale,_Z,Not Applicable,_Z,Not Applicable,_Z,Not Applicable,2024,19.21875650364204,MEAN,Mean,ITU_GCI,Global Cybersecurity Index,0,Units,IX,Index,602,CCYY,A,Normal value,PU,Public
datastructure,WB.DATA360:DS_DATA360(1.2),I,A,Annual,GRD,Grenada,ITU_GCI_ORG_SCORE,Organizational Score - OS (ITU GCI),_T,Total,_T,All age ranges or no breakdown by age,_T,Total,0_TO_20,0-20 scale,_Z,Not Applicable,_Z,Not Applicable,_Z,Not Applicable,2024,0.0,MEAN,Mean,ITU_GCI,Global Cybersecurity Index,0,Units,IX,Index,602,CCYY,A,Normal value,PU,Public
datastructure,WB.DATA360:DS_DATA360(1.2),I,A,Annual,GTM,Guatemala,ITU_GCI_ORG_SCORE,Organizational Score - OS (ITU GCI),_T,Total,_T,All age ranges or no breakdown by age,_T,Total,0_TO_20,0-20 scale,_Z,Not Applicable,_Z,Not Applicable,_Z,Not Applicable,2024,12.578895296566074,MEAN,Mean,ITU_GCI,Global Cybersecurity Index,0,Units,IX,Index,602,CCYY,A,Normal value,PU,Public
datastructure,WB.DATA360:DS_DATA360(1.2),I,A,Annual,GIN,Guinea,ITU_GCI_ORG_SCORE,Organizational Score - OS (ITU GCI),_T,Total,_T,All age ranges or no breakdown by age,_T,Total,0_TO_20,0-20 scale,_Z,Not Applicable,_Z,Not Applicable,_Z,Not Applicable,2024,14.382998959417272,MEAN,Mean,ITU_GCI,Global Cybersecurity Index,0,Units,IX,Index,602,CCYY,A,Normal value,PU,Public
datastructure,WB.DATA360:DS_DATA360(1.2),I,A,Annual,GNB,Guinea-Bissau,ITU_GCI_ORG_SCORE,Organizational Score - OS (ITU GCI),_T,Total,_T,All age ranges or no breakdown by age,_T,Total,0_TO_20,0-20 scale,_Z,Not Applicable,_Z,Not Applicable,_Z,Not Applicable,2024,0.0,MEAN,Mean,ITU_GCI,Global Cybersecurity Index,0,Units,IX,Index,602,CCYY,A,Normal value,PU,Public
datastructure,WB.DATA360:DS_DATA360(1.2),I,A,Annual,GUY,Guyana,ITU_GCI_ORG_SCORE,Organizational Score - OS (ITU GCI),_T,Total,_T,All age ranges or no breakdown by age,_T,Total,0_TO_20,0-20 scale,_Z,Not Applicable,_Z,Not Applicable,_Z,Not Applicable,2024,5.876344432882413,MEAN,Mean,ITU_GCI,Global Cybersecurity Index,0,Units,IX,Index,602,CCYY,A,Normal value,PU,Public
datastructure,WB.DATA360:DS_DATA360(1.2),I,A,Annual,HTI,Haiti,ITU_GCI_ORG_SCORE,Organizational Score - OS (ITU GCI),_T,Total,_T,All age ranges or no breakdown by age,_T,Total,0_TO_20,0-20 scale,_Z,Not Applicable,_Z,Not Applicable,_Z,Not Applicable,2024,6.374720083246618,MEAN,Mean,ITU_GCI,Global Cybersecurity Index,0,Units,IX,Index,602,CCYY,A,Normal value,PU,Public
datastructure,WB.DATA360:DS_DATA360(1.2),I,A,Annual,HND,Honduras,ITU_GCI_ORG_SCORE,Organizational Score - OS (ITU GCI),_T,Total,_T,All age ranges or no breakdown by age,_T,Total,0_TO_20,0-20 scale,_Z,Not Applicable,_Z,Not Applicable,_Z,Not Applicable,2024,3.1617741935483865,MEAN,Mean,ITU_GCI,Global Cybersecurity Index,0,Units,IX,Index,602,CCYY,A,Normal value,PU,Public
datastructure,WB.DATA360:DS_DATA360(1.2),I,A,Annual,HUN,Hungary,ITU_GCI_ORG_SCORE,Organizational Score - OS (ITU GCI),_T,Total,_T,All age ranges or no breakdown by age,_T,Total,0_TO_20,0-20 scale,_Z,Not Applicable,_Z,Not Applicable,_Z,Not Applicable,2024,18.962312174817896,MEAN,Mean,ITU_GCI,Global Cybersecurity Index,0,Units,IX,Index,602,CCYY,A,Normal value,PU,Public
datastructure,WB.DATA360:DS_DATA360(1.2),I,A,Annual,ISL,Iceland,ITU_GCI_ORG_SCORE,Organizational Score - OS (ITU GCI),_T,Total,_T,All age ranges or no breakdown by age,_T,Total,0_TO_20,0-20 scale,_Z,Not Applicable,_Z,Not Applicable,_Z,Not Applicable,2024,19.36830280957336,MEAN,Mean,ITU_GCI,Global Cybersecurity Index,0,Units,IX,Index,602,CCYY,A,Normal value,PU,Public
datastructure,WB.DATA360:DS_DATA360(1.2),I,A,Annual,IND,India,ITU_GCI_ORG_SCORE,Organizational Score - OS (ITU GCI),_T,Total,_T,All age ranges or no breakdown by age,_T,Total,0_TO_20,0-20 scale,_Z,Not Applicable,_Z,Not Applicable,_Z,Not Applicable,2024,18.492590842872005,MEAN,Mean,ITU_GCI,Global Cybersecurity Index,0,Units,IX,Index,602,CCYY,A,Normal value,PU,Public
datastructure,WB.DATA360:DS_DATA360(1.2),I,A,Annual,IDN,Indonesia,ITU_GCI_ORG_SCORE,Organizational Score - OS (ITU GCI),_T,Total,_T,All age ranges or no breakdown by age,_T,Total,0_TO_20,0-20 scale,_Z,Not Applicable,_Z,Not Applicable,_Z,Not Applicable,2024,20.0,MEAN,Mean,ITU_GCI,Global Cybersecurity Index,0,Units,IX,Index,602,CCYY,A,Normal value,PU,Public
datastructure,WB.DATA360:DS_DATA360(1.2),I,A,Annual,IRN,"Iran, Islamic Rep.",ITU_GCI_ORG_SCORE,Organizational Score - OS (ITU GCI),_T,Total,_T,All age ranges or no breakdown by age,_T,Total,0_TO_20,0-20 scale,_Z,Not Applicable,_Z,Not Applicable,_Z,Not Applicable,2024,16.716129032258063,MEAN,Mean,ITU_GCI,Global Cybersecurity Index,0,Units,IX,Index,602,CCYY,A,Normal value,PU,Public
datastructure,WB.DATA360:DS_DATA360(1.2),I,A,Annual,IRQ,Iraq,ITU_GCI_ORG_SCORE,Organizational Score - OS (ITU GCI),_T,Total,_T,All age ranges or no breakdown by age,_T,Total,0_TO_20,0-20 scale,_Z,Not Applicable,_Z,Not Applicable,_Z,Not Applicable,2024,15.770032693766574,MEAN,Mean,ITU_GCI,Global Cybersecurity Index,0,Units,IX,Index,602,CCYY,A,Normal value,PU,Public
datastructure,WB.DATA360:DS_DATA360(1.2),I,A,Annual,IRL,Ireland,ITU_GCI_ORG_SCORE,Organizational Score - OS (ITU GCI),_T,Total,_T,All age ranges or no breakdown by age,_T,Total,0_TO_20,0-20 scale,_Z,Not Applicable,_Z,Not Applicable,_Z,Not Applicable,2024,19.665560477325364,MEAN,Mean,ITU_GCI,Global Cybersecurity Index,0,Units,IX,Index,602,CCYY,A,Normal value,PU,Public
datastructure,WB.DATA360:DS_DATA360(1.2),I,A,Annual,ISR,Israel,ITU_GCI_ORG_SCORE,Organizational Score - OS (ITU GCI),_T,Total,_T,All age ranges or no breakdown by age,_T,Total,0_TO_20,0-20 scale,_Z,Not Applicable,_Z,Not Applicable,_Z,Not Applicable,2024,18.34130963713873,MEAN,Mean,ITU_GCI,Global Cybersecurity Index,0,Units,IX,Index,602,CCYY,A,Normal value,PU,Public
datastructure,WB.DATA360:DS_DATA360(1.2),I,A,Annual,ITA,Italy,ITU_GCI_ORG_SCORE,Organizational Score - OS (ITU GCI),_T,Total,_T,All age ranges or no breakdown by age,_T,Total,0_TO_20,0-20 scale,_Z,Not Applicable,_Z,Not Applicable,_Z,Not Applicable,2024,20.0,MEAN,Mean,ITU_GCI,Global Cybersecurity Index,0,Units,IX,Index,602,CCYY,A,Normal value,PU,Public
datastructure,WB.DATA360:DS_DATA360(1.2),I,A,Annual,JAM,Jamaica,ITU_GCI_ORG_SCORE,Organizational Score - OS (ITU GCI),_T,Total,_T,All age ranges or no breakdown by age,_T,Total,0_TO_20,0-20 scale,_Z,Not Applicable,_Z,Not Applicable,_Z,Not Applicable,2024,15.818134378839249,MEAN,Mean,ITU_GCI,Global Cybersecurity Index,0,Units,IX,Index,602,CCYY,A,Normal value,PU,Public
datastructure,WB.DATA360:DS_DATA360(1.2),I,A,Annual,JPN,Japan,ITU_GCI_ORG_SCORE,Organizational Score - OS (ITU GCI),_T,Total,_T,All age ranges or no breakdown by age,_T,Total,0_TO_20,0-20 scale,_Z,Not Applicable,_Z,Not Applicable,_Z,Not Applicable,2024,20.0,MEAN,Mean,ITU_GCI,Global Cybersecurity Index,0,Units,IX,Index,602,CCYY,A,Normal value,PU,Public
datastructure,WB.DATA360:DS_DATA360(1.2),I,A,Annual,JOR,Jordan,ITU_GCI_ORG_SCORE,Organizational Score - OS (ITU GCI),_T,Total,_T,All age ranges or no breakdown by age,_T,Total,0_TO_20,0-20 scale,_Z,Not Applicable,_Z,Not Applicable,_Z,Not Applicable,2024,19.21875650364204,MEAN,Mean,ITU_GCI,Global Cybersecurity Index,0,Units,IX,Index,602,CCYY,A,Normal value,PU,Public
datastructure,WB.DATA360:DS_DATA360(1.2),I,A,Annual,KAZ,Kazakhstan,ITU_GCI_ORG_SCORE,Organizational Score - OS (ITU GCI),_T,Total,_T,All age ranges or no breakdown by age,_T,Total,0_TO_20,0-20 scale,_Z,Not Applicable,_Z,Not Applicable,_Z,Not Applicable,2024,18.303120707596253,MEAN,Mean,ITU_GCI,Global Cybersecurity Index,0,Units,IX,Index,602,CCYY,A,Normal value,PU,Public
datastructure,WB.DATA360:DS_DATA360(1.2),I,A,Annual,KEN,Kenya,ITU_GCI_ORG_SCORE,Organizational Score - OS (ITU GCI),_T,Total,_T,All age ranges or no breakdown by age,_T,Total,0_TO_20,0-20 scale,_Z,Not Applicable,_Z,Not Applicable,_Z,Not Applicable,2024,20.0,MEAN,Mean,ITU_GCI,Global Cybersecurity Index,0,Units,IX,Index,602,CCYY,A,Normal value,PU,Public
datastructure,WB.DATA360:DS_DATA360(1.2),I,A,Annual,KIR,Kiribati,ITU_GCI_ORG_SCORE,Organizational Score - OS (ITU GCI),_T,Total,_T,All age ranges or no breakdown by age,_T,Total,0_TO_20,0-20 scale,_Z,Not Applicable,_Z,Not Applicable,_Z,Not Applicable,2024,14.338743560135612,MEAN,Mean,ITU_GCI,Global Cybersecurity Index,0,Units,IX,Index,602,CCYY,A,Normal value,PU,Public
datastructure,WB.DATA360:DS_DATA360(1.2),I,A,Annual,KWT,Kuwait,ITU_GCI_ORG_SCORE,Organizational Score - OS (ITU GCI),_T,Total,_T,All age ranges or no breakdown by age,_T,Total,0_TO_20,0-20 scale,_Z,Not Applicable,_Z,Not Applicable,_Z,Not Applicable,2024,11.876913422174482,MEAN,Mean,ITU_GCI,Global Cybersecurity Index,0,Units,IX,Index,602,CCYY,A,Normal value,PU,Public
datastructure,WB.DATA360:DS_DATA360(1.2),I,A,Annual,KGZ,Kyrgyz Republic,ITU_GCI_ORG_SCORE,Organizational Score - OS (ITU GCI),_T,Total,_T,All age ranges or no breakdown by age,_T,Total,0_TO_20,0-20 scale,_Z,Not Applicable,_Z,Not Applicable,_Z,Not Applicable,2024,16.319337148803328,MEAN,Mean,ITU_GCI,Global Cybersecurity Index,0,Units,IX,Index,602,CCYY,A,Normal value,PU,Public
datastructure,WB.DATA360:DS_DATA360(1.2),I,A,Annual,LAO,Lao PDR,ITU_GCI_ORG_SCORE,Organizational Score - OS (ITU GCI),_T,Total,_T,All age ranges or no breakdown by age,_T,Total,0_TO_20,0-20 scale,_Z,Not Applicable,_Z,Not Applicable,_Z,Not Applicable,2024,5.516689906347555,MEAN,Mean,ITU_GCI,Global Cybersecurity Index,0,Units,IX,Index,602,CCYY,A,Normal value,PU,Public
datastructure,WB.DATA360:DS_DATA360(1.2),I,A,Annual,LVA,Latvia,ITU_GCI_ORG_SCORE,Organizational Score - OS (ITU GCI),_T,Total,_T,All age ranges or no breakdown by age,_T,Total,0_TO_20,0-20 scale,_Z,Not Applicable,_Z,Not Applicable,_Z,Not Applicable,2024,19.34080853277836,MEAN,Mean,ITU_GCI,Global Cybersecurity Index,0,Units,IX,Index,602,CCYY,A,Normal value,PU,Public
datastructure,WB.DATA360:DS_DATA360(1.2),I,A,Annual,LBN,Lebanon,ITU_GCI_ORG_SCORE,Organizational Score - OS (ITU GCI),_T,Total,_T,All age ranges or no breakdown by age,_T,Total,0_TO_20,0-20 scale,_Z,Not Applicable,_Z,Not Applicable,_Z,Not Applicable,2024,10.519519042663893,MEAN,Mean,ITU_GCI,Global Cybersecurity Index,0,Units,IX,Index,602,CCYY,A,Normal value,PU,Public
datastructure,WB.DATA360:DS_DATA360(1.2),I,A,Annual,LSO,Lesotho,ITU_GCI_ORG_SCORE,Organizational Score - OS (ITU GCI),_T,Total,_T,All age ranges or no breakdown by age,_T,Total,0_TO_20,0-20 scale,_Z,Not Applicable,_Z,Not Applicable,_Z,Not Applicable,2024,3.846112382934443,MEAN,Mean,ITU_GCI,Global Cybersecurity Index,0,Units,IX,Index,602,CCYY,A,Normal value,PU,Public
datastructure,WB.DATA360:DS_DATA360(1.2),I,A,Annual,LBR,Liberia,ITU_GCI_ORG_SCORE,Organizational Score - OS (ITU GCI),_T,Total,_T,All age ranges or no breakdown by age,_T,Total,0_TO_20,0-20 scale,_Z,Not Applicable,_Z,Not Applicable,_Z,Not Applicable,2024,2.7590718002081163,MEAN,Mean,ITU_GCI,Global Cybersecurity Index,0,Units,IX,Index,602,CCYY,A,Normal value,PU,Public
datastructure,WB.DATA360:DS_DATA360(1.2),I,A,Annual,LBY,Libya,ITU_GCI_ORG_SCORE,Organizational Score - OS (ITU GCI),_T,Total,_T,All age ranges or no breakdown by age,_T,Total,0_TO_20,0-20 scale,_Z,Not Applicable,_Z,Not Applicable,_Z,Not Applicable,2024,14.004310280957334,MEAN,Mean,ITU_GCI,Global Cybersecurity Index,0,Units,IX,Index,602,CCYY,A,Normal value,PU,Public
datastructure,WB.DATA360:DS_DATA360(1.2),I,A,Annual,LIE,Liechtenstein,ITU_GCI_ORG_SCORE,Organizational Score - OS (ITU GCI),_T,Total,_T,All age ranges or no breakdown by age,_T,Total,0_TO_20,0-20 scale,_Z,Not Applicable,_Z,Not Applicable,_Z,Not Applicable,2024,3.615648283038502,MEAN,Mean,ITU_GCI,Global Cybersecurity Index,0,Units,IX,Index,602,CCYY,A,Normal value,PU,Public
datastructure,WB.DATA360:DS_DATA360(1.2),I,A,Annual,LTU,Lithuania,ITU_GCI_ORG_SCORE,Organizational Score - OS (ITU GCI),_T,Total,_T,All age ranges or no breakdown by age,_T,Total,0_TO_20,0-20 scale,_Z,Not Applicable,_Z,Not Applicable,_Z,Not Applicable,2024,17.04598668188379,MEAN,Mean,ITU_GCI,Global Cybersecurity Index,0,Units,IX,Index,602,CCYY,A,Normal value,PU,Public
datastructure,WB.DATA360:DS_DATA360(1.2),I,A,Annual,LUX,Luxembourg,ITU_GCI_ORG_SCORE,Organizational Score - OS (ITU GCI),_T,Total,_T,All age ranges or no breakdown by age,_T,Total,0_TO_20,0-20 scale,_Z,Not Applicable,_Z,Not Applicable,_Z,Not Applicable,2024,20.0,MEAN,Mean,ITU_GCI,Global Cybersecurity Index,0,Units,IX,Index,602,CCYY,A,Normal value,PU,Public
datastructure,WB.DATA360:DS_DATA360(1.2),I,A,Annual,MDG,Madagascar,ITU_GCI_ORG_SCORE,Organizational Score - OS (ITU GCI),_T,Total,_T,All age ranges or no breakdown by age,_T,Total,0_TO_20,0-20 scale,_Z,Not Applicable,_Z,Not Applicable,_Z,Not Applicable,2024,4.022466181061394,MEAN,Mean,ITU_GCI,Global Cybersecurity Index,0,Units,IX,Index,602,CCYY,A,Normal value,PU,Public
datastructure,WB.DATA360:DS_DATA360(1.2),I,A,Annual,MWI,Malawi,ITU_GCI_ORG_SCORE,Organizational Score - OS (ITU GCI),_T,Total,_T,All age ranges or no breakdown by age,_T,Total,0_TO_20,0-20 scale,_Z,Not Applicable,_Z,Not Applicable,_Z,Not Applicable,2024,17.365505723204993,MEAN,Mean,ITU_GCI,Global Cybersecurity Index,0,Units,IX,Index,602,CCYY,A,Normal value,PU,Public
datastructure,WB.DATA360:DS_DATA360(1.2),I,A,Annual,MYS,Malaysia,ITU_GCI_ORG_SCORE,Organizational Score - OS (ITU GCI),_T,Total,_T,All age ranges or no breakdown by age,_T,Total,0_TO_20,0-20 scale,_Z,Not Applicable,_Z,Not Applicable,_Z,Not Applicable,2024,18.821964620187305,MEAN,Mean,ITU_GCI,Global Cybersecurity Index,0,Units,IX,Index,602,CCYY,A,Normal value,PU,Public
datastructure,WB.DATA360:DS_DATA360(1.2),I,A,Annual,MDV,Maldives,ITU_GCI_ORG_SCORE,Organizational Score - OS (ITU GCI),_T,Total,_T,All age ranges or no breakdown by age,_T,Total,0_TO_20,0-20 scale,_Z,Not Applicable,_Z,Not Applicable,_Z,Not Applicable,2024,4.884992715920916,MEAN,Mean,ITU_GCI,Global Cybersecurity Index,0,Units,IX,Index,602,CCYY,A,Normal value,PU,Public
datastructure,WB.DATA360:DS_DATA360(1.2),I,A,Annual,MLI,Mali,ITU_GCI_ORG_SCORE,Organizational Score - OS (ITU GCI),_T,Total,_T,All age ranges or no breakdown by age,_T,Total,0_TO_20,0-20 scale,_Z,Not Applicable,_Z,Not Applicable,_Z,Not Applicable,2024,2.8966690946930287,MEAN,Mean,ITU_GCI,Global Cybersecurity Index,0,Units,IX,Index,602,CCYY,A,Normal value,PU,Public
datastructure,WB.DATA360:DS_DATA360(1.2),I,A,Annual,MLT,Malta,ITU_GCI_ORG_SCORE,Organizational Score - OS (ITU GCI),_T,Total,_T,All age ranges or no breakdown by age,_T,Total,0_TO_20,0-20 scale,_Z,Not Applicable,_Z,Not Applicable,_Z,Not Applicable,2024,18.68161706555671,MEAN,Mean,ITU_GCI,Global Cybersecurity Index,0,Units,IX,Index,602,CCYY,A,Normal value,PU,Public
datastructure,WB.DATA360:DS_DATA360(1.2),I,A,Annual,MHL,Marshall Islands,ITU_GCI_ORG_SCORE,Organizational Score - OS (ITU GCI),_T,Total,_T,All age ranges or no breakdown by age,_T,Total,0_TO_20,0-20 scale,_Z,Not Applicable,_Z,Not Applicable,_Z,Not Applicable,2024,1.8960686784599377,MEAN,Mean,ITU_GCI,Global Cybersecurity Index,0,Units,IX,Index,602,CCYY,A,Normal value,PU,Public
datastructure,WB.DATA360:DS_DATA360(1.2),I,A,Annual,MRT,Mauritania,ITU_GCI_ORG_SCORE,Organizational Score - OS (ITU GCI),_T,Total,_T,All age ranges or no breakdown by age,_T,Total,0_TO_20,0-20 scale,_Z,Not Applicable,_Z,Not Applicable,_Z,Not Applicable,2024,10.585032258064516,MEAN,Mean,ITU_GCI,Global Cybersecurity Index,0,Units,IX,Index,602,CCYY,A,Normal value,PU,Public
datastructure,WB.DATA360:DS_DATA360(1.2),I,A,Annual,MUS,Mauritius,ITU_GCI_ORG_SCORE,Organizational Score - OS (ITU GCI),_T,Total,_T,All age ranges or no breakdown by age,_T,Total,0_TO_20,0-20 scale,_Z,Not Applicable,_Z,Not Applicable,_Z,Not Applicable,2024,20.0,MEAN,Mean,ITU_GCI,Global Cybersecurity Index,0,Units,IX,Index,602,CCYY,A,Normal value,PU,Public
datastructure,WB.DATA360:DS_DATA360(1.2),I,A,Annual,MEX,Mexico,ITU_GCI_ORG_SCORE,Organizational Score - OS (ITU GCI),_T,Total,_T,All age ranges or no breakdown by age,_T,Total,0_TO_20,0-20 scale,_Z,Not Applicable,_Z,Not Applicable,_Z,Not Applicable,2024,17.344138792924035,MEAN,Mean,ITU_GCI,Global Cybersecurity Index,0,Units,IX,Index,602,CCYY,A,Normal value,PU,Public
datastructure,WB.DATA360:DS_DATA360(1.2),I,A,Annual,FSM,"Micronesia, Fed. Sts.",ITU_GCI_ORG_SCORE,Organizational Score - OS (ITU GCI),_T,Total,_T,All age ranges or no breakdown by age,_T,Total,0_TO_20,0-20 scale,_Z,Not Applicable,_Z,Not Applicable,_Z,Not Applicable,2024,1.8960686784599377,MEAN,Mean,ITU_GCI,Global Cybersecurity Index,0,Units,IX,Index,602,CCYY,A,Normal value,PU,Public
datastructure,WB.DATA360:DS_DATA360(1.2),I,A,Annual,MDA,Moldova,ITU_GCI_ORG_SCORE,Organizational Score - OS (ITU GCI),_T,Total,_T,All age ranges or no breakdown by age,_T,Total,0_TO_20,0-20 scale,_Z,Not Applicable,_Z,Not Applicable,_Z,Not Applicable,2024,15.512001040582728,MEAN,Mean,ITU_GCI,Global Cybersecurity Index,0,Units,IX,Index,602,CCYY,A,Normal value,PU,Public
datastructure,WB.DATA360:DS_DATA360(1.2),I,A,Annual,MCO,Monaco,ITU_GCI_ORG_SCORE,Organizational Score - OS (ITU GCI),_T,Total,_T,All age ranges or no breakdown by age,_T,Total,0_TO_20,0-20 scale,_Z,Not Applicable,_Z,Not Applicable,_Z,Not Applicable,2024,15.164989344432882,MEAN,Mean,ITU_GCI,Global Cybersecurity Index,0,Units,IX,Index,602,CCYY,A,Normal value,PU,Public
datastructure,WB.DATA360:DS_DATA360(1.2),I,A,Annual,MNG,Mongolia,ITU_GCI_ORG_SCORE,Organizational Score - OS (ITU GCI),_T,Total,_T,All age ranges or no breakdown by age,_T,Total,0_TO_20,0-20 scale,_Z,Not Applicable,_Z,Not Applicable,_Z,Not Applicable,2024,13.616966304588637,MEAN,Mean,ITU_GCI,Global Cybersecurity Index,0,Units,IX,Index,602,CCYY,A,Normal value,PU,Public
datastructure,WB.DATA360:DS_DATA360(1.2),I,A,Annual,MNE,Montenegro,ITU_GCI_ORG_SCORE,Organizational Score - OS (ITU GCI),_T,Total,_T,All age ranges or no breakdown by age,_T,Total,0_TO_20,0-20 scale,_Z,Not Applicable,_Z,Not Applicable,_Z,Not Applicable,2024,17.611881373569197,MEAN,Mean,ITU_GCI,Global Cybersecurity Index,0,Units,IX,Index,602,CCYY,A,Normal value,PU,Public
datastructure,WB.DATA360:DS_DATA360(1.2),I,A,Annual,MAR,Morocco,ITU_GCI_ORG_SCORE,Organizational Score - OS (ITU GCI),_T,Total,_T,All age ranges or no breakdown by age,_T,Total,0_TO_20,0-20 scale,_Z,Not Applicable,_Z,Not Applicable,_Z,Not Applicable,2024,20.0,MEAN,Mean,ITU_GCI,Global Cybersecurity Index,0,Units,IX,Index,602,CCYY,A,Normal value,PU,Public
datastructure,WB.DATA360:DS_DATA360(1.2),I,A,Annual,MOZ,Mozambique,ITU_GCI_ORG_SCORE,Organizational Score - OS (ITU GCI),_T,Total,_T,All age ranges or no breakdown by age,_T,Total,0_TO_20,0-20 scale,_Z,Not Applicable,_Z,Not Applicable,_Z,Not Applicable,2024,15.792950052029138,MEAN,Mean,ITU_GCI,Global Cybersecurity Index,0,Units,IX,Index,602,CCYY,A,Normal value,PU,Public
datastructure,WB.DATA360:DS_DATA360(1.2),I,A,Annual,MMR,Myanmar,ITU_GCI_ORG_SCORE,Organizational Score - OS (ITU GCI),_T,Total,_T,All age ranges or no breakdown by age,_T,Total,0_TO_20,0-20 scale,_Z,Not Applicable,_Z,Not Applicable,_Z,Not Applicable,2024,13.064871904937732,MEAN,Mean,ITU_GCI,Global Cybersecurity Index,0,Units,IX,Index,602,CCYY,A,Normal value,PU,Public
datastructure,WB.DATA360:DS_DATA360(1.2),I,A,Annual,NAM,Namibia,ITU_GCI_ORG_SCORE,Organizational Score - OS (ITU GCI),_T,Total,_T,All age ranges or no breakdown by age,_T,Total,0_TO_20,0-20 scale,_Z,Not Applicable,_Z,Not Applicable,_Z,Not Applicable,2024,16.34848699271592,MEAN,Mean,ITU_GCI,Global Cybersecurity Index,0,Units,IX,Index,602,CCYY,A,Normal value,PU,Public
datastructure,WB.DATA360:DS_DATA360(1.2),I,A,Annual,NRU,Nauru,ITU_GCI_ORG_SCORE,Organizational Score - OS (ITU GCI),_T,Total,_T,All age ranges or no breakdown by age,_T,Total,0_TO_20,0-20 scale,_Z,Not Applicable,_Z,Not Applicable,_Z,Not Applicable,2024,1.0376878251821011,MEAN,Mean,ITU_GCI,Global Cybersecurity Index,0,Units,IX,Index,602,CCYY,A,Normal value,PU,Public
datastructure,WB.DATA360:DS_DATA360(1.2),I,A,Annual,NPL,Nepal,ITU_GCI_ORG_SCORE,Organizational Score - OS (ITU GCI),_T,Total,_T,All age ranges or no breakdown by age,_T,Total,0_TO_20,0-20 scale,_Z,Not Applicable,_Z,Not Applicable,_Z,Not Applicable,2024,16.921135026014568,MEAN,Mean,ITU_GCI,Global Cybersecurity Index,0,Units,IX,Index,602,CCYY,A,Normal value,PU,Public
datastructure,WB.DATA360:DS_DATA360(1.2),I,A,Annual,NLD,Netherlands,ITU_GCI_ORG_SCORE,Organizational Score - OS (ITU GCI),_T,Total,_T,All age ranges or no breakdown by age,_T,Total,0_TO_20,0-20 scale,_Z,Not Applicable,_Z,Not Applicable,_Z,Not Applicable,2024,20.0,MEAN,Mean,ITU_GCI,Global Cybersecurity Index,0,Units,IX,Index,602,CCYY,A,Normal value,PU,Public
datastructure,WB.DATA360:DS_DATA360(1.2),I,A,Annual,NZL,New Zealand,ITU_GCI_ORG_SCORE,Organizational Score - OS (ITU GCI),_T,Total,_T,All age ranges or no breakdown by age,_T,Total,0_TO_20,0-20 scale,_Z,Not Applicable,_Z,Not Applicable,_Z,Not Applicable,2024,17.438297711389342,MEAN,Mean,ITU_GCI,Global Cybersecurity Index,0,Units,IX,Index,602,CCYY,A,Normal value,PU,Public
datastructure,WB.DATA360:DS_DATA360(1.2),I,A,Annual,NIC,Nicaragua,ITU_GCI_ORG_SCORE,Organizational Score - OS (ITU GCI),_T,Total,_T,All age ranges or no breakdown by age,_T,Total,0_TO_20,0-20 scale,_Z,Not Applicable,_Z,Not Applicable,_Z,Not Applicable,2024,5.96896584941761,MEAN,Mean,ITU_GCI,Global Cybersecurity Index,0,Units,IX,Index,602,CCYY,A,Normal value,PU,Public
datastructure,WB.DATA360:DS_DATA360(1.2),I,A,Annual,NER,Niger,ITU_GCI_ORG_SCORE,Organizational Score - OS (ITU GCI),_T,Total,_T,All age ranges or no breakdown by age,_T,Total,0_TO_20,0-20 scale,_Z,Not Applicable,_Z,Not Applicable,_Z,Not Applicable,2024,10.715691987513008,MEAN,Mean,ITU_GCI,Global Cybersecurity Index,0,Units,IX,Index,602,CCYY,A,Normal value,PU,Public
datastructure,WB.DATA360:DS_DATA360(1.2),I,A,Annual,NGA,Nigeria,ITU_GCI_ORG_SCORE,Organizational Score - OS (ITU GCI),_T,Total,_T,All age ranges or no breakdown by age,_T,Total,0_TO_20,0-20 scale,_Z,Not Applicable,_Z,Not Applicable,_Z,Not Applicable,2024,16.574193548387097,MEAN,Mean,ITU_GCI,Global Cybersecurity Index,0,Units,IX,Index,602,CCYY,A,Normal value,PU,Public
datastructure,WB.DATA360:DS_DATA360(1.2),I,A,Annual,NOR,Norway,ITU_GCI_ORG_SCORE,Organizational Score - OS (ITU GCI),_T,Total,_T,All age ranges or no breakdown by age,_T,Total,0_TO_20,0-20 scale,_Z,Not Applicable,_Z,Not Applicable,_Z,Not Applicable,2024,19.31275109395455,MEAN,Mean,ITU_GCI,Global Cybersecurity Index,0,Units,IX,Index,602,CCYY,A,Normal value,PU,Public
datastructure,WB.DATA360:DS_DATA360(1.2),I,A,Annual,OMN,Oman,ITU_GCI_ORG_SCORE,Organizational Score - OS (ITU GCI),_T,Total,_T,All age ranges or no breakdown by age,_T,Total,0_TO_20,0-20 scale,_Z,Not Applicable,_Z,Not Applicable,_Z,Not Applicable,2024,20.0,MEAN,Mean,ITU_GCI,Global Cybersecurity Index,0,Units,IX,Index,602,CCYY,A,Normal value,PU,Public
datastructure,WB.DATA360:DS_DATA360(1.2),I,A,Annual,PAK,Pakistan,ITU_GCI_ORG_SCORE,Organizational Score - OS (ITU GCI),_T,Total,_T,All age ranges or no breakdown by age,_T,Total,0_TO_20,0-20 scale,_Z,Not Applicable,_Z,Not Applicable,_Z,Not Applicable,2024,20.0,MEAN,Mean,ITU_GCI,Global Cybersecurity Index,0,Units,IX,Index,602,CCYY,A,Normal value,PU,Public
datastructure,WB.DATA360:DS_DATA360(1.2),I,A,Annual,PAN,Panama,ITU_GCI_ORG_SCORE,Organizational Score - OS (ITU GCI),_T,Total,_T,All age ranges or no breakdown by age,_T,Total,0_TO_20,0-20 scale,_Z,Not Applicable,_Z,Not Applicable,_Z,Not Applicable,2024,13.14505019502534,MEAN,Mean,ITU_GCI,Global Cybersecurity Index,0,Units,IX,Index,602,CCYY,A,Normal value,PU,Public
datastructure,WB.DATA360:DS_DATA360(1.2),I,A,Annual,PNG,Papua New Guinea,ITU_GCI_ORG_SCORE,Organizational Score - OS (ITU GCI),_T,Total,_T,All age ranges or no breakdown by age,_T,Total,0_TO_20,0-20 scale,_Z,Not Applicable,_Z,Not Applicable,_Z,Not Applicable,2024,14.646965659427345,MEAN,Mean,ITU_GCI,Global Cybersecurity Index,0,Units,IX,Index,602,CCYY,A,Normal value,PU,Public
datastructure,WB.DATA360:DS_DATA360(1.2),I,A,Annual,PRY,Paraguay,ITU_GCI_ORG_SCORE,Organizational Score - OS (ITU GCI),_T,Total,_T,All age ranges or no breakdown by age,_T,Total,0_TO_20,0-20 scale,_Z,Not Applicable,_Z,Not Applicable,_Z,Not Applicable,2024,17.664277438823806,MEAN,Mean,ITU_GCI,Global Cybersecurity Index,0,Units,IX,Index,602,CCYY,A,Normal value,PU,Public
datastructure,WB.DATA360:DS_DATA360(1.2),I,A,Annual,PER,Peru,ITU_GCI_ORG_SCORE,Organizational Score - OS (ITU GCI),_T,Total,_T,All age ranges or no breakdown by age,_T,Total,0_TO_20,0-20 scale,_Z,Not Applicable,_Z,Not Applicable,_Z,Not Applicable,2024,18.271072840790843,MEAN,Mean,ITU_GCI,Global Cybersecurity Index,0,Units,IX,Index,602,CCYY,A,Normal value,PU,Public
datastructure,WB.DATA360:DS_DATA360(1.2),I,A,Annual,PHL,Philippines,ITU_GCI_ORG_SCORE,Organizational Score - OS (ITU GCI),_T,Total,_T,All age ranges or no breakdown by age,_T,Total,0_TO_20,0-20 scale,_Z,Not Applicable,_Z,Not Applicable,_Z,Not Applicable,2024,19.51427927159209,MEAN,Mean,ITU_GCI,Global Cybersecurity Index,0,Units,IX,Index,602,CCYY,A,Normal value,PU,Public
datastructure,WB.DATA360:DS_DATA360(1.2),I,A,Annual,POL,Poland,ITU_GCI_ORG_SCORE,Organizational Score - OS (ITU GCI),_T,Total,_T,All age ranges or no breakdown by age,_T,Total,0_TO_20,0-20 scale,_Z,Not Applicable,_Z,Not Applicable,_Z,Not Applicable,2024,16.6588478251821,MEAN,Mean,ITU_GCI,Global Cybersecurity Index,0,Units,IX,Index,602,CCYY,A,Normal value,PU,Public
datastructure,WB.DATA360:DS_DATA360(1.2),I,A,Annual,PRT,Portugal,ITU_GCI_ORG_SCORE,Organizational Score - OS (ITU GCI),_T,Total,_T,All age ranges or no breakdown by age,_T,Total,0_TO_20,0-20 scale,_Z,Not Applicable,_Z,Not Applicable,_Z,Not Applicable,2024,20.0,MEAN,Mean,ITU_GCI,Global Cybersecurity Index,0,Units,IX,Index,602,CCYY,A,Normal value,PU,Public
datastructure,WB.DATA360:DS_DATA360(1.2),I,A,Annual,QAT,Qatar,ITU_GCI_ORG_SCORE,Organizational Score - OS (ITU GCI),_T,Total,_T,All age ranges or no breakdown by age,_T,Total,0_TO_20,0-20 scale,_Z,Not Applicable,_Z,Not Applicable,_Z,Not Applicable,2024,20.0,MEAN,Mean,ITU_GCI,Global Cybersecurity Index,0,Units,IX,Index,602,CCYY,A,Normal value,PU,Public
datastructure,WB.DATA360:DS_DATA360(1.2),I,A,Annual,KOR,"Korea, Rep.",ITU_GCI_ORG_SCORE,Organizational Score - OS (ITU GCI),_T,Total,_T,All age ranges or no breakdown by age,_T,Total,0_TO_20,0-20 scale,_Z,Not Applicable,_Z,Not Applicable,_Z,Not Applicable,2024,20.0,MEAN,Mean,ITU_GCI,Global Cybersecurity Index,0,Units,IX,Index,602,CCYY,A,Normal value,PU,Public
datastructure,WB.DATA360:DS_DATA360(1.2),I,A,Annual,ROU,Romania,ITU_GCI_ORG_SCORE,Organizational Score - OS (ITU GCI),_T,Total,_T,All age ranges or no breakdown by age,_T,Total,0_TO_20,0-20 scale,_Z,Not Applicable,_Z,Not Applicable,_Z,Not Applicable,2024,17.296170655567117,MEAN,Mean,ITU_GCI,Global Cybersecurity Index,0,Units,IX,Index,602,CCYY,A,Normal value,PU,Public
datastructure,WB.DATA360:DS_DATA360(1.2),I,A,Annual,RUS,Russian Federation,ITU_GCI_ORG_SCORE,Organizational Score - OS (ITU GCI),_T,Total,_T,All age ranges or no breakdown by age,_T,Total,0_TO_20,0-20 scale,_Z,Not Applicable,_Z,Not Applicable,_Z,Not Applicable,2024,20.0,MEAN,Mean,ITU_GCI,Global Cybersecurity Index,0,Units,IX,Index,602,CCYY,A,Normal value,PU,Public
datastructure,WB.DATA360:DS_DATA360(1.2),I,A,Annual,RWA,Rwanda,ITU_GCI_ORG_SCORE,Organizational Score - OS (ITU GCI),_T,Total,_T,All age ranges or no breakdown by age,_T,Total,0_TO_20,0-20 scale,_Z,Not Applicable,_Z,Not Applicable,_Z,Not Applicable,2024,19.34080853277836,MEAN,Mean,ITU_GCI,Global Cybersecurity Index,0,Units,IX,Index,602,CCYY,A,Normal value,PU,Public
datastructure,WB.DATA360:DS_DATA360(1.2),I,A,Annual,KNA,St. Kitts and Nevis,ITU_GCI_ORG_SCORE,Organizational Score - OS (ITU GCI),_T,Total,_T,All age ranges or no breakdown by age,_T,Total,0_TO_20,0-20 scale,_Z,Not Applicable,_Z,Not Applicable,_Z,Not Applicable,2024,2.669985431841831,MEAN,Mean,ITU_GCI,Global Cybersecurity Index,0,Units,IX,Index,602,CCYY,A,Normal value,PU,Public
datastructure,WB.DATA360:DS_DATA360(1.2),I,A,Annual,LCA,St. Lucia,ITU_GCI_ORG_SCORE,Organizational Score - OS (ITU GCI),_T,Total,_T,All age ranges or no breakdown by age,_T,Total,0_TO_20,0-20 scale,_Z,Not Applicable,_Z,Not Applicable,_Z,Not Applicable,2024,1.0376878251821011,MEAN,Mean,ITU_GCI,Global Cybersecurity Index,0,Units,IX,Index,602,CCYY,A,Normal value,PU,Public
datastructure,WB.DATA360:DS_DATA360(1.2),I,A,Annual,VCT,St. Vincent and the Grenadines,ITU_GCI_ORG_SCORE,Organizational Score - OS (ITU GCI),_T,Total,_T,All age ranges or no breakdown by age,_T,Total,0_TO_20,0-20 scale,_Z,Not Applicable,_Z,Not Applicable,_Z,Not Applicable,2024,4.724261186264307,MEAN,Mean,ITU_GCI,Global Cybersecurity Index,0,Units,IX,Index,602,CCYY,A,Normal value,PU,Public
datastructure,WB.DATA360:DS_DATA360(1.2),I,A,Annual,WSM,Samoa,ITU_GCI_ORG_SCORE,Organizational Score - OS (ITU GCI),_T,Total,_T,All age ranges or no breakdown by age,_T,Total,0_TO_20,0-20 scale,_Z,Not Applicable,_Z,Not Applicable,_Z,Not Applicable,2024,11.35570010405827,MEAN,Mean,ITU_GCI,Global Cybersecurity Index,0,Units,IX,Index,602,CCYY,A,Normal value,PU,Public
datastructure,WB.DATA360:DS_DATA360(1.2),I,A,Annual,SMR,San Marino,ITU_GCI_ORG_SCORE,Organizational Score - OS (ITU GCI),_T,Total,_T,All age ranges or no breakdown by age,_T,Total,0_TO_20,0-20 scale,_Z,Not Applicable,_Z,Not Applicable,_Z,Not Applicable,2024,2.0012008324661816,MEAN,Mean,ITU_GCI,Global Cybersecurity Index,0,Units,IX,Index,602,CCYY,A,Normal value,PU,Public
datastructure,WB.DATA360:DS_DATA360(1.2),I,A,Annual,STP,Sao Tome and Principe,ITU_GCI_ORG_SCORE,Organizational Score - OS (ITU GCI),_T,Total,_T,All age ranges or no breakdown by age,_T,Total,0_TO_20,0-20 scale,_Z,Not Applicable,_Z,Not Applicable,_Z,Not Applicable,2024,3.165413111342352,MEAN,Mean,ITU_GCI,Global Cybersecurity Index,0,Units,IX,Index,602,CCYY,A,Normal value,PU,Public
datastructure,WB.DATA360:DS_DATA360(1.2),I,A,Annual,SAU,Saudi Arabia,ITU_GCI_ORG_SCORE,Organizational Score - OS (ITU GCI),_T,Total,_T,All age ranges or no breakdown by age,_T,Total,0_TO_20,0-20 scale,_Z,Not Applicable,_Z,Not Applicable,_Z,Not Applicable,2024,20.0,MEAN,Mean,ITU_GCI,Global Cybersecurity Index,0,Units,IX,Index,602,CCYY,A,Normal value,PU,Public
datastructure,WB.DATA360:DS_DATA360(1.2),I,A,Annual,SEN,Senegal,ITU_GCI_ORG_SCORE,Organizational Score - OS (ITU GCI),_T,Total,_T,All age ranges or no breakdown by age,_T,Total,0_TO_20,0-20 scale,_Z,Not Applicable,_Z,Not Applicable,_Z,Not Applicable,2024,9.063830385015608,MEAN,Mean,ITU_GCI,Global Cybersecurity Index,0,Units,IX,Index,602,CCYY,A,Normal value,PU,Public
datastructure,WB.DATA360:DS_DATA360(1.2),I,A,Annual,SRB,Serbia,ITU_GCI_ORG_SCORE,Organizational Score - OS (ITU GCI),_T,Total,_T,All age ranges or no breakdown by age,_T,Total,0_TO_20,0-20 scale,_Z,Not Applicable,_Z,Not Applicable,_Z,Not Applicable,2024,19.21875650364204,MEAN,Mean,ITU_GCI,Global Cybersecurity Index,0,Units,IX,Index,602,CCYY,A,Normal value,PU,Public
datastructure,WB.DATA360:DS_DATA360(1.2),I,A,Annual,SYC,Seychelles,ITU_GCI_ORG_SCORE,Organizational Score - OS (ITU GCI),_T,Total,_T,All age ranges or no breakdown by age,_T,Total,0_TO_20,0-20 scale,_Z,Not Applicable,_Z,Not Applicable,_Z,Not Applicable,2024,10.18082414151925,MEAN,Mean,ITU_GCI,Global Cybersecurity Index,0,Units,IX,Index,602,CCYY,A,Normal value,PU,Public
datastructure,WB.DATA360:DS_DATA360(1.2),I,A,Annual,SLE,Sierra Leone,ITU_GCI_ORG_SCORE,Organizational Score - OS (ITU GCI),_T,Total,_T,All age ranges or no breakdown by age,_T,Total,0_TO_20,0-20 scale,_Z,Not Applicable,_Z,Not Applicable,_Z,Not Applicable,2024,18.8059406867846,MEAN,Mean,ITU_GCI,Global Cybersecurity Index,0,Units,IX,Index,602,CCYY,A,Normal value,PU,Public
datastructure,WB.DATA360:DS_DATA360(1.2),I,A,Annual,SGP,Singapore,ITU_GCI_ORG_SCORE,Organizational Score - OS (ITU GCI),_T,Total,_T,All age ranges or no breakdown by age,_T,Total,0_TO_20,0-20 scale,_Z,Not Applicable,_Z,Not Applicable,_Z,Not Applicable,2024,20.0,MEAN,Mean,ITU_GCI,Global Cybersecurity Index,0,Units,IX,Index,602,CCYY,A,Normal value,PU,Public
datastructure,WB.DATA360:DS_DATA360(1.2),I,A,Annual,SVK,Slovak Republic,ITU_GCI_ORG_SCORE,Organizational Score - OS (ITU GCI),_T,Total,_T,All age ranges or no breakdown by age,_T,Total,0_TO_20,0-20 scale,_Z,Not Applicable,_Z,Not Applicable,_Z,Not Applicable,2024,20.0,MEAN,Mean,ITU_GCI,Global Cybersecurity Index,0,Units,IX,Index,602,CCYY,A,Normal value,PU,Public
datastructure,WB.DATA360:DS_DATA360(1.2),I,A,Annual,SVN,Slovenia,ITU_GCI_ORG_SCORE,Organizational Score - OS (ITU GCI),_T,Total,_T,All age ranges or no breakdown by age,_T,Total,0_TO_20,0-20 scale,_Z,Not Applicable,_Z,Not Applicable,_Z,Not Applicable,2024,18.158151320197373,MEAN,Mean,ITU_GCI,Global Cybersecurity Index,0,Units,IX,Index,602,CCYY,A,Normal value,PU,Public
datastructure,WB.DATA360:DS_DATA360(1.2),I,A,Annual,SLB,Solomon Islands,ITU_GCI_ORG_SCORE,Organizational Score - OS (ITU GCI),_T,Total,_T,All age ranges or no breakdown by age,_T,Total,0_TO_20,0-20 scale,_Z,Not Applicable,_Z,Not Applicable,_Z,Not Applicable,2024,3.89726951092612,MEAN,Mean,ITU_GCI,Global Cybersecurity Index,0,Units,IX,Index,602,CCYY,A,Normal value,PU,Public
datastructure,WB.DATA360:DS_DATA360(1.2),I,A,Annual,SOM,Somalia,ITU_GCI_ORG_SCORE,Organizational Score - OS (ITU GCI),_T,Total,_T,All age ranges or no breakdown by age,_T,Total,0_TO_20,0-20 scale,_Z,Not Applicable,_Z,Not Applicable,_Z,Not Applicable,2024,10.644630593132153,MEAN,Mean,ITU_GCI,Global Cybersecurity Index,0,Units,IX,Index,602,CCYY,A,Normal value,PU,Public
datastructure,WB.DATA360:DS_DATA360(1.2),I,A,Annual,ZAF,South Africa,ITU_GCI_ORG_SCORE,Organizational Score - OS (ITU GCI),_T,Total,_T,All age ranges or no breakdown by age,_T,Total,0_TO_20,0-20 scale,_Z,Not Applicable,_Z,Not Applicable,_Z,Not Applicable,2024,14.841457003121748,MEAN,Mean,ITU_GCI,Global Cybersecurity Index,0,Units,IX,Index,602,CCYY,A,Normal value,PU,Public
datastructure,WB.DATA360:DS_DATA360(1.2),I,A,Annual,SSD,South Sudan,ITU_GCI_ORG_SCORE,Organizational Score - OS (ITU GCI),_T,Total,_T,All age ranges or no breakdown by age,_T,Total,0_TO_20,0-20 scale,_Z,Not Applicable,_Z,Not Applicable,_Z,Not Applicable,2024,7.213607700312174,MEAN,Mean,ITU_GCI,Global Cybersecurity Index,0,Units,IX,Index,602,CCYY,A,Normal value,PU,Public
datastructure,WB.DATA360:DS_DATA360(1.2),I,A,Annual,ESP,Spain,ITU_GCI_ORG_SCORE,Organizational Score - OS (ITU GCI),_T,Total,_T,All age ranges or no breakdown by age,_T,Total,0_TO_20,0-20 scale,_Z,Not Applicable,_Z,Not Applicable,_Z,Not Applicable,2024,20.0,MEAN,Mean,ITU_GCI,Global Cybersecurity Index,0,Units,IX,Index,602,CCYY,A,Normal value,PU,Public
datastructure,WB.DATA360:DS_DATA360(1.2),I,A,Annual,LKA,Sri Lanka,ITU_GCI_ORG_SCORE,Organizational Score - OS (ITU GCI),_T,Total,_T,All age ranges or no breakdown by age,_T,Total,0_TO_20,0-20 scale,_Z,Not Applicable,_Z,Not Applicable,_Z,Not Applicable,2024,16.421958667382764,MEAN,Mean,ITU_GCI,Global Cybersecurity Index,0,Units,IX,Index,602,CCYY,A,Normal value,PU,Public
datastructure,WB.DATA360:DS_DATA360(1.2),I,A,Annual,PSE,West Bank and Gaza,ITU_GCI_ORG_SCORE,Organizational Score - OS (ITU GCI),_T,Total,_T,All age ranges or no breakdown by age,_T,Total,0_TO_20,0-20 scale,_Z,Not Applicable,_Z,Not Applicable,_Z,Not Applicable,2024,2.3805754422476584,MEAN,Mean,ITU_GCI,Global Cybersecurity Index,0,Units,IX,Index,602,CCYY,A,Normal value,PU,Public
datastructure,WB.DATA360:DS_DATA360(1.2),I,A,Annual,SDN,Sudan,ITU_GCI_ORG_SCORE,Organizational Score - OS (ITU GCI),_T,Total,_T,All age ranges or no breakdown by age,_T,Total,0_TO_20,0-20 scale,_Z,Not Applicable,_Z,Not Applicable,_Z,Not Applicable,2024,6.408613696754053,MEAN,Mean,ITU_GCI,Global Cybersecurity Index,0,Units,IX,Index,602,CCYY,A,Normal value,PU,Public
datastructure,WB.DATA360:DS_DATA360(1.2),I,A,Annual,SUR,Suriname,ITU_GCI_ORG_SCORE,Organizational Score - OS (ITU GCI),_T,Total,_T,All age ranges or no breakdown by age,_T,Total,0_TO_20,0-20 scale,_Z,Not Applicable,_Z,Not Applicable,_Z,Not Applicable,2024,3.390768990634755,MEAN,Mean,ITU_GCI,Global Cybersecurity Index,0,Units,IX,Index,602,CCYY,A,Normal value,PU,Public
datastructure,WB.DATA360:DS_DATA360(1.2),I,A,Annual,SWE,Sweden,ITU_GCI_ORG_SCORE,Organizational Score - OS (ITU GCI),_T,Total,_T,All age ranges or no breakdown by age,_T,Total,0_TO_20,0-20 scale,_Z,Not Applicable,_Z,Not Applicable,_Z,Not Applicable,2024,19.31275109395455,MEAN,Mean,ITU_GCI,Global Cybersecurity Index,0,Units,IX,Index,602,CCYY,A,Normal value,PU,Public
datastructure,WB.DATA360:DS_DATA360(1.2),I,A,Annual,CHE,Switzerland,ITU_GCI_ORG_SCORE,Organizational Score - OS (ITU GCI),_T,Total,_T,All age ranges or no breakdown by age,_T,Total,0_TO_20,0-20 scale,_Z,Not Applicable,_Z,Not Applicable,_Z,Not Applicable,2024,17.538976462018727,MEAN,Mean,ITU_GCI,Global Cybersecurity Index,0,Units,IX,Index,602,CCYY,A,Normal value,PU,Public
datastructure,WB.DATA360:DS_DATA360(1.2),I,A,Annual,SYR,Syrian Arab Republic,ITU_GCI_ORG_SCORE,Organizational Score - OS (ITU GCI),_T,Total,_T,All age ranges or no breakdown by age,_T,Total,0_TO_20,0-20 scale,_Z,Not Applicable,_Z,Not Applicable,_Z,Not Applicable,2024,12.403188136014233,MEAN,Mean,ITU_GCI,Global Cybersecurity Index,0,Units,IX,Index,602,CCYY,A,Normal value,PU,Public
datastructure,WB.DATA360:DS_DATA360(1.2),I,A,Annual,TJK,Tajikistan,ITU_GCI_ORG_SCORE,Organizational Score - OS (ITU GCI),_T,Total,_T,All age ranges or no breakdown by age,_T,Total,0_TO_20,0-20 scale,_Z,Not Applicable,_Z,Not Applicable,_Z,Not Applicable,2024,3.615648283038502,MEAN,Mean,ITU_GCI,Global Cybersecurity Index,0,Units,IX,Index,602,CCYY,A,Normal value,PU,Public
datastructure,WB.DATA360:DS_DATA360(1.2),I,A,Annual,TZA,Tanzania,ITU_GCI_ORG_SCORE,Organizational Score - OS (ITU GCI),_T,Total,_T,All age ranges or no breakdown by age,_T,Total,0_TO_20,0-20 scale,_Z,Not Applicable,_Z,Not Applicable,_Z,Not Applicable,2024,20.0,MEAN,Mean,ITU_GCI,Global Cybersecurity Index,0,Units,IX,Index,602,CCYY,A,Normal value,PU,Public
datastructure,WB.DATA360:DS_DATA360(1.2),I,A,Annual,THA,Thailand,ITU_GCI_ORG_SCORE,Organizational Score - OS (ITU GCI),_T,Total,_T,All age ranges or no breakdown by age,_T,Total,0_TO_20,0-20 scale,_Z,Not Applicable,_Z,Not Applicable,_Z,Not Applicable,2024,19.21875650364204,MEAN,Mean,ITU_GCI,Global Cybersecurity Index,0,Units,IX,Index,602,CCYY,A,Normal value,PU,Public
datastructure,WB.DATA360:DS_DATA360(1.2),I,A,Annual,MKD,North Macedonia,ITU_GCI_ORG_SCORE,Organizational Score - OS (ITU GCI),_T,Total,_T,All age ranges or no breakdown by age,_T,Total,0_TO_20,0-20 scale,_Z,Not Applicable,_Z,Not Applicable,_Z,Not Applicable,2024,19.465132154006245,MEAN,Mean,ITU_GCI,Global Cybersecurity Index,0,Units,IX,Index,602,CCYY,A,Normal value,PU,Public
datastructure,WB.DATA360:DS_DATA360(1.2),I,A,Annual,TLS,Timor-Leste,ITU_GCI_ORG_SCORE,Organizational Score - OS (ITU GCI),_T,Total,_T,All age ranges or no breakdown by age,_T,Total,0_TO_20,0-20 scale,_Z,Not Applicable,_Z,Not Applicable,_Z,Not Applicable,2024,2.8966690946930287,MEAN,Mean,ITU_GCI,Global Cybersecurity Index,0,Units,IX,Index,602,CCYY,A,Normal value,PU,Public
datastructure,WB.DATA360:DS_DATA360(1.2),I,A,Annual,TGO,Togo,ITU_GCI_ORG_SCORE,Organizational Score - OS (ITU GCI),_T,Total,_T,All age ranges or no breakdown by age,_T,Total,0_TO_20,0-20 scale,_Z,Not Applicable,_Z,Not Applicable,_Z,Not Applicable,2024,19.139308012487,MEAN,Mean,ITU_GCI,Global Cybersecurity Index,0,Units,IX,Index,602,CCYY,A,Normal value,PU,Public
datastructure,WB.DATA360:DS_DATA360(1.2),I,A,Annual,TON,Tonga,ITU_GCI_ORG_SCORE,Organizational Score - OS (ITU GCI),_T,Total,_T,All age ranges or no breakdown by age,_T,Total,0_TO_20,0-20 scale,_Z,Not Applicable,_Z,Not Applicable,_Z,Not Applicable,2024,6.592520831794837,MEAN,Mean,ITU_GCI,Global Cybersecurity Index,0,Units,IX,Index,602,CCYY,A,Normal value,PU,Public
datastructure,WB.DATA360:DS_DATA360(1.2),I,A,Annual,TTO,Trinidad and Tobago,ITU_GCI_ORG_SCORE,Organizational Score - OS (ITU GCI),_T,Total,_T,All age ranges or no breakdown by age,_T,Total,0_TO_20,0-20 scale,_Z,Not Applicable,_Z,Not Applicable,_Z,Not Applicable,2024,16.20736776140445,MEAN,Mean,ITU_GCI,Global Cybersecurity Index,0,Units,IX,Index,602,CCYY,A,Normal value,PU,Public
datastructure,WB.DATA360:DS_DATA360(1.2),I,A,Annual,TUN,Tunisia,ITU_GCI_ORG_SCORE,Organizational Score - OS (ITU GCI),_T,Total,_T,All age ranges or no breakdown by age,_T,Total,0_TO_20,0-20 scale,_Z,Not Applicable,_Z,Not Applicable,_Z,Not Applicable,2024,14.227211341680372,MEAN,Mean,ITU_GCI,Global Cybersecurity Index,0,Units,IX,Index,602,CCYY,A,Normal value,PU,Public
datastructure,WB.DATA360:DS_DATA360(1.2),I,A,Annual,TUR,Turkiye,ITU_GCI_ORG_SCORE,Organizational Score - OS (ITU GCI),_T,Total,_T,All age ranges or no breakdown by age,_T,Total,0_TO_20,0-20 scale,_Z,Not Applicable,_Z,Not Applicable,_Z,Not Applicable,2024,20.0,MEAN,Mean,ITU_GCI,Global Cybersecurity Index,0,Units,IX,Index,602,CCYY,A,Normal value,PU,Public
datastructure,WB.DATA360:DS_DATA360(1.2),I,A,Annual,TKM,Turkmenistan,ITU_GCI_ORG_SCORE,Organizational Score - OS (ITU GCI),_T,Total,_T,All age ranges or no breakdown by age,_T,Total,0_TO_20,0-20 scale,_Z,Not Applicable,_Z,Not Applicable,_Z,Not Applicable,2024,10.670800248397168,MEAN,Mean,ITU_GCI,Global Cybersecurity Index,0,Units,IX,Index,602,CCYY,A,Normal value,PU,Public
datastructure,WB.DATA360:DS_DATA360(1.2),I,A,Annual,TUV,Tuvalu,ITU_GCI_ORG_SCORE,Organizational Score - OS (ITU GCI),_T,Total,_T,All age ranges or no breakdown by age,_T,Total,0_TO_20,0-20 scale,_Z,Not Applicable,_Z,Not Applicable,_Z,Not Applicable,2024,3.565453694068678,MEAN,Mean,ITU_GCI,Global Cybersecurity Index,0,Units,IX,Index,602,CCYY,A,Normal value,PU,Public
datastructure,WB.DATA360:DS_DATA360(1.2),I,A,Annual,UGA,Uganda,ITU_GCI_ORG_SCORE,Organizational Score - OS (ITU GCI),_T,Total,_T,All age ranges or no breakdown by age,_T,Total,0_TO_20,0-20 scale,_Z,Not Applicable,_Z,Not Applicable,_Z,Not Applicable,2024,17.611881373569197,MEAN,Mean,ITU_GCI,Global Cybersecurity Index,0,Units,IX,Index,602,CCYY,A,Normal value,PU,Public
datastructure,WB.DATA360:DS_DATA360(1.2),I,A,Annual,UKR,Ukraine,ITU_GCI_ORG_SCORE,Organizational Score - OS (ITU GCI),_T,Total,_T,All age ranges or no breakdown by age,_T,Total,0_TO_20,0-20 scale,_Z,Not Applicable,_Z,Not Applicable,_Z,Not Applicable,2024,15.969990634755463,MEAN,Mean,ITU_GCI,Global Cybersecurity Index,0,Units,IX,Index,602,CCYY,A,Normal value,PU,Public
datastructure,WB.DATA360:DS_DATA360(1.2),I,A,Annual,ARE,United Arab Emirates,ITU_GCI_ORG_SCORE,Organizational Score - OS (ITU GCI),_T,Total,_T,All age ranges or no breakdown by age,_T,Total,0_TO_20,0-20 scale,_Z,Not Applicable,_Z,Not Applicable,_Z,Not Applicable,2024,20.0,MEAN,Mean,ITU_GCI,Global Cybersecurity Index,0,Units,IX,Index,602,CCYY,A,Normal value,PU,Public
datastructure,WB.DATA360:DS_DATA360(1.2),I,A,Annual,GBR,United Kingdom,ITU_GCI_ORG_SCORE,Organizational Score - OS (ITU GCI),_T,Total,_T,All age ranges or no breakdown by age,_T,Total,0_TO_20,0-20 scale,_Z,Not Applicable,_Z,Not Applicable,_Z,Not Applicable,2024,20.0,MEAN,Mean,ITU_GCI,Global Cybersecurity Index,0,Units,IX,Index,602,CCYY,A,Normal value,PU,Public
datastructure,WB.DATA360:DS_DATA360(1.2),I,A,Annual,USA,United States,ITU_GCI_ORG_SCORE,Organizational Score - OS (ITU GCI),_T,Total,_T,All age ranges or no breakdown by age,_T,Total,0_TO_20,0-20 scale,_Z,Not Applicable,_Z,Not Applicable,_Z,Not Applicable,2024,20.0,MEAN,Mean,ITU_GCI,Global Cybersecurity Index,0,Units,IX,Index,602,CCYY,A,Normal value,PU,Public
datastructure,WB.DATA360:DS_DATA360(1.2),I,A,Annual,URY,Uruguay,ITU_GCI_ORG_SCORE,Organizational Score - OS (ITU GCI),_T,Total,_T,All age ranges or no breakdown by age,_T,Total,0_TO_20,0-20 scale,_Z,Not Applicable,_Z,Not Applicable,_Z,Not Applicable,2024,19.51427927159209,MEAN,Mean,ITU_GCI,Global Cybersecurity Index,0,Units,IX,Index,602,CCYY,A,Normal value,PU,Public
datastructure,WB.DATA360:DS_DATA360(1.2),I,A,Annual,UZB,Uzbekistan,ITU_GCI_ORG_SCORE,Organizational Score - OS (ITU GCI),_T,Total,_T,All age ranges or no breakdown by age,_T,Total,0_TO_20,0-20 scale,_Z,Not Applicable,_Z,Not Applicable,_Z,Not Applicable,2024,15.750968282367154,MEAN,Mean,ITU_GCI,Global Cybersecurity Index,0,Units,IX,Index,602,CCYY,A,Normal value,PU,Public
datastructure,WB.DATA360:DS_DATA360(1.2),I,A,Annual,VUT,Vanuatu,ITU_GCI_ORG_SCORE,Organizational Score - OS (ITU GCI),_T,Total,_T,All age ranges or no breakdown by age,_T,Total,0_TO_20,0-20 scale,_Z,Not Applicable,_Z,Not Applicable,_Z,Not Applicable,2024,17.365505723204993,MEAN,Mean,ITU_GCI,Global Cybersecurity Index,0,Units,IX,Index,602,CCYY,A,Normal value,PU,Public
datastructure,WB.DATA360:DS_DATA360(1.2),I,A,Annual,VAT,Holy See (Vatican City State),ITU_GCI_ORG_SCORE,Organizational Score - OS (ITU GCI),_T,Total,_T,All age ranges or no breakdown by age,_T,Total,0_TO_20,0-20 scale,_Z,Not Applicable,_Z,Not Applicable,_Z,Not Applicable,2024,3.615648283038502,MEAN,Mean,ITU_GCI,Global Cybersecurity Index,0,Units,IX,Index,602,CCYY,A,Normal value,PU,Public
datastructure,WB.DATA360:DS_DATA360(1.2),I,A,Annual,VEN,"Venezuela, RB",ITU_GCI_ORG_SCORE,Organizational Score - OS (ITU GCI),_T,Total,_T,All age ranges or no breakdown by age,_T,Total,0_TO_20,0-20 scale,_Z,Not Applicable,_Z,Not Applicable,_Z,Not Applicable,2024,12.229717397200496,MEAN,Mean,ITU_GCI,Global Cybersecurity Index,0,Units,IX,Index,602,CCYY,A,Normal value,PU,Public
datastructure,WB.DATA360:DS_DATA360(1.2),I,A,Annual,VNM,Viet Nam,ITU_GCI_ORG_SCORE,Organizational Score - OS (ITU GCI),_T,Total,_T,All age ranges or no breakdown by age,_T,Total,0_TO_20,0-20 scale,_Z,Not Applicable,_Z,Not Applicable,_Z,Not Applicable,2024,20.0,MEAN,Mean,ITU_GCI,Global Cybersecurity Index,0,Units,IX,Index,602,CCYY,A,Normal value,PU,Public
datastructure,WB.DATA360:DS_DATA360(1.2),I,A,Annual,YEM,"Yemen, Rep.",ITU_GCI_ORG_SCORE,Organizational Score - OS (ITU GCI),_T,Total,_T,All age ranges or no breakdown by age,_T,Total,0_TO_20,0-20 scale,_Z,Not Applicable,_Z,Not Applicable,_Z,Not Applicable,2024,0.0,MEAN,Mean,ITU_GCI,Global Cybersecurity Index,0,Units,IX,Index,602,CCYY,A,Normal value,PU,Public
datastructure,WB.DATA360:DS_DATA360(1.2),I,A,Annual,ZMB,Zambia,ITU_GCI_ORG_SCORE,Organizational Score - OS (ITU GCI),_T,Total,_T,All age ranges or no breakdown by age,_T,Total,0_TO_20,0-20 scale,_Z,Not Applicable,_Z,Not Applicable,_Z,Not Applicable,2024,20.0,MEAN,Mean,ITU_GCI,Global Cybersecurity Index,0,Units,IX,Index,602,CCYY,A,Normal value,PU,Public
datastructure,WB.DATA360:DS_DATA360(1.2),I,A,Annual,ZWE,Zimbabwe,ITU_GCI_ORG_SCORE,Organizational Score - OS (ITU GCI),_T,Total,_T,All age ranges or no breakdown by age,_T,Total,0_TO_20,0-20 scale,_Z,Not Applicable,_Z,Not Applicable,_Z,Not Applicable,2024,7.381670135275755,MEAN,Mean,ITU_GCI,Global Cybersecurity Index,0,Units,IX,Index,602,CCYY,A,Normal value,PU,Public
