STRUCTURE,STRUCTURE_ID,ACTION,FREQ,FREQ_LABEL,REF_AREA,REF_AREA_LABEL,INDICATOR,INDICATOR_LABEL,SEX,SEX_LABEL,AGE,AGE_LABEL,URBANISATION,URBANISATION_LABEL,UNIT_MEASURE,UNIT_MEASURE_LABEL,COMP_BREAKDOWN_1,COMP_BREAKDOWN_1_LABEL,COMP_BREAKDOWN_2,COMP_BREAKDOWN_2_LABEL,COMP_BREAKDOWN_3,COMP_BREAKDOWN_3_LABEL,TIME_PERIOD,OBS_VALUE,AGG_METHOD,AGG_METHOD_LABEL,DATABASE_ID,DATABASE_ID_LABEL,UNIT_MULT,UNIT_MULT_LABEL,UNIT_TYPE,UNIT_TYPE_LABEL,TIME_FORMAT,TIME_FORMAT_LABEL,OBS_STATUS,OBS_STATUS_LABEL,OBS_CONF,OBS_CONF_LABEL
datastructure,WB.DATA360:DS_DATA360(1.2),I,A,Annual,AFG,Afghanistan,ITU_GCI_COOP_SCORE,Cooperative Score - CS (ITU GCI),_T,Total,_T,All age ranges or no breakdown by age,_T,Total,0_TO_20,0-20 scale,_Z,Not Applicable,_Z,Not Applicable,_Z,Not Applicable,2020,0.0,MEAN,Mean,ITU_GCI,Global Cybersecurity Index,0,Units,IX,Index,602,CCYY,A,Normal value,PU,Public
datastructure,WB.DATA360:DS_DATA360(1.2),I,A,Annual,ALB,Albania,ITU_GCI_COOP_SCORE,Cooperative Score - CS (ITU GCI),_T,Total,_T,All age ranges or no breakdown by age,_T,Total,0_TO_20,0-20 scale,_Z,Not Applicable,_Z,Not Applicable,_Z,Not Applicable,2020,7.776469888829439,MEAN,Mean,ITU_GCI,Global Cybersecurity Index,0,Units,IX,Index,602,CCYY,A,Normal value,PU,Public
datastructure,WB.DATA360:DS_DATA360(1.2),I,A,Annual,DZA,Algeria,ITU_GCI_COOP_SCORE,Cooperative Score - CS (ITU GCI),_T,Total,_T,All age ranges or no breakdown by age,_T,Total,0_TO_20,0-20 scale,_Z,Not Applicable,_Z,Not Applicable,_Z,Not Applicable,2020,7.246913580246915,MEAN,Mean,ITU_GCI,Global Cybersecurity Index,0,Units,IX,Index,602,CCYY,A,Normal value,PU,Public
datastructure,WB.DATA360:DS_DATA360(1.2),I,A,Annual,AND,Andorra,ITU_GCI_COOP_SCORE,Cooperative Score - CS (ITU GCI),_T,Total,_T,All age ranges or no breakdown by age,_T,Total,0_TO_20,0-20 scale,_Z,Not Applicable,_Z,Not Applicable,_Z,Not Applicable,2020,9.486963715989932,MEAN,Mean,ITU_GCI,Global Cybersecurity Index,0,Units,IX,Index,602,CCYY,A,Normal value,PU,Public
datastructure,WB.DATA360:DS_DATA360(1.2),I,A,Annual,AGO,Angola,ITU_GCI_COOP_SCORE,Cooperative Score - CS (ITU GCI),_T,Total,_T,All age ranges or no breakdown by age,_T,Total,0_TO_20,0-20 scale,_Z,Not Applicable,_Z,Not Applicable,_Z,Not Applicable,2020,6.296296296296297,MEAN,Mean,ITU_GCI,Global Cybersecurity Index,0,Units,IX,Index,602,CCYY,A,Normal value,PU,Public
datastructure,WB.DATA360:DS_DATA360(1.2),I,A,Annual,ATG,Antigua and Barbuda,ITU_GCI_COOP_SCORE,Cooperative Score - CS (ITU GCI),_T,Total,_T,All age ranges or no breakdown by age,_T,Total,0_TO_20,0-20 scale,_Z,Not Applicable,_Z,Not Applicable,_Z,Not Applicable,2020,4.25925925925926,MEAN,Mean,ITU_GCI,Global Cybersecurity Index,0,Units,IX,Index,602,CCYY,A,Normal value,PU,Public
datastructure,WB.DATA360:DS_DATA360(1.2),I,A,Annual,ARG,Argentina,ITU_GCI_COOP_SCORE,Cooperative Score - CS (ITU GCI),_T,Total,_T,All age ranges or no breakdown by age,_T,Total,0_TO_20,0-20 scale,_Z,Not Applicable,_Z,Not Applicable,_Z,Not Applicable,2020,11.554247666607218,MEAN,Mean,ITU_GCI,Global Cybersecurity Index,0,Units,IX,Index,602,CCYY,A,Normal value,PU,Public
datastructure,WB.DATA360:DS_DATA360(1.2),I,A,Annual,ARM,Armenia,ITU_GCI_COOP_SCORE,Cooperative Score - CS (ITU GCI),_T,Total,_T,All age ranges or no breakdown by age,_T,Total,0_TO_20,0-20 scale,_Z,Not Applicable,_Z,Not Applicable,_Z,Not Applicable,2020,11.024691358024691,MEAN,Mean,ITU_GCI,Global Cybersecurity Index,0,Units,IX,Index,602,CCYY,A,Normal value,PU,Public
datastructure,WB.DATA360:DS_DATA360(1.2),I,A,Annual,AUS,Australia,ITU_GCI_COOP_SCORE,Cooperative Score - CS (ITU GCI),_T,Total,_T,All age ranges or no breakdown by age,_T,Total,0_TO_20,0-20 scale,_Z,Not Applicable,_Z,Not Applicable,_Z,Not Applicable,2020,19.40609951845907,MEAN,Mean,ITU_GCI,Global Cybersecurity Index,0,Units,IX,Index,602,CCYY,A,Normal value,PU,Public
datastructure,WB.DATA360:DS_DATA360(1.2),I,A,Annual,AUT,Austria,ITU_GCI_COOP_SCORE,Cooperative Score - CS (ITU GCI),_T,Total,_T,All age ranges or no breakdown by age,_T,Total,0_TO_20,0-20 scale,_Z,Not Applicable,_Z,Not Applicable,_Z,Not Applicable,2020,17.695605691298574,MEAN,Mean,ITU_GCI,Global Cybersecurity Index,0,Units,IX,Index,602,CCYY,A,Normal value,PU,Public
datastructure,WB.DATA360:DS_DATA360(1.2),I,A,Annual,AZE,Azerbaijan,ITU_GCI_COOP_SCORE,Cooperative Score - CS (ITU GCI),_T,Total,_T,All age ranges or no breakdown by age,_T,Total,0_TO_20,0-20 scale,_Z,Not Applicable,_Z,Not Applicable,_Z,Not Applicable,2020,20.0,MEAN,Mean,ITU_GCI,Global Cybersecurity Index,0,Units,IX,Index,602,CCYY,A,Normal value,PU,Public
datastructure,WB.DATA360:DS_DATA360(1.2),I,A,Annual,BHS,"Bahamas, The",ITU_GCI_COOP_SCORE,Cooperative Score - CS (ITU GCI),_T,Total,_T,All age ranges or no breakdown by age,_T,Total,0_TO_20,0-20 scale,_Z,Not Applicable,_Z,Not Applicable,_Z,Not Applicable,2020,0.0,MEAN,Mean,ITU_GCI,Global Cybersecurity Index,0,Units,IX,Index,602,CCYY,A,Normal value,PU,Public
datastructure,WB.DATA360:DS_DATA360(1.2),I,A,Annual,BHR,Bahrain,ITU_GCI_COOP_SCORE,Cooperative Score - CS (ITU GCI),_T,Total,_T,All age ranges or no breakdown by age,_T,Total,0_TO_20,0-20 scale,_Z,Not Applicable,_Z,Not Applicable,_Z,Not Applicable,2020,13.858641975308643,MEAN,Mean,ITU_GCI,Global Cybersecurity Index,0,Units,IX,Index,602,CCYY,A,Normal value,PU,Public
datastructure,WB.DATA360:DS_DATA360(1.2),I,A,Annual,BGD,Bangladesh,ITU_GCI_COOP_SCORE,Cooperative Score - CS (ITU GCI),_T,Total,_T,All age ranges or no breakdown by age,_T,Total,0_TO_20,0-20 scale,_Z,Not Applicable,_Z,Not Applicable,_Z,Not Applicable,2020,16.22222222222222,MEAN,Mean,ITU_GCI,Global Cybersecurity Index,0,Units,IX,Index,602,CCYY,A,Normal value,PU,Public
datastructure,WB.DATA360:DS_DATA360(1.2),I,A,Annual,BRB,Barbados,ITU_GCI_COOP_SCORE,Cooperative Score - CS (ITU GCI),_T,Total,_T,All age ranges or no breakdown by age,_T,Total,0_TO_20,0-20 scale,_Z,Not Applicable,_Z,Not Applicable,_Z,Not Applicable,2020,4.25925925925926,MEAN,Mean,ITU_GCI,Global Cybersecurity Index,0,Units,IX,Index,602,CCYY,A,Normal value,PU,Public
datastructure,WB.DATA360:DS_DATA360(1.2),I,A,Annual,BLR,Belarus,ITU_GCI_COOP_SCORE,Cooperative Score - CS (ITU GCI),_T,Total,_T,All age ranges or no breakdown by age,_T,Total,0_TO_20,0-20 scale,_Z,Not Applicable,_Z,Not Applicable,_Z,Not Applicable,2020,14.511728395061729,MEAN,Mean,ITU_GCI,Global Cybersecurity Index,0,Units,IX,Index,602,CCYY,A,Normal value,PU,Public
datastructure,WB.DATA360:DS_DATA360(1.2),I,A,Annual,BEL,Belgium,ITU_GCI_COOP_SCORE,Cooperative Score - CS (ITU GCI),_T,Total,_T,All age ranges or no breakdown by age,_T,Total,0_TO_20,0-20 scale,_Z,Not Applicable,_Z,Not Applicable,_Z,Not Applicable,2020,20.0,MEAN,Mean,ITU_GCI,Global Cybersecurity Index,0,Units,IX,Index,602,CCYY,A,Normal value,PU,Public
datastructure,WB.DATA360:DS_DATA360(1.2),I,A,Annual,BLZ,Belize,ITU_GCI_COOP_SCORE,Cooperative Score - CS (ITU GCI),_T,Total,_T,All age ranges or no breakdown by age,_T,Total,0_TO_20,0-20 scale,_Z,Not Applicable,_Z,Not Applicable,_Z,Not Applicable,2020,0.0,MEAN,Mean,ITU_GCI,Global Cybersecurity Index,0,Units,IX,Index,602,CCYY,A,Normal value,PU,Public
datastructure,WB.DATA360:DS_DATA360(1.2),I,A,Annual,BEN,Benin,ITU_GCI_COOP_SCORE,Cooperative Score - CS (ITU GCI),_T,Total,_T,All age ranges or no breakdown by age,_T,Total,0_TO_20,0-20 scale,_Z,Not Applicable,_Z,Not Applicable,_Z,Not Applicable,2020,15.62832174068129,MEAN,Mean,ITU_GCI,Global Cybersecurity Index,0,Units,IX,Index,602,CCYY,A,Normal value,PU,Public
datastructure,WB.DATA360:DS_DATA360(1.2),I,A,Annual,BTN,Bhutan,ITU_GCI_COOP_SCORE,Cooperative Score - CS (ITU GCI),_T,Total,_T,All age ranges or no breakdown by age,_T,Total,0_TO_20,0-20 scale,_Z,Not Applicable,_Z,Not Applicable,_Z,Not Applicable,2020,0.0,MEAN,Mean,ITU_GCI,Global Cybersecurity Index,0,Units,IX,Index,602,CCYY,A,Normal value,PU,Public
datastructure,WB.DATA360:DS_DATA360(1.2),I,A,Annual,BOL,Bolivia,ITU_GCI_COOP_SCORE,Cooperative Score - CS (ITU GCI),_T,Total,_T,All age ranges or no breakdown by age,_T,Total,0_TO_20,0-20 scale,_Z,Not Applicable,_Z,Not Applicable,_Z,Not Applicable,2020,4.25925925925926,MEAN,Mean,ITU_GCI,Global Cybersecurity Index,0,Units,IX,Index,602,CCYY,A,Normal value,PU,Public
datastructure,WB.DATA360:DS_DATA360(1.2),I,A,Annual,BIH,Bosnia and Herzegovina,ITU_GCI_COOP_SCORE,Cooperative Score - CS (ITU GCI),_T,Total,_T,All age ranges or no breakdown by age,_T,Total,0_TO_20,0-20 scale,_Z,Not Applicable,_Z,Not Applicable,_Z,Not Applicable,2020,8.333333333333334,MEAN,Mean,ITU_GCI,Global Cybersecurity Index,0,Units,IX,Index,602,CCYY,A,Normal value,PU,Public
datastructure,WB.DATA360:DS_DATA360(1.2),I,A,Annual,BWA,Botswana,ITU_GCI_COOP_SCORE,Cooperative Score - CS (ITU GCI),_T,Total,_T,All age ranges or no breakdown by age,_T,Total,0_TO_20,0-20 scale,_Z,Not Applicable,_Z,Not Applicable,_Z,Not Applicable,2020,4.25925925925926,MEAN,Mean,ITU_GCI,Global Cybersecurity Index,0,Units,IX,Index,602,CCYY,A,Normal value,PU,Public
datastructure,WB.DATA360:DS_DATA360(1.2),I,A,Annual,BRA,Brazil,ITU_GCI_COOP_SCORE,Cooperative Score - CS (ITU GCI),_T,Total,_T,All age ranges or no breakdown by age,_T,Total,0_TO_20,0-20 scale,_Z,Not Applicable,_Z,Not Applicable,_Z,Not Applicable,2020,19.40609951845907,MEAN,Mean,ITU_GCI,Global Cybersecurity Index,0,Units,IX,Index,602,CCYY,A,Normal value,PU,Public
datastructure,WB.DATA360:DS_DATA360(1.2),I,A,Annual,BRN,Brunei Darussalam,ITU_GCI_COOP_SCORE,Cooperative Score - CS (ITU GCI),_T,Total,_T,All age ranges or no breakdown by age,_T,Total,0_TO_20,0-20 scale,_Z,Not Applicable,_Z,Not Applicable,_Z,Not Applicable,2020,4.12283950617284,MEAN,Mean,ITU_GCI,Global Cybersecurity Index,0,Units,IX,Index,602,CCYY,A,Normal value,PU,Public
datastructure,WB.DATA360:DS_DATA360(1.2),I,A,Annual,BGR,Bulgaria,ITU_GCI_COOP_SCORE,Cooperative Score - CS (ITU GCI),_T,Total,_T,All age ranges or no breakdown by age,_T,Total,0_TO_20,0-20 scale,_Z,Not Applicable,_Z,Not Applicable,_Z,Not Applicable,2020,13.566901987594871,MEAN,Mean,ITU_GCI,Global Cybersecurity Index,0,Units,IX,Index,602,CCYY,A,Normal value,PU,Public
datastructure,WB.DATA360:DS_DATA360(1.2),I,A,Annual,BFA,Burkina Faso,ITU_GCI_COOP_SCORE,Cooperative Score - CS (ITU GCI),_T,Total,_T,All age ranges or no breakdown by age,_T,Total,0_TO_20,0-20 scale,_Z,Not Applicable,_Z,Not Applicable,_Z,Not Applicable,2020,8.037037037037038,MEAN,Mean,ITU_GCI,Global Cybersecurity Index,0,Units,IX,Index,602,CCYY,A,Normal value,PU,Public
datastructure,WB.DATA360:DS_DATA360(1.2),I,A,Annual,BDI,Burundi,ITU_GCI_COOP_SCORE,Cooperative Score - CS (ITU GCI),_T,Total,_T,All age ranges or no breakdown by age,_T,Total,0_TO_20,0-20 scale,_Z,Not Applicable,_Z,Not Applicable,_Z,Not Applicable,2020,0.0,MEAN,Mean,ITU_GCI,Global Cybersecurity Index,0,Units,IX,Index,602,CCYY,A,Normal value,PU,Public
datastructure,WB.DATA360:DS_DATA360(1.2),I,A,Annual,CPV,Cabo Verde,ITU_GCI_COOP_SCORE,Cooperative Score - CS (ITU GCI),_T,Total,_T,All age ranges or no breakdown by age,_T,Total,0_TO_20,0-20 scale,_Z,Not Applicable,_Z,Not Applicable,_Z,Not Applicable,2020,7.003891655577049,MEAN,Mean,ITU_GCI,Global Cybersecurity Index,0,Units,IX,Index,602,CCYY,A,Normal value,PU,Public
datastructure,WB.DATA360:DS_DATA360(1.2),I,A,Annual,KHM,Cambodia,ITU_GCI_COOP_SCORE,Cooperative Score - CS (ITU GCI),_T,Total,_T,All age ranges or no breakdown by age,_T,Total,0_TO_20,0-20 scale,_Z,Not Applicable,_Z,Not Applicable,_Z,Not Applicable,2020,4.25925925925926,MEAN,Mean,ITU_GCI,Global Cybersecurity Index,0,Units,IX,Index,602,CCYY,A,Normal value,PU,Public
datastructure,WB.DATA360:DS_DATA360(1.2),I,A,Annual,CMR,Cameroon,ITU_GCI_COOP_SCORE,Cooperative Score - CS (ITU GCI),_T,Total,_T,All age ranges or no breakdown by age,_T,Total,0_TO_20,0-20 scale,_Z,Not Applicable,_Z,Not Applicable,_Z,Not Applicable,2020,11.62962962962963,MEAN,Mean,ITU_GCI,Global Cybersecurity Index,0,Units,IX,Index,602,CCYY,A,Normal value,PU,Public
datastructure,WB.DATA360:DS_DATA360(1.2),I,A,Annual,CAN,Canada,ITU_GCI_COOP_SCORE,Cooperative Score - CS (ITU GCI),_T,Total,_T,All age ranges or no breakdown by age,_T,Total,0_TO_20,0-20 scale,_Z,Not Applicable,_Z,Not Applicable,_Z,Not Applicable,2020,19.40609951845907,MEAN,Mean,ITU_GCI,Global Cybersecurity Index,0,Units,IX,Index,602,CCYY,A,Normal value,PU,Public
datastructure,WB.DATA360:DS_DATA360(1.2),I,A,Annual,CAF,Central African Republic,ITU_GCI_COOP_SCORE,Cooperative Score - CS (ITU GCI),_T,Total,_T,All age ranges or no breakdown by age,_T,Total,0_TO_20,0-20 scale,_Z,Not Applicable,_Z,Not Applicable,_Z,Not Applicable,2020,0.0,MEAN,Mean,ITU_GCI,Global Cybersecurity Index,0,Units,IX,Index,602,CCYY,A,Normal value,PU,Public
datastructure,WB.DATA360:DS_DATA360(1.2),I,A,Annual,TCD,Chad,ITU_GCI_COOP_SCORE,Cooperative Score - CS (ITU GCI),_T,Total,_T,All age ranges or no breakdown by age,_T,Total,0_TO_20,0-20 scale,_Z,Not Applicable,_Z,Not Applicable,_Z,Not Applicable,2020,12.11111111111111,MEAN,Mean,ITU_GCI,Global Cybersecurity Index,0,Units,IX,Index,602,CCYY,A,Normal value,PU,Public
datastructure,WB.DATA360:DS_DATA360(1.2),I,A,Annual,CHL,Chile,ITU_GCI_COOP_SCORE,Cooperative Score - CS (ITU GCI),_T,Total,_T,All age ranges or no breakdown by age,_T,Total,0_TO_20,0-20 scale,_Z,Not Applicable,_Z,Not Applicable,_Z,Not Applicable,2020,15.332025444384996,MEAN,Mean,ITU_GCI,Global Cybersecurity Index,0,Units,IX,Index,602,CCYY,A,Normal value,PU,Public
datastructure,WB.DATA360:DS_DATA360(1.2),I,A,Annual,CHN,China,ITU_GCI_COOP_SCORE,Cooperative Score - CS (ITU GCI),_T,Total,_T,All age ranges or no breakdown by age,_T,Total,0_TO_20,0-20 scale,_Z,Not Applicable,_Z,Not Applicable,_Z,Not Applicable,2020,18.913580246913583,MEAN,Mean,ITU_GCI,Global Cybersecurity Index,0,Units,IX,Index,602,CCYY,A,Normal value,PU,Public
datastructure,WB.DATA360:DS_DATA360(1.2),I,A,Annual,COL,Colombia,ITU_GCI_COOP_SCORE,Cooperative Score - CS (ITU GCI),_T,Total,_T,All age ranges or no breakdown by age,_T,Total,0_TO_20,0-20 scale,_Z,Not Applicable,_Z,Not Applicable,_Z,Not Applicable,2020,15.925925925925927,MEAN,Mean,ITU_GCI,Global Cybersecurity Index,0,Units,IX,Index,602,CCYY,A,Normal value,PU,Public
datastructure,WB.DATA360:DS_DATA360(1.2),I,A,Annual,COM,Comoros,ITU_GCI_COOP_SCORE,Cooperative Score - CS (ITU GCI),_T,Total,_T,All age ranges or no breakdown by age,_T,Total,0_TO_20,0-20 scale,_Z,Not Applicable,_Z,Not Applicable,_Z,Not Applicable,2020,2.037037037037037,MEAN,Mean,ITU_GCI,Global Cybersecurity Index,0,Units,IX,Index,602,CCYY,A,Normal value,PU,Public
datastructure,WB.DATA360:DS_DATA360(1.2),I,A,Annual,COG,"Congo, Rep.",ITU_GCI_COOP_SCORE,Cooperative Score - CS (ITU GCI),_T,Total,_T,All age ranges or no breakdown by age,_T,Total,0_TO_20,0-20 scale,_Z,Not Applicable,_Z,Not Applicable,_Z,Not Applicable,2020,4.25925925925926,MEAN,Mean,ITU_GCI,Global Cybersecurity Index,0,Units,IX,Index,602,CCYY,A,Normal value,PU,Public
datastructure,WB.DATA360:DS_DATA360(1.2),I,A,Annual,CRI,Costa Rica,ITU_GCI_COOP_SCORE,Cooperative Score - CS (ITU GCI),_T,Total,_T,All age ranges or no breakdown by age,_T,Total,0_TO_20,0-20 scale,_Z,Not Applicable,_Z,Not Applicable,_Z,Not Applicable,2020,15.925925925925927,MEAN,Mean,ITU_GCI,Global Cybersecurity Index,0,Units,IX,Index,602,CCYY,A,Normal value,PU,Public
datastructure,WB.DATA360:DS_DATA360(1.2),I,A,Annual,CIV,Cote d'Ivoire,ITU_GCI_COOP_SCORE,Cooperative Score - CS (ITU GCI),_T,Total,_T,All age ranges or no breakdown by age,_T,Total,0_TO_20,0-20 scale,_Z,Not Applicable,_Z,Not Applicable,_Z,Not Applicable,2020,11.554247666607218,MEAN,Mean,ITU_GCI,Global Cybersecurity Index,0,Units,IX,Index,602,CCYY,A,Normal value,PU,Public
datastructure,WB.DATA360:DS_DATA360(1.2),I,A,Annual,HRV,Croatia,ITU_GCI_COOP_SCORE,Cooperative Score - CS (ITU GCI),_T,Total,_T,All age ranges or no breakdown by age,_T,Total,0_TO_20,0-20 scale,_Z,Not Applicable,_Z,Not Applicable,_Z,Not Applicable,2020,18.289506172839506,MEAN,Mean,ITU_GCI,Global Cybersecurity Index,0,Units,IX,Index,602,CCYY,A,Normal value,PU,Public
datastructure,WB.DATA360:DS_DATA360(1.2),I,A,Annual,CUB,Cuba,ITU_GCI_COOP_SCORE,Cooperative Score - CS (ITU GCI),_T,Total,_T,All age ranges or no breakdown by age,_T,Total,0_TO_20,0-20 scale,_Z,Not Applicable,_Z,Not Applicable,_Z,Not Applicable,2020,8.61241900005945,MEAN,Mean,ITU_GCI,Global Cybersecurity Index,0,Units,IX,Index,602,CCYY,A,Normal value,PU,Public
datastructure,WB.DATA360:DS_DATA360(1.2),I,A,Annual,CYP,Cyprus,ITU_GCI_COOP_SCORE,Cooperative Score - CS (ITU GCI),_T,Total,_T,All age ranges or no breakdown by age,_T,Total,0_TO_20,0-20 scale,_Z,Not Applicable,_Z,Not Applicable,_Z,Not Applicable,2020,17.944444444444446,MEAN,Mean,ITU_GCI,Global Cybersecurity Index,0,Units,IX,Index,602,CCYY,A,Normal value,PU,Public
datastructure,WB.DATA360:DS_DATA360(1.2),I,A,Annual,CZE,Czechia,ITU_GCI_COOP_SCORE,Cooperative Score - CS (ITU GCI),_T,Total,_T,All age ranges or no breakdown by age,_T,Total,0_TO_20,0-20 scale,_Z,Not Applicable,_Z,Not Applicable,_Z,Not Applicable,2020,13.13888888888889,MEAN,Mean,ITU_GCI,Global Cybersecurity Index,0,Units,IX,Index,602,CCYY,A,Normal value,PU,Public
datastructure,WB.DATA360:DS_DATA360(1.2),I,A,Annual,PRK,"Korea, Dem. People's Rep.",ITU_GCI_COOP_SCORE,Cooperative Score - CS (ITU GCI),_T,Total,_T,All age ranges or no breakdown by age,_T,Total,0_TO_20,0-20 scale,_Z,Not Applicable,_Z,Not Applicable,_Z,Not Applicable,2020,0.0,MEAN,Mean,ITU_GCI,Global Cybersecurity Index,0,Units,IX,Index,602,CCYY,A,Normal value,PU,Public
datastructure,WB.DATA360:DS_DATA360(1.2),I,A,Annual,COD,"Congo, Dem. Rep.",ITU_GCI_COOP_SCORE,Cooperative Score - CS (ITU GCI),_T,Total,_T,All age ranges or no breakdown by age,_T,Total,0_TO_20,0-20 scale,_Z,Not Applicable,_Z,Not Applicable,_Z,Not Applicable,2020,0.0,MEAN,Mean,ITU_GCI,Global Cybersecurity Index,0,Units,IX,Index,602,CCYY,A,Normal value,PU,Public
datastructure,WB.DATA360:DS_DATA360(1.2),I,A,Annual,DNK,Denmark,ITU_GCI_COOP_SCORE,Cooperative Score - CS (ITU GCI),_T,Total,_T,All age ranges or no breakdown by age,_T,Total,0_TO_20,0-20 scale,_Z,Not Applicable,_Z,Not Applicable,_Z,Not Applicable,2020,15.88888888888889,MEAN,Mean,ITU_GCI,Global Cybersecurity Index,0,Units,IX,Index,602,CCYY,A,Normal value,PU,Public
datastructure,WB.DATA360:DS_DATA360(1.2),I,A,Annual,DJI,Djibouti,ITU_GCI_COOP_SCORE,Cooperative Score - CS (ITU GCI),_T,Total,_T,All age ranges or no breakdown by age,_T,Total,0_TO_20,0-20 scale,_Z,Not Applicable,_Z,Not Applicable,_Z,Not Applicable,2020,0.0,MEAN,Mean,ITU_GCI,Global Cybersecurity Index,0,Units,IX,Index,602,CCYY,A,Normal value,PU,Public
datastructure,WB.DATA360:DS_DATA360(1.2),I,A,Annual,DMA,Dominica,ITU_GCI_COOP_SCORE,Cooperative Score - CS (ITU GCI),_T,Total,_T,All age ranges or no breakdown by age,_T,Total,0_TO_20,0-20 scale,_Z,Not Applicable,_Z,Not Applicable,_Z,Not Applicable,2020,0.0,MEAN,Mean,ITU_GCI,Global Cybersecurity Index,0,Units,IX,Index,602,CCYY,A,Normal value,PU,Public
datastructure,WB.DATA360:DS_DATA360(1.2),I,A,Annual,DOM,Dominican Republic,ITU_GCI_COOP_SCORE,Cooperative Score - CS (ITU GCI),_T,Total,_T,All age ranges or no breakdown by age,_T,Total,0_TO_20,0-20 scale,_Z,Not Applicable,_Z,Not Applicable,_Z,Not Applicable,2020,11.814814814814817,MEAN,Mean,ITU_GCI,Global Cybersecurity Index,0,Units,IX,Index,602,CCYY,A,Normal value,PU,Public
datastructure,WB.DATA360:DS_DATA360(1.2),I,A,Annual,ECU,Ecuador,ITU_GCI_COOP_SCORE,Cooperative Score - CS (ITU GCI),_T,Total,_T,All age ranges or no breakdown by age,_T,Total,0_TO_20,0-20 scale,_Z,Not Applicable,_Z,Not Applicable,_Z,Not Applicable,2020,0.0,MEAN,Mean,ITU_GCI,Global Cybersecurity Index,0,Units,IX,Index,602,CCYY,A,Normal value,PU,Public
datastructure,WB.DATA360:DS_DATA360(1.2),I,A,Annual,EGY,"Egypt, Arab Rep.",ITU_GCI_COOP_SCORE,Cooperative Score - CS (ITU GCI),_T,Total,_T,All age ranges or no breakdown by age,_T,Total,0_TO_20,0-20 scale,_Z,Not Applicable,_Z,Not Applicable,_Z,Not Applicable,2020,18.913580246913583,MEAN,Mean,ITU_GCI,Global Cybersecurity Index,0,Units,IX,Index,602,CCYY,A,Normal value,PU,Public
datastructure,WB.DATA360:DS_DATA360(1.2),I,A,Annual,SLV,El Salvador,ITU_GCI_COOP_SCORE,Cooperative Score - CS (ITU GCI),_T,Total,_T,All age ranges or no breakdown by age,_T,Total,0_TO_20,0-20 scale,_Z,Not Applicable,_Z,Not Applicable,_Z,Not Applicable,2020,4.25925925925926,MEAN,Mean,ITU_GCI,Global Cybersecurity Index,0,Units,IX,Index,602,CCYY,A,Normal value,PU,Public
datastructure,WB.DATA360:DS_DATA360(1.2),I,A,Annual,GNQ,Equatorial Guinea,ITU_GCI_COOP_SCORE,Cooperative Score - CS (ITU GCI),_T,Total,_T,All age ranges or no breakdown by age,_T,Total,0_TO_20,0-20 scale,_Z,Not Applicable,_Z,Not Applicable,_Z,Not Applicable,2020,0.0,MEAN,Mean,ITU_GCI,Global Cybersecurity Index,0,Units,IX,Index,602,CCYY,A,Normal value,PU,Public
datastructure,WB.DATA360:DS_DATA360(1.2),I,A,Annual,ERI,Eritrea,ITU_GCI_COOP_SCORE,Cooperative Score - CS (ITU GCI),_T,Total,_T,All age ranges or no breakdown by age,_T,Total,0_TO_20,0-20 scale,_Z,Not Applicable,_Z,Not Applicable,_Z,Not Applicable,2020,0.0,MEAN,Mean,ITU_GCI,Global Cybersecurity Index,0,Units,IX,Index,602,CCYY,A,Normal value,PU,Public
datastructure,WB.DATA360:DS_DATA360(1.2),I,A,Annual,EST,Estonia,ITU_GCI_COOP_SCORE,Cooperative Score - CS (ITU GCI),_T,Total,_T,All age ranges or no breakdown by age,_T,Total,0_TO_20,0-20 scale,_Z,Not Applicable,_Z,Not Applicable,_Z,Not Applicable,2020,20.0,MEAN,Mean,ITU_GCI,Global Cybersecurity Index,0,Units,IX,Index,602,CCYY,A,Normal value,PU,Public
datastructure,WB.DATA360:DS_DATA360(1.2),I,A,Annual,SWZ,Eswatini,ITU_GCI_COOP_SCORE,Cooperative Score - CS (ITU GCI),_T,Total,_T,All age ranges or no breakdown by age,_T,Total,0_TO_20,0-20 scale,_Z,Not Applicable,_Z,Not Applicable,_Z,Not Applicable,2020,6.314814814814815,MEAN,Mean,ITU_GCI,Global Cybersecurity Index,0,Units,IX,Index,602,CCYY,A,Normal value,PU,Public
datastructure,WB.DATA360:DS_DATA360(1.2),I,A,Annual,ETH,Ethiopia,ITU_GCI_COOP_SCORE,Cooperative Score - CS (ITU GCI),_T,Total,_T,All age ranges or no breakdown by age,_T,Total,0_TO_20,0-20 scale,_Z,Not Applicable,_Z,Not Applicable,_Z,Not Applicable,2020,0.0,MEAN,Mean,ITU_GCI,Global Cybersecurity Index,0,Units,IX,Index,602,CCYY,A,Normal value,PU,Public
datastructure,WB.DATA360:DS_DATA360(1.2),I,A,Annual,FJI,Fiji,ITU_GCI_COOP_SCORE,Cooperative Score - CS (ITU GCI),_T,Total,_T,All age ranges or no breakdown by age,_T,Total,0_TO_20,0-20 scale,_Z,Not Applicable,_Z,Not Applicable,_Z,Not Applicable,2020,4.074074074074074,MEAN,Mean,ITU_GCI,Global Cybersecurity Index,0,Units,IX,Index,602,CCYY,A,Normal value,PU,Public
datastructure,WB.DATA360:DS_DATA360(1.2),I,A,Annual,FIN,Finland,ITU_GCI_COOP_SCORE,Cooperative Score - CS (ITU GCI),_T,Total,_T,All age ranges or no breakdown by age,_T,Total,0_TO_20,0-20 scale,_Z,Not Applicable,_Z,Not Applicable,_Z,Not Applicable,2020,20.0,MEAN,Mean,ITU_GCI,Global Cybersecurity Index,0,Units,IX,Index,602,CCYY,A,Normal value,PU,Public
datastructure,WB.DATA360:DS_DATA360(1.2),I,A,Annual,FRA,France,ITU_GCI_COOP_SCORE,Cooperative Score - CS (ITU GCI),_T,Total,_T,All age ranges or no breakdown by age,_T,Total,0_TO_20,0-20 scale,_Z,Not Applicable,_Z,Not Applicable,_Z,Not Applicable,2020,19.40609951845907,MEAN,Mean,ITU_GCI,Global Cybersecurity Index,0,Units,IX,Index,602,CCYY,A,Normal value,PU,Public
datastructure,WB.DATA360:DS_DATA360(1.2),I,A,Annual,GAB,Gabon,ITU_GCI_COOP_SCORE,Cooperative Score - CS (ITU GCI),_T,Total,_T,All age ranges or no breakdown by age,_T,Total,0_TO_20,0-20 scale,_Z,Not Applicable,_Z,Not Applicable,_Z,Not Applicable,2020,4.25925925925926,MEAN,Mean,ITU_GCI,Global Cybersecurity Index,0,Units,IX,Index,602,CCYY,A,Normal value,PU,Public
datastructure,WB.DATA360:DS_DATA360(1.2),I,A,Annual,GMB,"Gambia, The",ITU_GCI_COOP_SCORE,Cooperative Score - CS (ITU GCI),_T,Total,_T,All age ranges or no breakdown by age,_T,Total,0_TO_20,0-20 scale,_Z,Not Applicable,_Z,Not Applicable,_Z,Not Applicable,2020,4.25925925925926,MEAN,Mean,ITU_GCI,Global Cybersecurity Index,0,Units,IX,Index,602,CCYY,A,Normal value,PU,Public
datastructure,WB.DATA360:DS_DATA360(1.2),I,A,Annual,GEO,Georgia,ITU_GCI_COOP_SCORE,Cooperative Score - CS (ITU GCI),_T,Total,_T,All age ranges or no breakdown by age,_T,Total,0_TO_20,0-20 scale,_Z,Not Applicable,_Z,Not Applicable,_Z,Not Applicable,2020,15.62832174068129,MEAN,Mean,ITU_GCI,Global Cybersecurity Index,0,Units,IX,Index,602,CCYY,A,Normal value,PU,Public
datastructure,WB.DATA360:DS_DATA360(1.2),I,A,Annual,DEU,Germany,ITU_GCI_COOP_SCORE,Cooperative Score - CS (ITU GCI),_T,Total,_T,All age ranges or no breakdown by age,_T,Total,0_TO_20,0-20 scale,_Z,Not Applicable,_Z,Not Applicable,_Z,Not Applicable,2020,19.40609951845907,MEAN,Mean,ITU_GCI,Global Cybersecurity Index,0,Units,IX,Index,602,CCYY,A,Normal value,PU,Public
datastructure,WB.DATA360:DS_DATA360(1.2),I,A,Annual,GHA,Ghana,ITU_GCI_COOP_SCORE,Cooperative Score - CS (ITU GCI),_T,Total,_T,All age ranges or no breakdown by age,_T,Total,0_TO_20,0-20 scale,_Z,Not Applicable,_Z,Not Applicable,_Z,Not Applicable,2020,15.62832174068129,MEAN,Mean,ITU_GCI,Global Cybersecurity Index,0,Units,IX,Index,602,CCYY,A,Normal value,PU,Public
datastructure,WB.DATA360:DS_DATA360(1.2),I,A,Annual,GRC,Greece,ITU_GCI_COOP_SCORE,Cooperative Score - CS (ITU GCI),_T,Total,_T,All age ranges or no breakdown by age,_T,Total,0_TO_20,0-20 scale,_Z,Not Applicable,_Z,Not Applicable,_Z,Not Applicable,2020,20.0,MEAN,Mean,ITU_GCI,Global Cybersecurity Index,0,Units,IX,Index,602,CCYY,A,Normal value,PU,Public
datastructure,WB.DATA360:DS_DATA360(1.2),I,A,Annual,GRD,Grenada,ITU_GCI_COOP_SCORE,Cooperative Score - CS (ITU GCI),_T,Total,_T,All age ranges or no breakdown by age,_T,Total,0_TO_20,0-20 scale,_Z,Not Applicable,_Z,Not Applicable,_Z,Not Applicable,2020,0.0,MEAN,Mean,ITU_GCI,Global Cybersecurity Index,0,Units,IX,Index,602,CCYY,A,Normal value,PU,Public
datastructure,WB.DATA360:DS_DATA360(1.2),I,A,Annual,GTM,Guatemala,ITU_GCI_COOP_SCORE,Cooperative Score - CS (ITU GCI),_T,Total,_T,All age ranges or no breakdown by age,_T,Total,0_TO_20,0-20 scale,_Z,Not Applicable,_Z,Not Applicable,_Z,Not Applicable,2020,0.0,MEAN,Mean,ITU_GCI,Global Cybersecurity Index,0,Units,IX,Index,602,CCYY,A,Normal value,PU,Public
datastructure,WB.DATA360:DS_DATA360(1.2),I,A,Annual,GIN,Guinea,ITU_GCI_COOP_SCORE,Cooperative Score - CS (ITU GCI),_T,Total,_T,All age ranges or no breakdown by age,_T,Total,0_TO_20,0-20 scale,_Z,Not Applicable,_Z,Not Applicable,_Z,Not Applicable,2020,6.296296296296297,MEAN,Mean,ITU_GCI,Global Cybersecurity Index,0,Units,IX,Index,602,CCYY,A,Normal value,PU,Public
datastructure,WB.DATA360:DS_DATA360(1.2),I,A,Annual,GNB,Guinea-Bissau,ITU_GCI_COOP_SCORE,Cooperative Score - CS (ITU GCI),_T,Total,_T,All age ranges or no breakdown by age,_T,Total,0_TO_20,0-20 scale,_Z,Not Applicable,_Z,Not Applicable,_Z,Not Applicable,2020,8.333333333333334,MEAN,Mean,ITU_GCI,Global Cybersecurity Index,0,Units,IX,Index,602,CCYY,A,Normal value,PU,Public
datastructure,WB.DATA360:DS_DATA360(1.2),I,A,Annual,GUY,Guyana,ITU_GCI_COOP_SCORE,Cooperative Score - CS (ITU GCI),_T,Total,_T,All age ranges or no breakdown by age,_T,Total,0_TO_20,0-20 scale,_Z,Not Applicable,_Z,Not Applicable,_Z,Not Applicable,2020,3.7777777777777777,MEAN,Mean,ITU_GCI,Global Cybersecurity Index,0,Units,IX,Index,602,CCYY,A,Normal value,PU,Public
datastructure,WB.DATA360:DS_DATA360(1.2),I,A,Annual,HTI,Haiti,ITU_GCI_COOP_SCORE,Cooperative Score - CS (ITU GCI),_T,Total,_T,All age ranges or no breakdown by age,_T,Total,0_TO_20,0-20 scale,_Z,Not Applicable,_Z,Not Applicable,_Z,Not Applicable,2020,0.0,MEAN,Mean,ITU_GCI,Global Cybersecurity Index,0,Units,IX,Index,602,CCYY,A,Normal value,PU,Public
datastructure,WB.DATA360:DS_DATA360(1.2),I,A,Annual,HND,Honduras,ITU_GCI_COOP_SCORE,Cooperative Score - CS (ITU GCI),_T,Total,_T,All age ranges or no breakdown by age,_T,Total,0_TO_20,0-20 scale,_Z,Not Applicable,_Z,Not Applicable,_Z,Not Applicable,2020,0.0,MEAN,Mean,ITU_GCI,Global Cybersecurity Index,0,Units,IX,Index,602,CCYY,A,Normal value,PU,Public
datastructure,WB.DATA360:DS_DATA360(1.2),I,A,Annual,HUN,Hungary,ITU_GCI_COOP_SCORE,Cooperative Score - CS (ITU GCI),_T,Total,_T,All age ranges or no breakdown by age,_T,Total,0_TO_20,0-20 scale,_Z,Not Applicable,_Z,Not Applicable,_Z,Not Applicable,2020,19.40609951845907,MEAN,Mean,ITU_GCI,Global Cybersecurity Index,0,Units,IX,Index,602,CCYY,A,Normal value,PU,Public
datastructure,WB.DATA360:DS_DATA360(1.2),I,A,Annual,ISL,Iceland,ITU_GCI_COOP_SCORE,Cooperative Score - CS (ITU GCI),_T,Total,_T,All age ranges or no breakdown by age,_T,Total,0_TO_20,0-20 scale,_Z,Not Applicable,_Z,Not Applicable,_Z,Not Applicable,2020,16.25246913580247,MEAN,Mean,ITU_GCI,Global Cybersecurity Index,0,Units,IX,Index,602,CCYY,A,Normal value,PU,Public
datastructure,WB.DATA360:DS_DATA360(1.2),I,A,Annual,IND,India,ITU_GCI_COOP_SCORE,Cooperative Score - CS (ITU GCI),_T,Total,_T,All age ranges or no breakdown by age,_T,Total,0_TO_20,0-20 scale,_Z,Not Applicable,_Z,Not Applicable,_Z,Not Applicable,2020,20.0,MEAN,Mean,ITU_GCI,Global Cybersecurity Index,0,Units,IX,Index,602,CCYY,A,Normal value,PU,Public
datastructure,WB.DATA360:DS_DATA360(1.2),I,A,Annual,IDN,Indonesia,ITU_GCI_COOP_SCORE,Cooperative Score - CS (ITU GCI),_T,Total,_T,All age ranges or no breakdown by age,_T,Total,0_TO_20,0-20 scale,_Z,Not Applicable,_Z,Not Applicable,_Z,Not Applicable,2020,20.0,MEAN,Mean,ITU_GCI,Global Cybersecurity Index,0,Units,IX,Index,602,CCYY,A,Normal value,PU,Public
datastructure,WB.DATA360:DS_DATA360(1.2),I,A,Annual,IRN,"Iran, Islamic Rep.",ITU_GCI_COOP_SCORE,Cooperative Score - CS (ITU GCI),_T,Total,_T,All age ranges or no breakdown by age,_T,Total,0_TO_20,0-20 scale,_Z,Not Applicable,_Z,Not Applicable,_Z,Not Applicable,2020,15.332025444384996,MEAN,Mean,ITU_GCI,Global Cybersecurity Index,0,Units,IX,Index,602,CCYY,A,Normal value,PU,Public
datastructure,WB.DATA360:DS_DATA360(1.2),I,A,Annual,IRQ,Iraq,ITU_GCI_COOP_SCORE,Cooperative Score - CS (ITU GCI),_T,Total,_T,All age ranges or no breakdown by age,_T,Total,0_TO_20,0-20 scale,_Z,Not Applicable,_Z,Not Applicable,_Z,Not Applicable,2020,4.25925925925926,MEAN,Mean,ITU_GCI,Global Cybersecurity Index,0,Units,IX,Index,602,CCYY,A,Normal value,PU,Public
datastructure,WB.DATA360:DS_DATA360(1.2),I,A,Annual,IRL,Ireland,ITU_GCI_COOP_SCORE,Cooperative Score - CS (ITU GCI),_T,Total,_T,All age ranges or no breakdown by age,_T,Total,0_TO_20,0-20 scale,_Z,Not Applicable,_Z,Not Applicable,_Z,Not Applicable,2020,12.11111111111111,MEAN,Mean,ITU_GCI,Global Cybersecurity Index,0,Units,IX,Index,602,CCYY,A,Normal value,PU,Public
datastructure,WB.DATA360:DS_DATA360(1.2),I,A,Annual,ISR,Israel,ITU_GCI_COOP_SCORE,Cooperative Score - CS (ITU GCI),_T,Total,_T,All age ranges or no breakdown by age,_T,Total,0_TO_20,0-20 scale,_Z,Not Applicable,_Z,Not Applicable,_Z,Not Applicable,2020,20.0,MEAN,Mean,ITU_GCI,Global Cybersecurity Index,0,Units,IX,Index,602,CCYY,A,Normal value,PU,Public
datastructure,WB.DATA360:DS_DATA360(1.2),I,A,Annual,ITA,Italy,ITU_GCI_COOP_SCORE,Cooperative Score - CS (ITU GCI),_T,Total,_T,All age ranges or no breakdown by age,_T,Total,0_TO_20,0-20 scale,_Z,Not Applicable,_Z,Not Applicable,_Z,Not Applicable,2020,19.40609951845907,MEAN,Mean,ITU_GCI,Global Cybersecurity Index,0,Units,IX,Index,602,CCYY,A,Normal value,PU,Public
datastructure,WB.DATA360:DS_DATA360(1.2),I,A,Annual,JAM,Jamaica,ITU_GCI_COOP_SCORE,Cooperative Score - CS (ITU GCI),_T,Total,_T,All age ranges or no breakdown by age,_T,Total,0_TO_20,0-20 scale,_Z,Not Applicable,_Z,Not Applicable,_Z,Not Applicable,2020,4.25925925925926,MEAN,Mean,ITU_GCI,Global Cybersecurity Index,0,Units,IX,Index,602,CCYY,A,Normal value,PU,Public
datastructure,WB.DATA360:DS_DATA360(1.2),I,A,Annual,JPN,Japan,ITU_GCI_COOP_SCORE,Cooperative Score - CS (ITU GCI),_T,Total,_T,All age ranges or no breakdown by age,_T,Total,0_TO_20,0-20 scale,_Z,Not Applicable,_Z,Not Applicable,_Z,Not Applicable,2020,20.0,MEAN,Mean,ITU_GCI,Global Cybersecurity Index,0,Units,IX,Index,602,CCYY,A,Normal value,PU,Public
datastructure,WB.DATA360:DS_DATA360(1.2),I,A,Annual,JOR,Jordan,ITU_GCI_COOP_SCORE,Cooperative Score - CS (ITU GCI),_T,Total,_T,All age ranges or no breakdown by age,_T,Total,0_TO_20,0-20 scale,_Z,Not Applicable,_Z,Not Applicable,_Z,Not Applicable,2020,14.511728395061729,MEAN,Mean,ITU_GCI,Global Cybersecurity Index,0,Units,IX,Index,602,CCYY,A,Normal value,PU,Public
datastructure,WB.DATA360:DS_DATA360(1.2),I,A,Annual,KAZ,Kazakhstan,ITU_GCI_COOP_SCORE,Cooperative Score - CS (ITU GCI),_T,Total,_T,All age ranges or no breakdown by age,_T,Total,0_TO_20,0-20 scale,_Z,Not Applicable,_Z,Not Applicable,_Z,Not Applicable,2020,20.0,MEAN,Mean,ITU_GCI,Global Cybersecurity Index,0,Units,IX,Index,602,CCYY,A,Normal value,PU,Public
datastructure,WB.DATA360:DS_DATA360(1.2),I,A,Annual,KEN,Kenya,ITU_GCI_COOP_SCORE,Cooperative Score - CS (ITU GCI),_T,Total,_T,All age ranges or no breakdown by age,_T,Total,0_TO_20,0-20 scale,_Z,Not Applicable,_Z,Not Applicable,_Z,Not Applicable,2020,15.88888888888889,MEAN,Mean,ITU_GCI,Global Cybersecurity Index,0,Units,IX,Index,602,CCYY,A,Normal value,PU,Public
datastructure,WB.DATA360:DS_DATA360(1.2),I,A,Annual,KIR,Kiribati,ITU_GCI_COOP_SCORE,Cooperative Score - CS (ITU GCI),_T,Total,_T,All age ranges or no breakdown by age,_T,Total,0_TO_20,0-20 scale,_Z,Not Applicable,_Z,Not Applicable,_Z,Not Applicable,2020,4.074074074074074,MEAN,Mean,ITU_GCI,Global Cybersecurity Index,0,Units,IX,Index,602,CCYY,A,Normal value,PU,Public
datastructure,WB.DATA360:DS_DATA360(1.2),I,A,Annual,KWT,Kuwait,ITU_GCI_COOP_SCORE,Cooperative Score - CS (ITU GCI),_T,Total,_T,All age ranges or no breakdown by age,_T,Total,0_TO_20,0-20 scale,_Z,Not Applicable,_Z,Not Applicable,_Z,Not Applicable,2020,15.89567901234568,MEAN,Mean,ITU_GCI,Global Cybersecurity Index,0,Units,IX,Index,602,CCYY,A,Normal value,PU,Public
datastructure,WB.DATA360:DS_DATA360(1.2),I,A,Annual,KGZ,Kyrgyz Republic,ITU_GCI_COOP_SCORE,Cooperative Score - CS (ITU GCI),_T,Total,_T,All age ranges or no breakdown by age,_T,Total,0_TO_20,0-20 scale,_Z,Not Applicable,_Z,Not Applicable,_Z,Not Applicable,2020,12.11111111111111,MEAN,Mean,ITU_GCI,Global Cybersecurity Index,0,Units,IX,Index,602,CCYY,A,Normal value,PU,Public
datastructure,WB.DATA360:DS_DATA360(1.2),I,A,Annual,LAO,Lao PDR,ITU_GCI_COOP_SCORE,Cooperative Score - CS (ITU GCI),_T,Total,_T,All age ranges or no breakdown by age,_T,Total,0_TO_20,0-20 scale,_Z,Not Applicable,_Z,Not Applicable,_Z,Not Applicable,2020,4.074074074074074,MEAN,Mean,ITU_GCI,Global Cybersecurity Index,0,Units,IX,Index,602,CCYY,A,Normal value,PU,Public
datastructure,WB.DATA360:DS_DATA360(1.2),I,A,Annual,LVA,Latvia,ITU_GCI_COOP_SCORE,Cooperative Score - CS (ITU GCI),_T,Total,_T,All age ranges or no breakdown by age,_T,Total,0_TO_20,0-20 scale,_Z,Not Applicable,_Z,Not Applicable,_Z,Not Applicable,2020,20.0,MEAN,Mean,ITU_GCI,Global Cybersecurity Index,0,Units,IX,Index,602,CCYY,A,Normal value,PU,Public
datastructure,WB.DATA360:DS_DATA360(1.2),I,A,Annual,LBN,Lebanon,ITU_GCI_COOP_SCORE,Cooperative Score - CS (ITU GCI),_T,Total,_T,All age ranges or no breakdown by age,_T,Total,0_TO_20,0-20 scale,_Z,Not Applicable,_Z,Not Applicable,_Z,Not Applicable,2020,2.987654320987655,MEAN,Mean,ITU_GCI,Global Cybersecurity Index,0,Units,IX,Index,602,CCYY,A,Normal value,PU,Public
datastructure,WB.DATA360:DS_DATA360(1.2),I,A,Annual,LSO,Lesotho,ITU_GCI_COOP_SCORE,Cooperative Score - CS (ITU GCI),_T,Total,_T,All age ranges or no breakdown by age,_T,Total,0_TO_20,0-20 scale,_Z,Not Applicable,_Z,Not Applicable,_Z,Not Applicable,2020,0.0,MEAN,Mean,ITU_GCI,Global Cybersecurity Index,0,Units,IX,Index,602,CCYY,A,Normal value,PU,Public
datastructure,WB.DATA360:DS_DATA360(1.2),I,A,Annual,LBR,Liberia,ITU_GCI_COOP_SCORE,Cooperative Score - CS (ITU GCI),_T,Total,_T,All age ranges or no breakdown by age,_T,Total,0_TO_20,0-20 scale,_Z,Not Applicable,_Z,Not Applicable,_Z,Not Applicable,2020,2.037037037037037,MEAN,Mean,ITU_GCI,Global Cybersecurity Index,0,Units,IX,Index,602,CCYY,A,Normal value,PU,Public
datastructure,WB.DATA360:DS_DATA360(1.2),I,A,Annual,LBY,Libya,ITU_GCI_COOP_SCORE,Cooperative Score - CS (ITU GCI),_T,Total,_T,All age ranges or no breakdown by age,_T,Total,0_TO_20,0-20 scale,_Z,Not Applicable,_Z,Not Applicable,_Z,Not Applicable,2020,8.037037037037038,MEAN,Mean,ITU_GCI,Global Cybersecurity Index,0,Units,IX,Index,602,CCYY,A,Normal value,PU,Public
datastructure,WB.DATA360:DS_DATA360(1.2),I,A,Annual,LIE,Liechtenstein,ITU_GCI_COOP_SCORE,Cooperative Score - CS (ITU GCI),_T,Total,_T,All age ranges or no breakdown by age,_T,Total,0_TO_20,0-20 scale,_Z,Not Applicable,_Z,Not Applicable,_Z,Not Applicable,2020,11.850543962903512,MEAN,Mean,ITU_GCI,Global Cybersecurity Index,0,Units,IX,Index,602,CCYY,A,Normal value,PU,Public
datastructure,WB.DATA360:DS_DATA360(1.2),I,A,Annual,LTU,Lithuania,ITU_GCI_COOP_SCORE,Cooperative Score - CS (ITU GCI),_T,Total,_T,All age ranges or no breakdown by age,_T,Total,0_TO_20,0-20 scale,_Z,Not Applicable,_Z,Not Applicable,_Z,Not Applicable,2020,19.40609951845907,MEAN,Mean,ITU_GCI,Global Cybersecurity Index,0,Units,IX,Index,602,CCYY,A,Normal value,PU,Public
datastructure,WB.DATA360:DS_DATA360(1.2),I,A,Annual,LUX,Luxembourg,ITU_GCI_COOP_SCORE,Cooperative Score - CS (ITU GCI),_T,Total,_T,All age ranges or no breakdown by age,_T,Total,0_TO_20,0-20 scale,_Z,Not Applicable,_Z,Not Applicable,_Z,Not Applicable,2020,19.40609951845907,MEAN,Mean,ITU_GCI,Global Cybersecurity Index,0,Units,IX,Index,602,CCYY,A,Normal value,PU,Public
datastructure,WB.DATA360:DS_DATA360(1.2),I,A,Annual,MDG,Madagascar,ITU_GCI_COOP_SCORE,Cooperative Score - CS (ITU GCI),_T,Total,_T,All age ranges or no breakdown by age,_T,Total,0_TO_20,0-20 scale,_Z,Not Applicable,_Z,Not Applicable,_Z,Not Applicable,2020,3.7777777777777777,MEAN,Mean,ITU_GCI,Global Cybersecurity Index,0,Units,IX,Index,602,CCYY,A,Normal value,PU,Public
datastructure,WB.DATA360:DS_DATA360(1.2),I,A,Annual,MWI,Malawi,ITU_GCI_COOP_SCORE,Cooperative Score - CS (ITU GCI),_T,Total,_T,All age ranges or no breakdown by age,_T,Total,0_TO_20,0-20 scale,_Z,Not Applicable,_Z,Not Applicable,_Z,Not Applicable,2020,5.536383092562867,MEAN,Mean,ITU_GCI,Global Cybersecurity Index,0,Units,IX,Index,602,CCYY,A,Normal value,PU,Public
datastructure,WB.DATA360:DS_DATA360(1.2),I,A,Annual,MYS,Malaysia,ITU_GCI_COOP_SCORE,Cooperative Score - CS (ITU GCI),_T,Total,_T,All age ranges or no breakdown by age,_T,Total,0_TO_20,0-20 scale,_Z,Not Applicable,_Z,Not Applicable,_Z,Not Applicable,2020,20.0,MEAN,Mean,ITU_GCI,Global Cybersecurity Index,0,Units,IX,Index,602,CCYY,A,Normal value,PU,Public
datastructure,WB.DATA360:DS_DATA360(1.2),I,A,Annual,MDV,Maldives,ITU_GCI_COOP_SCORE,Cooperative Score - CS (ITU GCI),_T,Total,_T,All age ranges or no breakdown by age,_T,Total,0_TO_20,0-20 scale,_Z,Not Applicable,_Z,Not Applicable,_Z,Not Applicable,2020,0.0,MEAN,Mean,ITU_GCI,Global Cybersecurity Index,0,Units,IX,Index,602,CCYY,A,Normal value,PU,Public
datastructure,WB.DATA360:DS_DATA360(1.2),I,A,Annual,MLI,Mali,ITU_GCI_COOP_SCORE,Cooperative Score - CS (ITU GCI),_T,Total,_T,All age ranges or no breakdown by age,_T,Total,0_TO_20,0-20 scale,_Z,Not Applicable,_Z,Not Applicable,_Z,Not Applicable,2020,4.25925925925926,MEAN,Mean,ITU_GCI,Global Cybersecurity Index,0,Units,IX,Index,602,CCYY,A,Normal value,PU,Public
datastructure,WB.DATA360:DS_DATA360(1.2),I,A,Annual,MLT,Malta,ITU_GCI_COOP_SCORE,Cooperative Score - CS (ITU GCI),_T,Total,_T,All age ranges or no breakdown by age,_T,Total,0_TO_20,0-20 scale,_Z,Not Applicable,_Z,Not Applicable,_Z,Not Applicable,2020,15.88888888888889,MEAN,Mean,ITU_GCI,Global Cybersecurity Index,0,Units,IX,Index,602,CCYY,A,Normal value,PU,Public
datastructure,WB.DATA360:DS_DATA360(1.2),I,A,Annual,MHL,Marshall Islands,ITU_GCI_COOP_SCORE,Cooperative Score - CS (ITU GCI),_T,Total,_T,All age ranges or no breakdown by age,_T,Total,0_TO_20,0-20 scale,_Z,Not Applicable,_Z,Not Applicable,_Z,Not Applicable,2020,4.074074074074074,MEAN,Mean,ITU_GCI,Global Cybersecurity Index,0,Units,IX,Index,602,CCYY,A,Normal value,PU,Public
datastructure,WB.DATA360:DS_DATA360(1.2),I,A,Annual,MRT,Mauritania,ITU_GCI_COOP_SCORE,Cooperative Score - CS (ITU GCI),_T,Total,_T,All age ranges or no breakdown by age,_T,Total,0_TO_20,0-20 scale,_Z,Not Applicable,_Z,Not Applicable,_Z,Not Applicable,2020,0.0,MEAN,Mean,ITU_GCI,Global Cybersecurity Index,0,Units,IX,Index,602,CCYY,A,Normal value,PU,Public
datastructure,WB.DATA360:DS_DATA360(1.2),I,A,Annual,MUS,Mauritius,ITU_GCI_COOP_SCORE,Cooperative Score - CS (ITU GCI),_T,Total,_T,All age ranges or no breakdown by age,_T,Total,0_TO_20,0-20 scale,_Z,Not Applicable,_Z,Not Applicable,_Z,Not Applicable,2020,19.703049759229536,MEAN,Mean,ITU_GCI,Global Cybersecurity Index,0,Units,IX,Index,602,CCYY,A,Normal value,PU,Public
datastructure,WB.DATA360:DS_DATA360(1.2),I,A,Annual,MEX,Mexico,ITU_GCI_COOP_SCORE,Cooperative Score - CS (ITU GCI),_T,Total,_T,All age ranges or no breakdown by age,_T,Total,0_TO_20,0-20 scale,_Z,Not Applicable,_Z,Not Applicable,_Z,Not Applicable,2020,17.338815567841785,MEAN,Mean,ITU_GCI,Global Cybersecurity Index,0,Units,IX,Index,602,CCYY,A,Normal value,PU,Public
datastructure,WB.DATA360:DS_DATA360(1.2),I,A,Annual,FSM,"Micronesia, Fed. Sts.",ITU_GCI_COOP_SCORE,Cooperative Score - CS (ITU GCI),_T,Total,_T,All age ranges or no breakdown by age,_T,Total,0_TO_20,0-20 scale,_Z,Not Applicable,_Z,Not Applicable,_Z,Not Applicable,2020,0.0,MEAN,Mean,ITU_GCI,Global Cybersecurity Index,0,Units,IX,Index,602,CCYY,A,Normal value,PU,Public
datastructure,WB.DATA360:DS_DATA360(1.2),I,A,Annual,MDA,Moldova,ITU_GCI_COOP_SCORE,Cooperative Score - CS (ITU GCI),_T,Total,_T,All age ranges or no breakdown by age,_T,Total,0_TO_20,0-20 scale,_Z,Not Applicable,_Z,Not Applicable,_Z,Not Applicable,2020,15.88888888888889,MEAN,Mean,ITU_GCI,Global Cybersecurity Index,0,Units,IX,Index,602,CCYY,A,Normal value,PU,Public
datastructure,WB.DATA360:DS_DATA360(1.2),I,A,Annual,MCO,Monaco,ITU_GCI_COOP_SCORE,Cooperative Score - CS (ITU GCI),_T,Total,_T,All age ranges or no breakdown by age,_T,Total,0_TO_20,0-20 scale,_Z,Not Applicable,_Z,Not Applicable,_Z,Not Applicable,2020,17.33888888888889,MEAN,Mean,ITU_GCI,Global Cybersecurity Index,0,Units,IX,Index,602,CCYY,A,Normal value,PU,Public
datastructure,WB.DATA360:DS_DATA360(1.2),I,A,Annual,MNG,Mongolia,ITU_GCI_COOP_SCORE,Cooperative Score - CS (ITU GCI),_T,Total,_T,All age ranges or no breakdown by age,_T,Total,0_TO_20,0-20 scale,_Z,Not Applicable,_Z,Not Applicable,_Z,Not Applicable,2020,6.818706470391865,MEAN,Mean,ITU_GCI,Global Cybersecurity Index,0,Units,IX,Index,602,CCYY,A,Normal value,PU,Public
datastructure,WB.DATA360:DS_DATA360(1.2),I,A,Annual,MNE,Montenegro,ITU_GCI_COOP_SCORE,Cooperative Score - CS (ITU GCI),_T,Total,_T,All age ranges or no breakdown by age,_T,Total,0_TO_20,0-20 scale,_Z,Not Applicable,_Z,Not Applicable,_Z,Not Applicable,2020,15.972410174095568,MEAN,Mean,ITU_GCI,Global Cybersecurity Index,0,Units,IX,Index,602,CCYY,A,Normal value,PU,Public
datastructure,WB.DATA360:DS_DATA360(1.2),I,A,Annual,MAR,Morocco,ITU_GCI_COOP_SCORE,Cooperative Score - CS (ITU GCI),_T,Total,_T,All age ranges or no breakdown by age,_T,Total,0_TO_20,0-20 scale,_Z,Not Applicable,_Z,Not Applicable,_Z,Not Applicable,2020,18.45548223450845,MEAN,Mean,ITU_GCI,Global Cybersecurity Index,0,Units,IX,Index,602,CCYY,A,Normal value,PU,Public
datastructure,WB.DATA360:DS_DATA360(1.2),I,A,Annual,MOZ,Mozambique,ITU_GCI_COOP_SCORE,Cooperative Score - CS (ITU GCI),_T,Total,_T,All age ranges or no breakdown by age,_T,Total,0_TO_20,0-20 scale,_Z,Not Applicable,_Z,Not Applicable,_Z,Not Applicable,2020,0.0,MEAN,Mean,ITU_GCI,Global Cybersecurity Index,0,Units,IX,Index,602,CCYY,A,Normal value,PU,Public
datastructure,WB.DATA360:DS_DATA360(1.2),I,A,Annual,MMR,Myanmar,ITU_GCI_COOP_SCORE,Cooperative Score - CS (ITU GCI),_T,Total,_T,All age ranges or no breakdown by age,_T,Total,0_TO_20,0-20 scale,_Z,Not Applicable,_Z,Not Applicable,_Z,Not Applicable,2020,9.74753086419753,MEAN,Mean,ITU_GCI,Global Cybersecurity Index,0,Units,IX,Index,602,CCYY,A,Normal value,PU,Public
datastructure,WB.DATA360:DS_DATA360(1.2),I,A,Annual,NAM,Namibia,ITU_GCI_COOP_SCORE,Cooperative Score - CS (ITU GCI),_T,Total,_T,All age ranges or no breakdown by age,_T,Total,0_TO_20,0-20 scale,_Z,Not Applicable,_Z,Not Applicable,_Z,Not Applicable,2020,6.296296296296297,MEAN,Mean,ITU_GCI,Global Cybersecurity Index,0,Units,IX,Index,602,CCYY,A,Normal value,PU,Public
datastructure,WB.DATA360:DS_DATA360(1.2),I,A,Annual,NRU,Nauru,ITU_GCI_COOP_SCORE,Cooperative Score - CS (ITU GCI),_T,Total,_T,All age ranges or no breakdown by age,_T,Total,0_TO_20,0-20 scale,_Z,Not Applicable,_Z,Not Applicable,_Z,Not Applicable,2020,8.333333333333334,MEAN,Mean,ITU_GCI,Global Cybersecurity Index,0,Units,IX,Index,602,CCYY,A,Normal value,PU,Public
datastructure,WB.DATA360:DS_DATA360(1.2),I,A,Annual,NPL,Nepal,ITU_GCI_COOP_SCORE,Cooperative Score - CS (ITU GCI),_T,Total,_T,All age ranges or no breakdown by age,_T,Total,0_TO_20,0-20 scale,_Z,Not Applicable,_Z,Not Applicable,_Z,Not Applicable,2020,4.25925925925926,MEAN,Mean,ITU_GCI,Global Cybersecurity Index,0,Units,IX,Index,602,CCYY,A,Normal value,PU,Public
datastructure,WB.DATA360:DS_DATA360(1.2),I,A,Annual,NLD,Netherlands,ITU_GCI_COOP_SCORE,Cooperative Score - CS (ITU GCI),_T,Total,_T,All age ranges or no breakdown by age,_T,Total,0_TO_20,0-20 scale,_Z,Not Applicable,_Z,Not Applicable,_Z,Not Applicable,2020,19.40609951845907,MEAN,Mean,ITU_GCI,Global Cybersecurity Index,0,Units,IX,Index,602,CCYY,A,Normal value,PU,Public
datastructure,WB.DATA360:DS_DATA360(1.2),I,A,Annual,NZL,New Zealand,ITU_GCI_COOP_SCORE,Cooperative Score - CS (ITU GCI),_T,Total,_T,All age ranges or no breakdown by age,_T,Total,0_TO_20,0-20 scale,_Z,Not Applicable,_Z,Not Applicable,_Z,Not Applicable,2020,15.62832174068129,MEAN,Mean,ITU_GCI,Global Cybersecurity Index,0,Units,IX,Index,602,CCYY,A,Normal value,PU,Public
datastructure,WB.DATA360:DS_DATA360(1.2),I,A,Annual,NIC,Nicaragua,ITU_GCI_COOP_SCORE,Cooperative Score - CS (ITU GCI),_T,Total,_T,All age ranges or no breakdown by age,_T,Total,0_TO_20,0-20 scale,_Z,Not Applicable,_Z,Not Applicable,_Z,Not Applicable,2020,4.25925925925926,MEAN,Mean,ITU_GCI,Global Cybersecurity Index,0,Units,IX,Index,602,CCYY,A,Normal value,PU,Public
datastructure,WB.DATA360:DS_DATA360(1.2),I,A,Annual,NER,Niger,ITU_GCI_COOP_SCORE,Cooperative Score - CS (ITU GCI),_T,Total,_T,All age ranges or no breakdown by age,_T,Total,0_TO_20,0-20 scale,_Z,Not Applicable,_Z,Not Applicable,_Z,Not Applicable,2020,4.25925925925926,MEAN,Mean,ITU_GCI,Global Cybersecurity Index,0,Units,IX,Index,602,CCYY,A,Normal value,PU,Public
datastructure,WB.DATA360:DS_DATA360(1.2),I,A,Annual,NGA,Nigeria,ITU_GCI_COOP_SCORE,Cooperative Score - CS (ITU GCI),_T,Total,_T,All age ranges or no breakdown by age,_T,Total,0_TO_20,0-20 scale,_Z,Not Applicable,_Z,Not Applicable,_Z,Not Applicable,2020,16.48356865426154,MEAN,Mean,ITU_GCI,Global Cybersecurity Index,0,Units,IX,Index,602,CCYY,A,Normal value,PU,Public
datastructure,WB.DATA360:DS_DATA360(1.2),I,A,Annual,NOR,Norway,ITU_GCI_COOP_SCORE,Cooperative Score - CS (ITU GCI),_T,Total,_T,All age ranges or no breakdown by age,_T,Total,0_TO_20,0-20 scale,_Z,Not Applicable,_Z,Not Applicable,_Z,Not Applicable,2020,20.0,MEAN,Mean,ITU_GCI,Global Cybersecurity Index,0,Units,IX,Index,602,CCYY,A,Normal value,PU,Public
datastructure,WB.DATA360:DS_DATA360(1.2),I,A,Annual,OMN,Oman,ITU_GCI_COOP_SCORE,Cooperative Score - CS (ITU GCI),_T,Total,_T,All age ranges or no breakdown by age,_T,Total,0_TO_20,0-20 scale,_Z,Not Applicable,_Z,Not Applicable,_Z,Not Applicable,2020,19.40609951845907,MEAN,Mean,ITU_GCI,Global Cybersecurity Index,0,Units,IX,Index,602,CCYY,A,Normal value,PU,Public
datastructure,WB.DATA360:DS_DATA360(1.2),I,A,Annual,PAK,Pakistan,ITU_GCI_COOP_SCORE,Cooperative Score - CS (ITU GCI),_T,Total,_T,All age ranges or no breakdown by age,_T,Total,0_TO_20,0-20 scale,_Z,Not Applicable,_Z,Not Applicable,_Z,Not Applicable,2020,8.382098765432099,MEAN,Mean,ITU_GCI,Global Cybersecurity Index,0,Units,IX,Index,602,CCYY,A,Normal value,PU,Public
datastructure,WB.DATA360:DS_DATA360(1.2),I,A,Annual,PAN,Panama,ITU_GCI_COOP_SCORE,Cooperative Score - CS (ITU GCI),_T,Total,_T,All age ranges or no breakdown by age,_T,Total,0_TO_20,0-20 scale,_Z,Not Applicable,_Z,Not Applicable,_Z,Not Applicable,2020,4.25925925925926,MEAN,Mean,ITU_GCI,Global Cybersecurity Index,0,Units,IX,Index,602,CCYY,A,Normal value,PU,Public
datastructure,WB.DATA360:DS_DATA360(1.2),I,A,Annual,PNG,Papua New Guinea,ITU_GCI_COOP_SCORE,Cooperative Score - CS (ITU GCI),_T,Total,_T,All age ranges or no breakdown by age,_T,Total,0_TO_20,0-20 scale,_Z,Not Applicable,_Z,Not Applicable,_Z,Not Applicable,2020,7.591284703644254,MEAN,Mean,ITU_GCI,Global Cybersecurity Index,0,Units,IX,Index,602,CCYY,A,Normal value,PU,Public
datastructure,WB.DATA360:DS_DATA360(1.2),I,A,Annual,PRY,Paraguay,ITU_GCI_COOP_SCORE,Cooperative Score - CS (ITU GCI),_T,Total,_T,All age ranges or no breakdown by age,_T,Total,0_TO_20,0-20 scale,_Z,Not Applicable,_Z,Not Applicable,_Z,Not Applicable,2020,12.14135802469136,MEAN,Mean,ITU_GCI,Global Cybersecurity Index,0,Units,IX,Index,602,CCYY,A,Normal value,PU,Public
datastructure,WB.DATA360:DS_DATA360(1.2),I,A,Annual,PER,Peru,ITU_GCI_COOP_SCORE,Cooperative Score - CS (ITU GCI),_T,Total,_T,All age ranges or no breakdown by age,_T,Total,0_TO_20,0-20 scale,_Z,Not Applicable,_Z,Not Applicable,_Z,Not Applicable,2020,13.145249680268408,MEAN,Mean,ITU_GCI,Global Cybersecurity Index,0,Units,IX,Index,602,CCYY,A,Normal value,PU,Public
datastructure,WB.DATA360:DS_DATA360(1.2),I,A,Annual,PHL,Philippines,ITU_GCI_COOP_SCORE,Cooperative Score - CS (ITU GCI),_T,Total,_T,All age ranges or no breakdown by age,_T,Total,0_TO_20,0-20 scale,_Z,Not Applicable,_Z,Not Applicable,_Z,Not Applicable,2020,19.40609951845907,MEAN,Mean,ITU_GCI,Global Cybersecurity Index,0,Units,IX,Index,602,CCYY,A,Normal value,PU,Public
datastructure,WB.DATA360:DS_DATA360(1.2),I,A,Annual,POL,Poland,ITU_GCI_COOP_SCORE,Cooperative Score - CS (ITU GCI),_T,Total,_T,All age ranges or no breakdown by age,_T,Total,0_TO_20,0-20 scale,_Z,Not Applicable,_Z,Not Applicable,_Z,Not Applicable,2020,20.0,MEAN,Mean,ITU_GCI,Global Cybersecurity Index,0,Units,IX,Index,602,CCYY,A,Normal value,PU,Public
datastructure,WB.DATA360:DS_DATA360(1.2),I,A,Annual,PRT,Portugal,ITU_GCI_COOP_SCORE,Cooperative Score - CS (ITU GCI),_T,Total,_T,All age ranges or no breakdown by age,_T,Total,0_TO_20,0-20 scale,_Z,Not Applicable,_Z,Not Applicable,_Z,Not Applicable,2020,20.0,MEAN,Mean,ITU_GCI,Global Cybersecurity Index,0,Units,IX,Index,602,CCYY,A,Normal value,PU,Public
datastructure,WB.DATA360:DS_DATA360(1.2),I,A,Annual,QAT,Qatar,ITU_GCI_COOP_SCORE,Cooperative Score - CS (ITU GCI),_T,Total,_T,All age ranges or no breakdown by age,_T,Total,0_TO_20,0-20 scale,_Z,Not Applicable,_Z,Not Applicable,_Z,Not Applicable,2020,19.40609951845907,MEAN,Mean,ITU_GCI,Global Cybersecurity Index,0,Units,IX,Index,602,CCYY,A,Normal value,PU,Public
datastructure,WB.DATA360:DS_DATA360(1.2),I,A,Annual,KOR,"Korea, Rep.",ITU_GCI_COOP_SCORE,Cooperative Score - CS (ITU GCI),_T,Total,_T,All age ranges or no breakdown by age,_T,Total,0_TO_20,0-20 scale,_Z,Not Applicable,_Z,Not Applicable,_Z,Not Applicable,2020,20.0,MEAN,Mean,ITU_GCI,Global Cybersecurity Index,0,Units,IX,Index,602,CCYY,A,Normal value,PU,Public
datastructure,WB.DATA360:DS_DATA360(1.2),I,A,Annual,ROU,Romania,ITU_GCI_COOP_SCORE,Cooperative Score - CS (ITU GCI),_T,Total,_T,All age ranges or no breakdown by age,_T,Total,0_TO_20,0-20 scale,_Z,Not Applicable,_Z,Not Applicable,_Z,Not Applicable,2020,20.0,MEAN,Mean,ITU_GCI,Global Cybersecurity Index,0,Units,IX,Index,602,CCYY,A,Normal value,PU,Public
datastructure,WB.DATA360:DS_DATA360(1.2),I,A,Annual,RUS,Russian Federation,ITU_GCI_COOP_SCORE,Cooperative Score - CS (ITU GCI),_T,Total,_T,All age ranges or no breakdown by age,_T,Total,0_TO_20,0-20 scale,_Z,Not Applicable,_Z,Not Applicable,_Z,Not Applicable,2020,20.0,MEAN,Mean,ITU_GCI,Global Cybersecurity Index,0,Units,IX,Index,602,CCYY,A,Normal value,PU,Public
datastructure,WB.DATA360:DS_DATA360(1.2),I,A,Annual,RWA,Rwanda,ITU_GCI_COOP_SCORE,Cooperative Score - CS (ITU GCI),_T,Total,_T,All age ranges or no breakdown by age,_T,Total,0_TO_20,0-20 scale,_Z,Not Applicable,_Z,Not Applicable,_Z,Not Applicable,2020,13.821604938271603,MEAN,Mean,ITU_GCI,Global Cybersecurity Index,0,Units,IX,Index,602,CCYY,A,Normal value,PU,Public
datastructure,WB.DATA360:DS_DATA360(1.2),I,A,Annual,KNA,St. Kitts and Nevis,ITU_GCI_COOP_SCORE,Cooperative Score - CS (ITU GCI),_T,Total,_T,All age ranges or no breakdown by age,_T,Total,0_TO_20,0-20 scale,_Z,Not Applicable,_Z,Not Applicable,_Z,Not Applicable,2020,4.25925925925926,MEAN,Mean,ITU_GCI,Global Cybersecurity Index,0,Units,IX,Index,602,CCYY,A,Normal value,PU,Public
datastructure,WB.DATA360:DS_DATA360(1.2),I,A,Annual,LCA,St. Lucia,ITU_GCI_COOP_SCORE,Cooperative Score - CS (ITU GCI),_T,Total,_T,All age ranges or no breakdown by age,_T,Total,0_TO_20,0-20 scale,_Z,Not Applicable,_Z,Not Applicable,_Z,Not Applicable,2020,4.25925925925926,MEAN,Mean,ITU_GCI,Global Cybersecurity Index,0,Units,IX,Index,602,CCYY,A,Normal value,PU,Public
datastructure,WB.DATA360:DS_DATA360(1.2),I,A,Annual,VCT,St. Vincent and the Grenadines,ITU_GCI_COOP_SCORE,Cooperative Score - CS (ITU GCI),_T,Total,_T,All age ranges or no breakdown by age,_T,Total,0_TO_20,0-20 scale,_Z,Not Applicable,_Z,Not Applicable,_Z,Not Applicable,2020,0.0,MEAN,Mean,ITU_GCI,Global Cybersecurity Index,0,Units,IX,Index,602,CCYY,A,Normal value,PU,Public
datastructure,WB.DATA360:DS_DATA360(1.2),I,A,Annual,WSM,Samoa,ITU_GCI_COOP_SCORE,Cooperative Score - CS (ITU GCI),_T,Total,_T,All age ranges or no breakdown by age,_T,Total,0_TO_20,0-20 scale,_Z,Not Applicable,_Z,Not Applicable,_Z,Not Applicable,2020,4.074074074074074,MEAN,Mean,ITU_GCI,Global Cybersecurity Index,0,Units,IX,Index,602,CCYY,A,Normal value,PU,Public
datastructure,WB.DATA360:DS_DATA360(1.2),I,A,Annual,SMR,San Marino,ITU_GCI_COOP_SCORE,Cooperative Score - CS (ITU GCI),_T,Total,_T,All age ranges or no breakdown by age,_T,Total,0_TO_20,0-20 scale,_Z,Not Applicable,_Z,Not Applicable,_Z,Not Applicable,2020,8.37037037037037,MEAN,Mean,ITU_GCI,Global Cybersecurity Index,0,Units,IX,Index,602,CCYY,A,Normal value,PU,Public
datastructure,WB.DATA360:DS_DATA360(1.2),I,A,Annual,STP,Sao Tome and Principe,ITU_GCI_COOP_SCORE,Cooperative Score - CS (ITU GCI),_T,Total,_T,All age ranges or no breakdown by age,_T,Total,0_TO_20,0-20 scale,_Z,Not Applicable,_Z,Not Applicable,_Z,Not Applicable,2020,4.25925925925926,MEAN,Mean,ITU_GCI,Global Cybersecurity Index,0,Units,IX,Index,602,CCYY,A,Normal value,PU,Public
datastructure,WB.DATA360:DS_DATA360(1.2),I,A,Annual,SAU,Saudi Arabia,ITU_GCI_COOP_SCORE,Cooperative Score - CS (ITU GCI),_T,Total,_T,All age ranges or no breakdown by age,_T,Total,0_TO_20,0-20 scale,_Z,Not Applicable,_Z,Not Applicable,_Z,Not Applicable,2020,20.0,MEAN,Mean,ITU_GCI,Global Cybersecurity Index,0,Units,IX,Index,602,CCYY,A,Normal value,PU,Public
datastructure,WB.DATA360:DS_DATA360(1.2),I,A,Annual,SEN,Senegal,ITU_GCI_COOP_SCORE,Cooperative Score - CS (ITU GCI),_T,Total,_T,All age ranges or no breakdown by age,_T,Total,0_TO_20,0-20 scale,_Z,Not Applicable,_Z,Not Applicable,_Z,Not Applicable,2020,6.296296296296297,MEAN,Mean,ITU_GCI,Global Cybersecurity Index,0,Units,IX,Index,602,CCYY,A,Normal value,PU,Public
datastructure,WB.DATA360:DS_DATA360(1.2),I,A,Annual,SRB,Serbia,ITU_GCI_COOP_SCORE,Cooperative Score - CS (ITU GCI),_T,Total,_T,All age ranges or no breakdown by age,_T,Total,0_TO_20,0-20 scale,_Z,Not Applicable,_Z,Not Applicable,_Z,Not Applicable,2020,18.378321740681294,MEAN,Mean,ITU_GCI,Global Cybersecurity Index,0,Units,IX,Index,602,CCYY,A,Normal value,PU,Public
datastructure,WB.DATA360:DS_DATA360(1.2),I,A,Annual,SYC,Seychelles,ITU_GCI_COOP_SCORE,Cooperative Score - CS (ITU GCI),_T,Total,_T,All age ranges or no breakdown by age,_T,Total,0_TO_20,0-20 scale,_Z,Not Applicable,_Z,Not Applicable,_Z,Not Applicable,2020,2.8281337888079463,MEAN,Mean,ITU_GCI,Global Cybersecurity Index,0,Units,IX,Index,602,CCYY,A,Normal value,PU,Public
datastructure,WB.DATA360:DS_DATA360(1.2),I,A,Annual,SLE,Sierra Leone,ITU_GCI_COOP_SCORE,Cooperative Score - CS (ITU GCI),_T,Total,_T,All age ranges or no breakdown by age,_T,Total,0_TO_20,0-20 scale,_Z,Not Applicable,_Z,Not Applicable,_Z,Not Applicable,2020,4.25925925925926,MEAN,Mean,ITU_GCI,Global Cybersecurity Index,0,Units,IX,Index,602,CCYY,A,Normal value,PU,Public
datastructure,WB.DATA360:DS_DATA360(1.2),I,A,Annual,SGP,Singapore,ITU_GCI_COOP_SCORE,Cooperative Score - CS (ITU GCI),_T,Total,_T,All age ranges or no breakdown by age,_T,Total,0_TO_20,0-20 scale,_Z,Not Applicable,_Z,Not Applicable,_Z,Not Applicable,2020,20.0,MEAN,Mean,ITU_GCI,Global Cybersecurity Index,0,Units,IX,Index,602,CCYY,A,Normal value,PU,Public
datastructure,WB.DATA360:DS_DATA360(1.2),I,A,Annual,SVK,Slovak Republic,ITU_GCI_COOP_SCORE,Cooperative Score - CS (ITU GCI),_T,Total,_T,All age ranges or no breakdown by age,_T,Total,0_TO_20,0-20 scale,_Z,Not Applicable,_Z,Not Applicable,_Z,Not Applicable,2020,16.22222222222222,MEAN,Mean,ITU_GCI,Global Cybersecurity Index,0,Units,IX,Index,602,CCYY,A,Normal value,PU,Public
datastructure,WB.DATA360:DS_DATA360(1.2),I,A,Annual,SVN,Slovenia,ITU_GCI_COOP_SCORE,Cooperative Score - CS (ITU GCI),_T,Total,_T,All age ranges or no breakdown by age,_T,Total,0_TO_20,0-20 scale,_Z,Not Applicable,_Z,Not Applicable,_Z,Not Applicable,2020,12.11111111111111,MEAN,Mean,ITU_GCI,Global Cybersecurity Index,0,Units,IX,Index,602,CCYY,A,Normal value,PU,Public
datastructure,WB.DATA360:DS_DATA360(1.2),I,A,Annual,SLB,Solomon Islands,ITU_GCI_COOP_SCORE,Cooperative Score - CS (ITU GCI),_T,Total,_T,All age ranges or no breakdown by age,_T,Total,0_TO_20,0-20 scale,_Z,Not Applicable,_Z,Not Applicable,_Z,Not Applicable,2020,4.074074074074074,MEAN,Mean,ITU_GCI,Global Cybersecurity Index,0,Units,IX,Index,602,CCYY,A,Normal value,PU,Public
datastructure,WB.DATA360:DS_DATA360(1.2),I,A,Annual,SOM,Somalia,ITU_GCI_COOP_SCORE,Cooperative Score - CS (ITU GCI),_T,Total,_T,All age ranges or no breakdown by age,_T,Total,0_TO_20,0-20 scale,_Z,Not Applicable,_Z,Not Applicable,_Z,Not Applicable,2020,6.314814814814815,MEAN,Mean,ITU_GCI,Global Cybersecurity Index,0,Units,IX,Index,602,CCYY,A,Normal value,PU,Public
datastructure,WB.DATA360:DS_DATA360(1.2),I,A,Annual,ZAF,South Africa,ITU_GCI_COOP_SCORE,Cooperative Score - CS (ITU GCI),_T,Total,_T,All age ranges or no breakdown by age,_T,Total,0_TO_20,0-20 scale,_Z,Not Applicable,_Z,Not Applicable,_Z,Not Applicable,2020,17.932716049382716,MEAN,Mean,ITU_GCI,Global Cybersecurity Index,0,Units,IX,Index,602,CCYY,A,Normal value,PU,Public
datastructure,WB.DATA360:DS_DATA360(1.2),I,A,Annual,SSD,South Sudan,ITU_GCI_COOP_SCORE,Cooperative Score - CS (ITU GCI),_T,Total,_T,All age ranges or no breakdown by age,_T,Total,0_TO_20,0-20 scale,_Z,Not Applicable,_Z,Not Applicable,_Z,Not Applicable,2020,3.1234567901234565,MEAN,Mean,ITU_GCI,Global Cybersecurity Index,0,Units,IX,Index,602,CCYY,A,Normal value,PU,Public
datastructure,WB.DATA360:DS_DATA360(1.2),I,A,Annual,ESP,Spain,ITU_GCI_COOP_SCORE,Cooperative Score - CS (ITU GCI),_T,Total,_T,All age ranges or no breakdown by age,_T,Total,0_TO_20,0-20 scale,_Z,Not Applicable,_Z,Not Applicable,_Z,Not Applicable,2020,20.0,MEAN,Mean,ITU_GCI,Global Cybersecurity Index,0,Units,IX,Index,602,CCYY,A,Normal value,PU,Public
datastructure,WB.DATA360:DS_DATA360(1.2),I,A,Annual,LKA,Sri Lanka,ITU_GCI_COOP_SCORE,Cooperative Score - CS (ITU GCI),_T,Total,_T,All age ranges or no breakdown by age,_T,Total,0_TO_20,0-20 scale,_Z,Not Applicable,_Z,Not Applicable,_Z,Not Applicable,2020,10.043827160493828,MEAN,Mean,ITU_GCI,Global Cybersecurity Index,0,Units,IX,Index,602,CCYY,A,Normal value,PU,Public
datastructure,WB.DATA360:DS_DATA360(1.2),I,A,Annual,PSE,West Bank and Gaza,ITU_GCI_COOP_SCORE,Cooperative Score - CS (ITU GCI),_T,Total,_T,All age ranges or no breakdown by age,_T,Total,0_TO_20,0-20 scale,_Z,Not Applicable,_Z,Not Applicable,_Z,Not Applicable,2020,0.0,MEAN,Mean,ITU_GCI,Global Cybersecurity Index,0,Units,IX,Index,602,CCYY,A,Normal value,PU,Public
datastructure,WB.DATA360:DS_DATA360(1.2),I,A,Annual,SDN,Sudan,ITU_GCI_COOP_SCORE,Cooperative Score - CS (ITU GCI),_T,Total,_T,All age ranges or no breakdown by age,_T,Total,0_TO_20,0-20 scale,_Z,Not Applicable,_Z,Not Applicable,_Z,Not Applicable,2020,0.0,MEAN,Mean,ITU_GCI,Global Cybersecurity Index,0,Units,IX,Index,602,CCYY,A,Normal value,PU,Public
datastructure,WB.DATA360:DS_DATA360(1.2),I,A,Annual,SUR,Suriname,ITU_GCI_COOP_SCORE,Cooperative Score - CS (ITU GCI),_T,Total,_T,All age ranges or no breakdown by age,_T,Total,0_TO_20,0-20 scale,_Z,Not Applicable,_Z,Not Applicable,_Z,Not Applicable,2020,4.25925925925926,MEAN,Mean,ITU_GCI,Global Cybersecurity Index,0,Units,IX,Index,602,CCYY,A,Normal value,PU,Public
datastructure,WB.DATA360:DS_DATA360(1.2),I,A,Annual,SWE,Sweden,ITU_GCI_COOP_SCORE,Cooperative Score - CS (ITU GCI),_T,Total,_T,All age ranges or no breakdown by age,_T,Total,0_TO_20,0-20 scale,_Z,Not Applicable,_Z,Not Applicable,_Z,Not Applicable,2020,17.695605691298574,MEAN,Mean,ITU_GCI,Global Cybersecurity Index,0,Units,IX,Index,602,CCYY,A,Normal value,PU,Public
datastructure,WB.DATA360:DS_DATA360(1.2),I,A,Annual,CHE,Switzerland,ITU_GCI_COOP_SCORE,Cooperative Score - CS (ITU GCI),_T,Total,_T,All age ranges or no breakdown by age,_T,Total,0_TO_20,0-20 scale,_Z,Not Applicable,_Z,Not Applicable,_Z,Not Applicable,2020,19.40609951845907,MEAN,Mean,ITU_GCI,Global Cybersecurity Index,0,Units,IX,Index,602,CCYY,A,Normal value,PU,Public
datastructure,WB.DATA360:DS_DATA360(1.2),I,A,Annual,SYR,Syrian Arab Republic,ITU_GCI_COOP_SCORE,Cooperative Score - CS (ITU GCI),_T,Total,_T,All age ranges or no breakdown by age,_T,Total,0_TO_20,0-20 scale,_Z,Not Applicable,_Z,Not Applicable,_Z,Not Applicable,2020,0.0,MEAN,Mean,ITU_GCI,Global Cybersecurity Index,0,Units,IX,Index,602,CCYY,A,Normal value,PU,Public
datastructure,WB.DATA360:DS_DATA360(1.2),I,A,Annual,TJK,Tajikistan,ITU_GCI_COOP_SCORE,Cooperative Score - CS (ITU GCI),_T,Total,_T,All age ranges or no breakdown by age,_T,Total,0_TO_20,0-20 scale,_Z,Not Applicable,_Z,Not Applicable,_Z,Not Applicable,2020,0.0,MEAN,Mean,ITU_GCI,Global Cybersecurity Index,0,Units,IX,Index,602,CCYY,A,Normal value,PU,Public
datastructure,WB.DATA360:DS_DATA360(1.2),I,A,Annual,TZA,Tanzania,ITU_GCI_COOP_SCORE,Cooperative Score - CS (ITU GCI),_T,Total,_T,All age ranges or no breakdown by age,_T,Total,0_TO_20,0-20 scale,_Z,Not Applicable,_Z,Not Applicable,_Z,Not Applicable,2020,19.40609951845907,MEAN,Mean,ITU_GCI,Global Cybersecurity Index,0,Units,IX,Index,602,CCYY,A,Normal value,PU,Public
datastructure,WB.DATA360:DS_DATA360(1.2),I,A,Annual,THA,Thailand,ITU_GCI_COOP_SCORE,Cooperative Score - CS (ITU GCI),_T,Total,_T,All age ranges or no breakdown by age,_T,Total,0_TO_20,0-20 scale,_Z,Not Applicable,_Z,Not Applicable,_Z,Not Applicable,2020,17.338815567841785,MEAN,Mean,ITU_GCI,Global Cybersecurity Index,0,Units,IX,Index,602,CCYY,A,Normal value,PU,Public
datastructure,WB.DATA360:DS_DATA360(1.2),I,A,Annual,MKD,North Macedonia,ITU_GCI_COOP_SCORE,Cooperative Score - CS (ITU GCI),_T,Total,_T,All age ranges or no breakdown by age,_T,Total,0_TO_20,0-20 scale,_Z,Not Applicable,_Z,Not Applicable,_Z,Not Applicable,2020,20.0,MEAN,Mean,ITU_GCI,Global Cybersecurity Index,0,Units,IX,Index,602,CCYY,A,Normal value,PU,Public
datastructure,WB.DATA360:DS_DATA360(1.2),I,A,Annual,TLS,Timor-Leste,ITU_GCI_COOP_SCORE,Cooperative Score - CS (ITU GCI),_T,Total,_T,All age ranges or no breakdown by age,_T,Total,0_TO_20,0-20 scale,_Z,Not Applicable,_Z,Not Applicable,_Z,Not Applicable,2020,4.25925925925926,MEAN,Mean,ITU_GCI,Global Cybersecurity Index,0,Units,IX,Index,602,CCYY,A,Normal value,PU,Public
datastructure,WB.DATA360:DS_DATA360(1.2),I,A,Annual,TGO,Togo,ITU_GCI_COOP_SCORE,Cooperative Score - CS (ITU GCI),_T,Total,_T,All age ranges or no breakdown by age,_T,Total,0_TO_20,0-20 scale,_Z,Not Applicable,_Z,Not Applicable,_Z,Not Applicable,2020,5.488271604938271,MEAN,Mean,ITU_GCI,Global Cybersecurity Index,0,Units,IX,Index,602,CCYY,A,Normal value,PU,Public
datastructure,WB.DATA360:DS_DATA360(1.2),I,A,Annual,TON,Tonga,ITU_GCI_COOP_SCORE,Cooperative Score - CS (ITU GCI),_T,Total,_T,All age ranges or no breakdown by age,_T,Total,0_TO_20,0-20 scale,_Z,Not Applicable,_Z,Not Applicable,_Z,Not Applicable,2020,11.850543962903512,MEAN,Mean,ITU_GCI,Global Cybersecurity Index,0,Units,IX,Index,602,CCYY,A,Normal value,PU,Public
datastructure,WB.DATA360:DS_DATA360(1.2),I,A,Annual,TTO,Trinidad and Tobago,ITU_GCI_COOP_SCORE,Cooperative Score - CS (ITU GCI),_T,Total,_T,All age ranges or no breakdown by age,_T,Total,0_TO_20,0-20 scale,_Z,Not Applicable,_Z,Not Applicable,_Z,Not Applicable,2020,0.0,MEAN,Mean,ITU_GCI,Global Cybersecurity Index,0,Units,IX,Index,602,CCYY,A,Normal value,PU,Public
datastructure,WB.DATA360:DS_DATA360(1.2),I,A,Annual,TUN,Tunisia,ITU_GCI_COOP_SCORE,Cooperative Score - CS (ITU GCI),_T,Total,_T,All age ranges or no breakdown by age,_T,Total,0_TO_20,0-20 scale,_Z,Not Applicable,_Z,Not Applicable,_Z,Not Applicable,2020,17.51721062957018,MEAN,Mean,ITU_GCI,Global Cybersecurity Index,0,Units,IX,Index,602,CCYY,A,Normal value,PU,Public
datastructure,WB.DATA360:DS_DATA360(1.2),I,A,Annual,TUR,Turkiye,ITU_GCI_COOP_SCORE,Cooperative Score - CS (ITU GCI),_T,Total,_T,All age ranges or no breakdown by age,_T,Total,0_TO_20,0-20 scale,_Z,Not Applicable,_Z,Not Applicable,_Z,Not Applicable,2020,20.0,MEAN,Mean,ITU_GCI,Global Cybersecurity Index,0,Units,IX,Index,602,CCYY,A,Normal value,PU,Public
datastructure,WB.DATA360:DS_DATA360(1.2),I,A,Annual,TKM,Turkmenistan,ITU_GCI_COOP_SCORE,Cooperative Score - CS (ITU GCI),_T,Total,_T,All age ranges or no breakdown by age,_T,Total,0_TO_20,0-20 scale,_Z,Not Applicable,_Z,Not Applicable,_Z,Not Applicable,2020,4.25925925925926,MEAN,Mean,ITU_GCI,Global Cybersecurity Index,0,Units,IX,Index,602,CCYY,A,Normal value,PU,Public
datastructure,WB.DATA360:DS_DATA360(1.2),I,A,Annual,TUV,Tuvalu,ITU_GCI_COOP_SCORE,Cooperative Score - CS (ITU GCI),_T,Total,_T,All age ranges or no breakdown by age,_T,Total,0_TO_20,0-20 scale,_Z,Not Applicable,_Z,Not Applicable,_Z,Not Applicable,2020,4.074074074074074,MEAN,Mean,ITU_GCI,Global Cybersecurity Index,0,Units,IX,Index,602,CCYY,A,Normal value,PU,Public
datastructure,WB.DATA360:DS_DATA360(1.2),I,A,Annual,UGA,Uganda,ITU_GCI_COOP_SCORE,Cooperative Score - CS (ITU GCI),_T,Total,_T,All age ranges or no breakdown by age,_T,Total,0_TO_20,0-20 scale,_Z,Not Applicable,_Z,Not Applicable,_Z,Not Applicable,2020,15.62832174068129,MEAN,Mean,ITU_GCI,Global Cybersecurity Index,0,Units,IX,Index,602,CCYY,A,Normal value,PU,Public
datastructure,WB.DATA360:DS_DATA360(1.2),I,A,Annual,UKR,Ukraine,ITU_GCI_COOP_SCORE,Cooperative Score - CS (ITU GCI),_T,Total,_T,All age ranges or no breakdown by age,_T,Total,0_TO_20,0-20 scale,_Z,Not Applicable,_Z,Not Applicable,_Z,Not Applicable,2020,12.870987654320988,MEAN,Mean,ITU_GCI,Global Cybersecurity Index,0,Units,IX,Index,602,CCYY,A,Normal value,PU,Public
datastructure,WB.DATA360:DS_DATA360(1.2),I,A,Annual,ARE,United Arab Emirates,ITU_GCI_COOP_SCORE,Cooperative Score - CS (ITU GCI),_T,Total,_T,All age ranges or no breakdown by age,_T,Total,0_TO_20,0-20 scale,_Z,Not Applicable,_Z,Not Applicable,_Z,Not Applicable,2020,20.0,MEAN,Mean,ITU_GCI,Global Cybersecurity Index,0,Units,IX,Index,602,CCYY,A,Normal value,PU,Public
datastructure,WB.DATA360:DS_DATA360(1.2),I,A,Annual,GBR,United Kingdom,ITU_GCI_COOP_SCORE,Cooperative Score - CS (ITU GCI),_T,Total,_T,All age ranges or no breakdown by age,_T,Total,0_TO_20,0-20 scale,_Z,Not Applicable,_Z,Not Applicable,_Z,Not Applicable,2020,20.0,MEAN,Mean,ITU_GCI,Global Cybersecurity Index,0,Units,IX,Index,602,CCYY,A,Normal value,PU,Public
datastructure,WB.DATA360:DS_DATA360(1.2),I,A,Annual,USA,United States,ITU_GCI_COOP_SCORE,Cooperative Score - CS (ITU GCI),_T,Total,_T,All age ranges or no breakdown by age,_T,Total,0_TO_20,0-20 scale,_Z,Not Applicable,_Z,Not Applicable,_Z,Not Applicable,2020,20.0,MEAN,Mean,ITU_GCI,Global Cybersecurity Index,0,Units,IX,Index,602,CCYY,A,Normal value,PU,Public
datastructure,WB.DATA360:DS_DATA360(1.2),I,A,Annual,URY,Uruguay,ITU_GCI_COOP_SCORE,Cooperative Score - CS (ITU GCI),_T,Total,_T,All age ranges or no breakdown by age,_T,Total,0_TO_20,0-20 scale,_Z,Not Applicable,_Z,Not Applicable,_Z,Not Applicable,2020,11.814814814814817,MEAN,Mean,ITU_GCI,Global Cybersecurity Index,0,Units,IX,Index,602,CCYY,A,Normal value,PU,Public
datastructure,WB.DATA360:DS_DATA360(1.2),I,A,Annual,UZB,Uzbekistan,ITU_GCI_COOP_SCORE,Cooperative Score - CS (ITU GCI),_T,Total,_T,All age ranges or no breakdown by age,_T,Total,0_TO_20,0-20 scale,_Z,Not Applicable,_Z,Not Applicable,_Z,Not Applicable,2020,13.561037790064008,MEAN,Mean,ITU_GCI,Global Cybersecurity Index,0,Units,IX,Index,602,CCYY,A,Normal value,PU,Public
datastructure,WB.DATA360:DS_DATA360(1.2),I,A,Annual,VUT,Vanuatu,ITU_GCI_COOP_SCORE,Cooperative Score - CS (ITU GCI),_T,Total,_T,All age ranges or no breakdown by age,_T,Total,0_TO_20,0-20 scale,_Z,Not Applicable,_Z,Not Applicable,_Z,Not Applicable,2020,4.074074074074074,MEAN,Mean,ITU_GCI,Global Cybersecurity Index,0,Units,IX,Index,602,CCYY,A,Normal value,PU,Public
datastructure,WB.DATA360:DS_DATA360(1.2),I,A,Annual,VAT,Holy See (Vatican City State),ITU_GCI_COOP_SCORE,Cooperative Score - CS (ITU GCI),_T,Total,_T,All age ranges or no breakdown by age,_T,Total,0_TO_20,0-20 scale,_Z,Not Applicable,_Z,Not Applicable,_Z,Not Applicable,2020,0.0,MEAN,Mean,ITU_GCI,Global Cybersecurity Index,0,Units,IX,Index,602,CCYY,A,Normal value,PU,Public
datastructure,WB.DATA360:DS_DATA360(1.2),I,A,Annual,VEN,"Venezuela, RB",ITU_GCI_COOP_SCORE,Cooperative Score - CS (ITU GCI),_T,Total,_T,All age ranges or no breakdown by age,_T,Total,0_TO_20,0-20 scale,_Z,Not Applicable,_Z,Not Applicable,_Z,Not Applicable,2020,0.0,MEAN,Mean,ITU_GCI,Global Cybersecurity Index,0,Units,IX,Index,602,CCYY,A,Normal value,PU,Public
datastructure,WB.DATA360:DS_DATA360(1.2),I,A,Annual,VNM,Viet Nam,ITU_GCI_COOP_SCORE,Cooperative Score - CS (ITU GCI),_T,Total,_T,All age ranges or no breakdown by age,_T,Total,0_TO_20,0-20 scale,_Z,Not Applicable,_Z,Not Applicable,_Z,Not Applicable,2020,20.0,MEAN,Mean,ITU_GCI,Global Cybersecurity Index,0,Units,IX,Index,602,CCYY,A,Normal value,PU,Public
datastructure,WB.DATA360:DS_DATA360(1.2),I,A,Annual,YEM,"Yemen, Rep.",ITU_GCI_COOP_SCORE,Cooperative Score - CS (ITU GCI),_T,Total,_T,All age ranges or no breakdown by age,_T,Total,0_TO_20,0-20 scale,_Z,Not Applicable,_Z,Not Applicable,_Z,Not Applicable,2020,0.0,MEAN,Mean,ITU_GCI,Global Cybersecurity Index,0,Units,IX,Index,602,CCYY,A,Normal value,PU,Public
datastructure,WB.DATA360:DS_DATA360(1.2),I,A,Annual,ZMB,Zambia,ITU_GCI_COOP_SCORE,Cooperative Score - CS (ITU GCI),_T,Total,_T,All age ranges or no breakdown by age,_T,Total,0_TO_20,0-20 scale,_Z,Not Applicable,_Z,Not Applicable,_Z,Not Applicable,2020,11.12283950617284,MEAN,Mean,ITU_GCI,Global Cybersecurity Index,0,Units,IX,Index,602,CCYY,A,Normal value,PU,Public
datastructure,WB.DATA360:DS_DATA360(1.2),I,A,Annual,ZWE,Zimbabwe,ITU_GCI_COOP_SCORE,Cooperative Score - CS (ITU GCI),_T,Total,_T,All age ranges or no breakdown by age,_T,Total,0_TO_20,0-20 scale,_Z,Not Applicable,_Z,Not Applicable,_Z,Not Applicable,2020,10.400617283950616,MEAN,Mean,ITU_GCI,Global Cybersecurity Index,0,Units,IX,Index,602,CCYY,A,Normal value,PU,Public
datastructure,WB.DATA360:DS_DATA360(1.2),I,A,Annual,AFG,Afghanistan,ITU_GCI_COOP_SCORE,Cooperative Score - CS (ITU GCI),_T,Total,_T,All age ranges or no breakdown by age,_T,Total,0_TO_20,0-20 scale,_Z,Not Applicable,_Z,Not Applicable,_Z,Not Applicable,2024,0.0,MEAN,Mean,ITU_GCI,Global Cybersecurity Index,0,Units,IX,Index,602,CCYY,A,Normal value,PU,Public
datastructure,WB.DATA360:DS_DATA360(1.2),I,A,Annual,ALB,Albania,ITU_GCI_COOP_SCORE,Cooperative Score - CS (ITU GCI),_T,Total,_T,All age ranges or no breakdown by age,_T,Total,0_TO_20,0-20 scale,_Z,Not Applicable,_Z,Not Applicable,_Z,Not Applicable,2024,16.58461017586758,MEAN,Mean,ITU_GCI,Global Cybersecurity Index,0,Units,IX,Index,602,CCYY,A,Normal value,PU,Public
datastructure,WB.DATA360:DS_DATA360(1.2),I,A,Annual,DZA,Algeria,ITU_GCI_COOP_SCORE,Cooperative Score - CS (ITU GCI),_T,Total,_T,All age ranges or no breakdown by age,_T,Total,0_TO_20,0-20 scale,_Z,Not Applicable,_Z,Not Applicable,_Z,Not Applicable,2024,13.192299096582182,MEAN,Mean,ITU_GCI,Global Cybersecurity Index,0,Units,IX,Index,602,CCYY,A,Normal value,PU,Public
datastructure,WB.DATA360:DS_DATA360(1.2),I,A,Annual,AND,Andorra,ITU_GCI_COOP_SCORE,Cooperative Score - CS (ITU GCI),_T,Total,_T,All age ranges or no breakdown by age,_T,Total,0_TO_20,0-20 scale,_Z,Not Applicable,_Z,Not Applicable,_Z,Not Applicable,2024,17.695837487068562,MEAN,Mean,ITU_GCI,Global Cybersecurity Index,0,Units,IX,Index,602,CCYY,A,Normal value,PU,Public
datastructure,WB.DATA360:DS_DATA360(1.2),I,A,Annual,AGO,Angola,ITU_GCI_COOP_SCORE,Cooperative Score - CS (ITU GCI),_T,Total,_T,All age ranges or no breakdown by age,_T,Total,0_TO_20,0-20 scale,_Z,Not Applicable,_Z,Not Applicable,_Z,Not Applicable,2024,15.3302172481896,MEAN,Mean,ITU_GCI,Global Cybersecurity Index,0,Units,IX,Index,602,CCYY,A,Normal value,PU,Public
datastructure,WB.DATA360:DS_DATA360(1.2),I,A,Annual,ATG,Antigua and Barbuda,ITU_GCI_COOP_SCORE,Cooperative Score - CS (ITU GCI),_T,Total,_T,All age ranges or no breakdown by age,_T,Total,0_TO_20,0-20 scale,_Z,Not Applicable,_Z,Not Applicable,_Z,Not Applicable,2024,3.993943383805136,MEAN,Mean,ITU_GCI,Global Cybersecurity Index,0,Units,IX,Index,602,CCYY,A,Normal value,PU,Public
datastructure,WB.DATA360:DS_DATA360(1.2),I,A,Annual,ARG,Argentina,ITU_GCI_COOP_SCORE,Cooperative Score - CS (ITU GCI),_T,Total,_T,All age ranges or no breakdown by age,_T,Total,0_TO_20,0-20 scale,_Z,Not Applicable,_Z,Not Applicable,_Z,Not Applicable,2024,8.41298330668673,MEAN,Mean,ITU_GCI,Global Cybersecurity Index,0,Units,IX,Index,602,CCYY,A,Normal value,PU,Public
datastructure,WB.DATA360:DS_DATA360(1.2),I,A,Annual,ARM,Armenia,ITU_GCI_COOP_SCORE,Cooperative Score - CS (ITU GCI),_T,Total,_T,All age ranges or no breakdown by age,_T,Total,0_TO_20,0-20 scale,_Z,Not Applicable,_Z,Not Applicable,_Z,Not Applicable,2024,14.740933744004517,MEAN,Mean,ITU_GCI,Global Cybersecurity Index,0,Units,IX,Index,602,CCYY,A,Normal value,PU,Public
datastructure,WB.DATA360:DS_DATA360(1.2),I,A,Annual,AUS,Australia,ITU_GCI_COOP_SCORE,Cooperative Score - CS (ITU GCI),_T,Total,_T,All age ranges or no breakdown by age,_T,Total,0_TO_20,0-20 scale,_Z,Not Applicable,_Z,Not Applicable,_Z,Not Applicable,2024,18.847918743534283,MEAN,Mean,ITU_GCI,Global Cybersecurity Index,0,Units,IX,Index,602,CCYY,A,Normal value,PU,Public
datastructure,WB.DATA360:DS_DATA360(1.2),I,A,Annual,AUT,Austria,ITU_GCI_COOP_SCORE,Cooperative Score - CS (ITU GCI),_T,Total,_T,All age ranges or no breakdown by age,_T,Total,0_TO_20,0-20 scale,_Z,Not Applicable,_Z,Not Applicable,_Z,Not Applicable,2024,16.590739349195903,MEAN,Mean,ITU_GCI,Global Cybersecurity Index,0,Units,IX,Index,602,CCYY,A,Normal value,PU,Public
datastructure,WB.DATA360:DS_DATA360(1.2),I,A,Annual,AZE,Azerbaijan,ITU_GCI_COOP_SCORE,Cooperative Score - CS (ITU GCI),_T,Total,_T,All age ranges or no breakdown by age,_T,Total,0_TO_20,0-20 scale,_Z,Not Applicable,_Z,Not Applicable,_Z,Not Applicable,2024,20.0,MEAN,Mean,ITU_GCI,Global Cybersecurity Index,0,Units,IX,Index,602,CCYY,A,Normal value,PU,Public
datastructure,WB.DATA360:DS_DATA360(1.2),I,A,Annual,BHS,"Bahamas, The",ITU_GCI_COOP_SCORE,Cooperative Score - CS (ITU GCI),_T,Total,_T,All age ranges or no breakdown by age,_T,Total,0_TO_20,0-20 scale,_Z,Not Applicable,_Z,Not Applicable,_Z,Not Applicable,2024,7.974399949939654,MEAN,Mean,ITU_GCI,Global Cybersecurity Index,0,Units,IX,Index,602,CCYY,A,Normal value,PU,Public
datastructure,WB.DATA360:DS_DATA360(1.2),I,A,Annual,BHR,Bahrain,ITU_GCI_COOP_SCORE,Cooperative Score - CS (ITU GCI),_T,Total,_T,All age ranges or no breakdown by age,_T,Total,0_TO_20,0-20 scale,_Z,Not Applicable,_Z,Not Applicable,_Z,Not Applicable,2024,17.938126728110603,MEAN,Mean,ITU_GCI,Global Cybersecurity Index,0,Units,IX,Index,602,CCYY,A,Normal value,PU,Public
datastructure,WB.DATA360:DS_DATA360(1.2),I,A,Annual,BGD,Bangladesh,ITU_GCI_COOP_SCORE,Cooperative Score - CS (ITU GCI),_T,Total,_T,All age ranges or no breakdown by age,_T,Total,0_TO_20,0-20 scale,_Z,Not Applicable,_Z,Not Applicable,_Z,Not Applicable,2024,20.0,MEAN,Mean,ITU_GCI,Global Cybersecurity Index,0,Units,IX,Index,602,CCYY,A,Normal value,PU,Public
datastructure,WB.DATA360:DS_DATA360(1.2),I,A,Annual,BRB,Barbados,ITU_GCI_COOP_SCORE,Cooperative Score - CS (ITU GCI),_T,Total,_T,All age ranges or no breakdown by age,_T,Total,0_TO_20,0-20 scale,_Z,Not Applicable,_Z,Not Applicable,_Z,Not Applicable,2024,7.974399949939654,MEAN,Mean,ITU_GCI,Global Cybersecurity Index,0,Units,IX,Index,602,CCYY,A,Normal value,PU,Public
datastructure,WB.DATA360:DS_DATA360(1.2),I,A,Annual,BLR,Belarus,ITU_GCI_COOP_SCORE,Cooperative Score - CS (ITU GCI),_T,Total,_T,All age ranges or no breakdown by age,_T,Total,0_TO_20,0-20 scale,_Z,Not Applicable,_Z,Not Applicable,_Z,Not Applicable,2024,19.105048732033136,MEAN,Mean,ITU_GCI,Global Cybersecurity Index,0,Units,IX,Index,602,CCYY,A,Normal value,PU,Public
datastructure,WB.DATA360:DS_DATA360(1.2),I,A,Annual,BEL,Belgium,ITU_GCI_COOP_SCORE,Cooperative Score - CS (ITU GCI),_T,Total,_T,All age ranges or no breakdown by age,_T,Total,0_TO_20,0-20 scale,_Z,Not Applicable,_Z,Not Applicable,_Z,Not Applicable,2024,20.0,MEAN,Mean,ITU_GCI,Global Cybersecurity Index,0,Units,IX,Index,602,CCYY,A,Normal value,PU,Public
datastructure,WB.DATA360:DS_DATA360(1.2),I,A,Annual,BLZ,Belize,ITU_GCI_COOP_SCORE,Cooperative Score - CS (ITU GCI),_T,Total,_T,All age ranges or no breakdown by age,_T,Total,0_TO_20,0-20 scale,_Z,Not Applicable,_Z,Not Applicable,_Z,Not Applicable,2024,5.837619815668203,MEAN,Mean,ITU_GCI,Global Cybersecurity Index,0,Units,IX,Index,602,CCYY,A,Normal value,PU,Public
datastructure,WB.DATA360:DS_DATA360(1.2),I,A,Annual,BEN,Benin,ITU_GCI_COOP_SCORE,Cooperative Score - CS (ITU GCI),_T,Total,_T,All age ranges or no breakdown by age,_T,Total,0_TO_20,0-20 scale,_Z,Not Applicable,_Z,Not Applicable,_Z,Not Applicable,2024,14.280447662936142,MEAN,Mean,ITU_GCI,Global Cybersecurity Index,0,Units,IX,Index,602,CCYY,A,Normal value,PU,Public
datastructure,WB.DATA360:DS_DATA360(1.2),I,A,Annual,BTN,Bhutan,ITU_GCI_COOP_SCORE,Cooperative Score - CS (ITU GCI),_T,Total,_T,All age ranges or no breakdown by age,_T,Total,0_TO_20,0-20 scale,_Z,Not Applicable,_Z,Not Applicable,_Z,Not Applicable,2024,7.14786043449638,MEAN,Mean,ITU_GCI,Global Cybersecurity Index,0,Units,IX,Index,602,CCYY,A,Normal value,PU,Public
datastructure,WB.DATA360:DS_DATA360(1.2),I,A,Annual,BOL,Bolivia,ITU_GCI_COOP_SCORE,Cooperative Score - CS (ITU GCI),_T,Total,_T,All age ranges or no breakdown by age,_T,Total,0_TO_20,0-20 scale,_Z,Not Applicable,_Z,Not Applicable,_Z,Not Applicable,2024,10.231579344278035,MEAN,Mean,ITU_GCI,Global Cybersecurity Index,0,Units,IX,Index,602,CCYY,A,Normal value,PU,Public
datastructure,WB.DATA360:DS_DATA360(1.2),I,A,Annual,BIH,Bosnia and Herzegovina,ITU_GCI_COOP_SCORE,Cooperative Score - CS (ITU GCI),_T,Total,_T,All age ranges or no breakdown by age,_T,Total,0_TO_20,0-20 scale,_Z,Not Applicable,_Z,Not Applicable,_Z,Not Applicable,2024,8.602633311389072,MEAN,Mean,ITU_GCI,Global Cybersecurity Index,0,Units,IX,Index,602,CCYY,A,Normal value,PU,Public
datastructure,WB.DATA360:DS_DATA360(1.2),I,A,Annual,BWA,Botswana,ITU_GCI_COOP_SCORE,Cooperative Score - CS (ITU GCI),_T,Total,_T,All age ranges or no breakdown by age,_T,Total,0_TO_20,0-20 scale,_Z,Not Applicable,_Z,Not Applicable,_Z,Not Applicable,2024,14.108492429229756,MEAN,Mean,ITU_GCI,Global Cybersecurity Index,0,Units,IX,Index,602,CCYY,A,Normal value,PU,Public
datastructure,WB.DATA360:DS_DATA360(1.2),I,A,Annual,BRA,Brazil,ITU_GCI_COOP_SCORE,Cooperative Score - CS (ITU GCI),_T,Total,_T,All age ranges or no breakdown by age,_T,Total,0_TO_20,0-20 scale,_Z,Not Applicable,_Z,Not Applicable,_Z,Not Applicable,2024,20.0,MEAN,Mean,ITU_GCI,Global Cybersecurity Index,0,Units,IX,Index,602,CCYY,A,Normal value,PU,Public
datastructure,WB.DATA360:DS_DATA360(1.2),I,A,Annual,BRN,Brunei Darussalam,ITU_GCI_COOP_SCORE,Cooperative Score - CS (ITU GCI),_T,Total,_T,All age ranges or no breakdown by age,_T,Total,0_TO_20,0-20 scale,_Z,Not Applicable,_Z,Not Applicable,_Z,Not Applicable,2024,16.1799717859494,MEAN,Mean,ITU_GCI,Global Cybersecurity Index,0,Units,IX,Index,602,CCYY,A,Normal value,PU,Public
datastructure,WB.DATA360:DS_DATA360(1.2),I,A,Annual,BGR,Bulgaria,ITU_GCI_COOP_SCORE,Cooperative Score - CS (ITU GCI),_T,Total,_T,All age ranges or no breakdown by age,_T,Total,0_TO_20,0-20 scale,_Z,Not Applicable,_Z,Not Applicable,_Z,Not Applicable,2024,11.1265306122449,MEAN,Mean,ITU_GCI,Global Cybersecurity Index,0,Units,IX,Index,602,CCYY,A,Normal value,PU,Public
datastructure,WB.DATA360:DS_DATA360(1.2),I,A,Annual,BFA,Burkina Faso,ITU_GCI_COOP_SCORE,Cooperative Score - CS (ITU GCI),_T,Total,_T,All age ranges or no breakdown by age,_T,Total,0_TO_20,0-20 scale,_Z,Not Applicable,_Z,Not Applicable,_Z,Not Applicable,2024,16.58461017586758,MEAN,Mean,ITU_GCI,Global Cybersecurity Index,0,Units,IX,Index,602,CCYY,A,Normal value,PU,Public
datastructure,WB.DATA360:DS_DATA360(1.2),I,A,Annual,BDI,Burundi,ITU_GCI_COOP_SCORE,Cooperative Score - CS (ITU GCI),_T,Total,_T,All age ranges or no breakdown by age,_T,Total,0_TO_20,0-20 scale,_Z,Not Applicable,_Z,Not Applicable,_Z,Not Applicable,2024,5.837619815668203,MEAN,Mean,ITU_GCI,Global Cybersecurity Index,0,Units,IX,Index,602,CCYY,A,Normal value,PU,Public
datastructure,WB.DATA360:DS_DATA360(1.2),I,A,Annual,CPV,Cabo Verde,ITU_GCI_COOP_SCORE,Cooperative Score - CS (ITU GCI),_T,Total,_T,All age ranges or no breakdown by age,_T,Total,0_TO_20,0-20 scale,_Z,Not Applicable,_Z,Not Applicable,_Z,Not Applicable,2024,12.023268268597764,MEAN,Mean,ITU_GCI,Global Cybersecurity Index,0,Units,IX,Index,602,CCYY,A,Normal value,PU,Public
datastructure,WB.DATA360:DS_DATA360(1.2),I,A,Annual,KHM,Cambodia,ITU_GCI_COOP_SCORE,Cooperative Score - CS (ITU GCI),_T,Total,_T,All age ranges or no breakdown by age,_T,Total,0_TO_20,0-20 scale,_Z,Not Applicable,_Z,Not Applicable,_Z,Not Applicable,2024,6.218385615536538,MEAN,Mean,ITU_GCI,Global Cybersecurity Index,0,Units,IX,Index,602,CCYY,A,Normal value,PU,Public
datastructure,WB.DATA360:DS_DATA360(1.2),I,A,Annual,CMR,Cameroon,ITU_GCI_COOP_SCORE,Cooperative Score - CS (ITU GCI),_T,Total,_T,All age ranges or no breakdown by age,_T,Total,0_TO_20,0-20 scale,_Z,Not Applicable,_Z,Not Applicable,_Z,Not Applicable,2024,14.327430781529202,MEAN,Mean,ITU_GCI,Global Cybersecurity Index,0,Units,IX,Index,602,CCYY,A,Normal value,PU,Public
datastructure,WB.DATA360:DS_DATA360(1.2),I,A,Annual,CAN,Canada,ITU_GCI_COOP_SCORE,Cooperative Score - CS (ITU GCI),_T,Total,_T,All age ranges or no breakdown by age,_T,Total,0_TO_20,0-20 scale,_Z,Not Applicable,_Z,Not Applicable,_Z,Not Applicable,2024,20.0,MEAN,Mean,ITU_GCI,Global Cybersecurity Index,0,Units,IX,Index,602,CCYY,A,Normal value,PU,Public
datastructure,WB.DATA360:DS_DATA360(1.2),I,A,Annual,CAF,Central African Republic,ITU_GCI_COOP_SCORE,Cooperative Score - CS (ITU GCI),_T,Total,_T,All age ranges or no breakdown by age,_T,Total,0_TO_20,0-20 scale,_Z,Not Applicable,_Z,Not Applicable,_Z,Not Applicable,2024,0.0,MEAN,Mean,ITU_GCI,Global Cybersecurity Index,0,Units,IX,Index,602,CCYY,A,Normal value,PU,Public
datastructure,WB.DATA360:DS_DATA360(1.2),I,A,Annual,TCD,Chad,ITU_GCI_COOP_SCORE,Cooperative Score - CS (ITU GCI),_T,Total,_T,All age ranges or no breakdown by age,_T,Total,0_TO_20,0-20 scale,_Z,Not Applicable,_Z,Not Applicable,_Z,Not Applicable,2024,14.280447662936142,MEAN,Mean,ITU_GCI,Global Cybersecurity Index,0,Units,IX,Index,602,CCYY,A,Normal value,PU,Public
datastructure,WB.DATA360:DS_DATA360(1.2),I,A,Annual,CHL,Chile,ITU_GCI_COOP_SCORE,Cooperative Score - CS (ITU GCI),_T,Total,_T,All age ranges or no breakdown by age,_T,Total,0_TO_20,0-20 scale,_Z,Not Applicable,_Z,Not Applicable,_Z,Not Applicable,2024,16.8008862191017,MEAN,Mean,ITU_GCI,Global Cybersecurity Index,0,Units,IX,Index,602,CCYY,A,Normal value,PU,Public
datastructure,WB.DATA360:DS_DATA360(1.2),I,A,Annual,CHN,China,ITU_GCI_COOP_SCORE,Cooperative Score - CS (ITU GCI),_T,Total,_T,All age ranges or no breakdown by age,_T,Total,0_TO_20,0-20 scale,_Z,Not Applicable,_Z,Not Applicable,_Z,Not Applicable,2024,17.695837487068562,MEAN,Mean,ITU_GCI,Global Cybersecurity Index,0,Units,IX,Index,602,CCYY,A,Normal value,PU,Public
datastructure,WB.DATA360:DS_DATA360(1.2),I,A,Annual,COL,Colombia,ITU_GCI_COOP_SCORE,Cooperative Score - CS (ITU GCI),_T,Total,_T,All age ranges or no breakdown by age,_T,Total,0_TO_20,0-20 scale,_Z,Not Applicable,_Z,Not Applicable,_Z,Not Applicable,2024,10.231579344278035,MEAN,Mean,ITU_GCI,Global Cybersecurity Index,0,Units,IX,Index,602,CCYY,A,Normal value,PU,Public
datastructure,WB.DATA360:DS_DATA360(1.2),I,A,Annual,COM,Comoros,ITU_GCI_COOP_SCORE,Cooperative Score - CS (ITU GCI),_T,Total,_T,All age ranges or no breakdown by age,_T,Total,0_TO_20,0-20 scale,_Z,Not Applicable,_Z,Not Applicable,_Z,Not Applicable,2024,1.5158657011191576,MEAN,Mean,ITU_GCI,Global Cybersecurity Index,0,Units,IX,Index,602,CCYY,A,Normal value,PU,Public
datastructure,WB.DATA360:DS_DATA360(1.2),I,A,Annual,COG,"Congo, Rep.",ITU_GCI_COOP_SCORE,Cooperative Score - CS (ITU GCI),_T,Total,_T,All age ranges or no breakdown by age,_T,Total,0_TO_20,0-20 scale,_Z,Not Applicable,_Z,Not Applicable,_Z,Not Applicable,2024,8.869351217906518,MEAN,Mean,ITU_GCI,Global Cybersecurity Index,0,Units,IX,Index,602,CCYY,A,Normal value,PU,Public
datastructure,WB.DATA360:DS_DATA360(1.2),I,A,Annual,CRI,Costa Rica,ITU_GCI_COOP_SCORE,Cooperative Score - CS (ITU GCI),_T,Total,_T,All age ranges or no breakdown by age,_T,Total,0_TO_20,0-20 scale,_Z,Not Applicable,_Z,Not Applicable,_Z,Not Applicable,2024,16.8008862191017,MEAN,Mean,ITU_GCI,Global Cybersecurity Index,0,Units,IX,Index,602,CCYY,A,Normal value,PU,Public
datastructure,WB.DATA360:DS_DATA360(1.2),I,A,Annual,CIV,Cote d'Ivoire,ITU_GCI_COOP_SCORE,Cooperative Score - CS (ITU GCI),_T,Total,_T,All age ranges or no breakdown by age,_T,Total,0_TO_20,0-20 scale,_Z,Not Applicable,_Z,Not Applicable,_Z,Not Applicable,2024,15.068744474748426,MEAN,Mean,ITU_GCI,Global Cybersecurity Index,0,Units,IX,Index,602,CCYY,A,Normal value,PU,Public
datastructure,WB.DATA360:DS_DATA360(1.2),I,A,Annual,HRV,Croatia,ITU_GCI_COOP_SCORE,Cooperative Score - CS (ITU GCI),_T,Total,_T,All age ranges or no breakdown by age,_T,Total,0_TO_20,0-20 scale,_Z,Not Applicable,_Z,Not Applicable,_Z,Not Applicable,2024,14.280447662936142,MEAN,Mean,ITU_GCI,Global Cybersecurity Index,0,Units,IX,Index,602,CCYY,A,Normal value,PU,Public
datastructure,WB.DATA360:DS_DATA360(1.2),I,A,Annual,CUB,Cuba,ITU_GCI_COOP_SCORE,Cooperative Score - CS (ITU GCI),_T,Total,_T,All age ranges or no breakdown by age,_T,Total,0_TO_20,0-20 scale,_Z,Not Applicable,_Z,Not Applicable,_Z,Not Applicable,2024,6.926962146148783,MEAN,Mean,ITU_GCI,Global Cybersecurity Index,0,Units,IX,Index,602,CCYY,A,Normal value,PU,Public
datastructure,WB.DATA360:DS_DATA360(1.2),I,A,Annual,CYP,Cyprus,ITU_GCI_COOP_SCORE,Cooperative Score - CS (ITU GCI),_T,Total,_T,All age ranges or no breakdown by age,_T,Total,0_TO_20,0-20 scale,_Z,Not Applicable,_Z,Not Applicable,_Z,Not Applicable,2024,20.0,MEAN,Mean,ITU_GCI,Global Cybersecurity Index,0,Units,IX,Index,602,CCYY,A,Normal value,PU,Public
datastructure,WB.DATA360:DS_DATA360(1.2),I,A,Annual,CZE,Czechia,ITU_GCI_COOP_SCORE,Cooperative Score - CS (ITU GCI),_T,Total,_T,All age ranges or no breakdown by age,_T,Total,0_TO_20,0-20 scale,_Z,Not Applicable,_Z,Not Applicable,_Z,Not Applicable,2024,14.280447662936142,MEAN,Mean,ITU_GCI,Global Cybersecurity Index,0,Units,IX,Index,602,CCYY,A,Normal value,PU,Public
datastructure,WB.DATA360:DS_DATA360(1.2),I,A,Annual,PRK,"Korea, Dem. People's Rep.",ITU_GCI_COOP_SCORE,Cooperative Score - CS (ITU GCI),_T,Total,_T,All age ranges or no breakdown by age,_T,Total,0_TO_20,0-20 scale,_Z,Not Applicable,_Z,Not Applicable,_Z,Not Applicable,2024,2.257179394338381,MEAN,Mean,ITU_GCI,Global Cybersecurity Index,0,Units,IX,Index,602,CCYY,A,Normal value,PU,Public
datastructure,WB.DATA360:DS_DATA360(1.2),I,A,Annual,COD,"Congo, Dem. Rep.",ITU_GCI_COOP_SCORE,Cooperative Score - CS (ITU GCI),_T,Total,_T,All age ranges or no breakdown by age,_T,Total,0_TO_20,0-20 scale,_Z,Not Applicable,_Z,Not Applicable,_Z,Not Applicable,2024,10.44630974325214,MEAN,Mean,ITU_GCI,Global Cybersecurity Index,0,Units,IX,Index,602,CCYY,A,Normal value,PU,Public
datastructure,WB.DATA360:DS_DATA360(1.2),I,A,Annual,DNK,Denmark,ITU_GCI_COOP_SCORE,Cooperative Score - CS (ITU GCI),_T,Total,_T,All age ranges or no breakdown by age,_T,Total,0_TO_20,0-20 scale,_Z,Not Applicable,_Z,Not Applicable,_Z,Not Applicable,2024,20.0,MEAN,Mean,ITU_GCI,Global Cybersecurity Index,0,Units,IX,Index,602,CCYY,A,Normal value,PU,Public
datastructure,WB.DATA360:DS_DATA360(1.2),I,A,Annual,DJI,Djibouti,ITU_GCI_COOP_SCORE,Cooperative Score - CS (ITU GCI),_T,Total,_T,All age ranges or no breakdown by age,_T,Total,0_TO_20,0-20 scale,_Z,Not Applicable,_Z,Not Applicable,_Z,Not Applicable,2024,8.869351217906518,MEAN,Mean,ITU_GCI,Global Cybersecurity Index,0,Units,IX,Index,602,CCYY,A,Normal value,PU,Public
datastructure,WB.DATA360:DS_DATA360(1.2),I,A,Annual,DMA,Dominica,ITU_GCI_COOP_SCORE,Cooperative Score - CS (ITU GCI),_T,Total,_T,All age ranges or no breakdown by age,_T,Total,0_TO_20,0-20 scale,_Z,Not Applicable,_Z,Not Applicable,_Z,Not Applicable,2024,7.974399949939654,MEAN,Mean,ITU_GCI,Global Cybersecurity Index,0,Units,IX,Index,602,CCYY,A,Normal value,PU,Public
datastructure,WB.DATA360:DS_DATA360(1.2),I,A,Annual,DOM,Dominican Republic,ITU_GCI_COOP_SCORE,Cooperative Score - CS (ITU GCI),_T,Total,_T,All age ranges or no breakdown by age,_T,Total,0_TO_20,0-20 scale,_Z,Not Applicable,_Z,Not Applicable,_Z,Not Applicable,2024,12.436771231073076,MEAN,Mean,ITU_GCI,Global Cybersecurity Index,0,Units,IX,Index,602,CCYY,A,Normal value,PU,Public
datastructure,WB.DATA360:DS_DATA360(1.2),I,A,Annual,ECU,Ecuador,ITU_GCI_COOP_SCORE,Cooperative Score - CS (ITU GCI),_T,Total,_T,All age ranges or no breakdown by age,_T,Total,0_TO_20,0-20 scale,_Z,Not Applicable,_Z,Not Applicable,_Z,Not Applicable,2024,17.695837487068562,MEAN,Mean,ITU_GCI,Global Cybersecurity Index,0,Units,IX,Index,602,CCYY,A,Normal value,PU,Public
datastructure,WB.DATA360:DS_DATA360(1.2),I,A,Annual,EGY,"Egypt, Arab Rep.",ITU_GCI_COOP_SCORE,Cooperative Score - CS (ITU GCI),_T,Total,_T,All age ranges or no breakdown by age,_T,Total,0_TO_20,0-20 scale,_Z,Not Applicable,_Z,Not Applicable,_Z,Not Applicable,2024,20.0,MEAN,Mean,ITU_GCI,Global Cybersecurity Index,0,Units,IX,Index,602,CCYY,A,Normal value,PU,Public
datastructure,WB.DATA360:DS_DATA360(1.2),I,A,Annual,SLV,El Salvador,ITU_GCI_COOP_SCORE,Cooperative Score - CS (ITU GCI),_T,Total,_T,All age ranges or no breakdown by age,_T,Total,0_TO_20,0-20 scale,_Z,Not Applicable,_Z,Not Applicable,_Z,Not Applicable,2024,8.131198229166666,MEAN,Mean,ITU_GCI,Global Cybersecurity Index,0,Units,IX,Index,602,CCYY,A,Normal value,PU,Public
datastructure,WB.DATA360:DS_DATA360(1.2),I,A,Annual,GNQ,Equatorial Guinea,ITU_GCI_COOP_SCORE,Cooperative Score - CS (ITU GCI),_T,Total,_T,All age ranges or no breakdown by age,_T,Total,0_TO_20,0-20 scale,_Z,Not Applicable,_Z,Not Applicable,_Z,Not Applicable,2024,8.869351217906518,MEAN,Mean,ITU_GCI,Global Cybersecurity Index,0,Units,IX,Index,602,CCYY,A,Normal value,PU,Public
datastructure,WB.DATA360:DS_DATA360(1.2),I,A,Annual,ERI,Eritrea,ITU_GCI_COOP_SCORE,Cooperative Score - CS (ITU GCI),_T,Total,_T,All age ranges or no breakdown by age,_T,Total,0_TO_20,0-20 scale,_Z,Not Applicable,_Z,Not Applicable,_Z,Not Applicable,2024,0.4474756339834321,MEAN,Mean,ITU_GCI,Global Cybersecurity Index,0,Units,IX,Index,602,CCYY,A,Normal value,PU,Public
datastructure,WB.DATA360:DS_DATA360(1.2),I,A,Annual,EST,Estonia,ITU_GCI_COOP_SCORE,Cooperative Score - CS (ITU GCI),_T,Total,_T,All age ranges or no breakdown by age,_T,Total,0_TO_20,0-20 scale,_Z,Not Applicable,_Z,Not Applicable,_Z,Not Applicable,2024,20.0,MEAN,Mean,ITU_GCI,Global Cybersecurity Index,0,Units,IX,Index,602,CCYY,A,Normal value,PU,Public
datastructure,WB.DATA360:DS_DATA360(1.2),I,A,Annual,SWZ,Eswatini,ITU_GCI_COOP_SCORE,Cooperative Score - CS (ITU GCI),_T,Total,_T,All age ranges or no breakdown by age,_T,Total,0_TO_20,0-20 scale,_Z,Not Applicable,_Z,Not Applicable,_Z,Not Applicable,2024,17.695837487068562,MEAN,Mean,ITU_GCI,Global Cybersecurity Index,0,Units,IX,Index,602,CCYY,A,Normal value,PU,Public
datastructure,WB.DATA360:DS_DATA360(1.2),I,A,Annual,ETH,Ethiopia,ITU_GCI_COOP_SCORE,Cooperative Score - CS (ITU GCI),_T,Total,_T,All age ranges or no breakdown by age,_T,Total,0_TO_20,0-20 scale,_Z,Not Applicable,_Z,Not Applicable,_Z,Not Applicable,2024,15.689658907900718,MEAN,Mean,ITU_GCI,Global Cybersecurity Index,0,Units,IX,Index,602,CCYY,A,Normal value,PU,Public
datastructure,WB.DATA360:DS_DATA360(1.2),I,A,Annual,FJI,Fiji,ITU_GCI_COOP_SCORE,Cooperative Score - CS (ITU GCI),_T,Total,_T,All age ranges or no breakdown by age,_T,Total,0_TO_20,0-20 scale,_Z,Not Applicable,_Z,Not Applicable,_Z,Not Applicable,2024,14.541920436377318,MEAN,Mean,ITU_GCI,Global Cybersecurity Index,0,Units,IX,Index,602,CCYY,A,Normal value,PU,Public
datastructure,WB.DATA360:DS_DATA360(1.2),I,A,Annual,FIN,Finland,ITU_GCI_COOP_SCORE,Cooperative Score - CS (ITU GCI),_T,Total,_T,All age ranges or no breakdown by age,_T,Total,0_TO_20,0-20 scale,_Z,Not Applicable,_Z,Not Applicable,_Z,Not Applicable,2024,20.0,MEAN,Mean,ITU_GCI,Global Cybersecurity Index,0,Units,IX,Index,602,CCYY,A,Normal value,PU,Public
datastructure,WB.DATA360:DS_DATA360(1.2),I,A,Annual,FRA,France,ITU_GCI_COOP_SCORE,Cooperative Score - CS (ITU GCI),_T,Total,_T,All age ranges or no breakdown by age,_T,Total,0_TO_20,0-20 scale,_Z,Not Applicable,_Z,Not Applicable,_Z,Not Applicable,2024,20.0,MEAN,Mean,ITU_GCI,Global Cybersecurity Index,0,Units,IX,Index,602,CCYY,A,Normal value,PU,Public
datastructure,WB.DATA360:DS_DATA360(1.2),I,A,Annual,GAB,Gabon,ITU_GCI_COOP_SCORE,Cooperative Score - CS (ITU GCI),_T,Total,_T,All age ranges or no breakdown by age,_T,Total,0_TO_20,0-20 scale,_Z,Not Applicable,_Z,Not Applicable,_Z,Not Applicable,2024,9.453866631898729,MEAN,Mean,ITU_GCI,Global Cybersecurity Index,0,Units,IX,Index,602,CCYY,A,Normal value,PU,Public
datastructure,WB.DATA360:DS_DATA360(1.2),I,A,Annual,GMB,"Gambia, The",ITU_GCI_COOP_SCORE,Cooperative Score - CS (ITU GCI),_T,Total,_T,All age ranges or no breakdown by age,_T,Total,0_TO_20,0-20 scale,_Z,Not Applicable,_Z,Not Applicable,_Z,Not Applicable,2024,12.15400465531835,MEAN,Mean,ITU_GCI,Global Cybersecurity Index,0,Units,IX,Index,602,CCYY,A,Normal value,PU,Public
datastructure,WB.DATA360:DS_DATA360(1.2),I,A,Annual,GEO,Georgia,ITU_GCI_COOP_SCORE,Cooperative Score - CS (ITU GCI),_T,Total,_T,All age ranges or no breakdown by age,_T,Total,0_TO_20,0-20 scale,_Z,Not Applicable,_Z,Not Applicable,_Z,Not Applicable,2024,20.0,MEAN,Mean,ITU_GCI,Global Cybersecurity Index,0,Units,IX,Index,602,CCYY,A,Normal value,PU,Public
datastructure,WB.DATA360:DS_DATA360(1.2),I,A,Annual,DEU,Germany,ITU_GCI_COOP_SCORE,Cooperative Score - CS (ITU GCI),_T,Total,_T,All age ranges or no breakdown by age,_T,Total,0_TO_20,0-20 scale,_Z,Not Applicable,_Z,Not Applicable,_Z,Not Applicable,2024,20.0,MEAN,Mean,ITU_GCI,Global Cybersecurity Index,0,Units,IX,Index,602,CCYY,A,Normal value,PU,Public
datastructure,WB.DATA360:DS_DATA360(1.2),I,A,Annual,GHA,Ghana,ITU_GCI_COOP_SCORE,Cooperative Score - CS (ITU GCI),_T,Total,_T,All age ranges or no breakdown by age,_T,Total,0_TO_20,0-20 scale,_Z,Not Applicable,_Z,Not Applicable,_Z,Not Applicable,2024,20.0,MEAN,Mean,ITU_GCI,Global Cybersecurity Index,0,Units,IX,Index,602,CCYY,A,Normal value,PU,Public
datastructure,WB.DATA360:DS_DATA360(1.2),I,A,Annual,GRC,Greece,ITU_GCI_COOP_SCORE,Cooperative Score - CS (ITU GCI),_T,Total,_T,All age ranges or no breakdown by age,_T,Total,0_TO_20,0-20 scale,_Z,Not Applicable,_Z,Not Applicable,_Z,Not Applicable,2024,20.0,MEAN,Mean,ITU_GCI,Global Cybersecurity Index,0,Units,IX,Index,602,CCYY,A,Normal value,PU,Public
datastructure,WB.DATA360:DS_DATA360(1.2),I,A,Annual,GRD,Grenada,ITU_GCI_COOP_SCORE,Cooperative Score - CS (ITU GCI),_T,Total,_T,All age ranges or no breakdown by age,_T,Total,0_TO_20,0-20 scale,_Z,Not Applicable,_Z,Not Applicable,_Z,Not Applicable,2024,3.993943383805136,MEAN,Mean,ITU_GCI,Global Cybersecurity Index,0,Units,IX,Index,602,CCYY,A,Normal value,PU,Public
datastructure,WB.DATA360:DS_DATA360(1.2),I,A,Annual,GTM,Guatemala,ITU_GCI_COOP_SCORE,Cooperative Score - CS (ITU GCI),_T,Total,_T,All age ranges or no breakdown by age,_T,Total,0_TO_20,0-20 scale,_Z,Not Applicable,_Z,Not Applicable,_Z,Not Applicable,2024,7.974399949939654,MEAN,Mean,ITU_GCI,Global Cybersecurity Index,0,Units,IX,Index,602,CCYY,A,Normal value,PU,Public
datastructure,WB.DATA360:DS_DATA360(1.2),I,A,Annual,GIN,Guinea,ITU_GCI_COOP_SCORE,Cooperative Score - CS (ITU GCI),_T,Total,_T,All age ranges or no breakdown by age,_T,Total,0_TO_20,0-20 scale,_Z,Not Applicable,_Z,Not Applicable,_Z,Not Applicable,2024,12.023268268597764,MEAN,Mean,ITU_GCI,Global Cybersecurity Index,0,Units,IX,Index,602,CCYY,A,Normal value,PU,Public
datastructure,WB.DATA360:DS_DATA360(1.2),I,A,Annual,GNB,Guinea-Bissau,ITU_GCI_COOP_SCORE,Cooperative Score - CS (ITU GCI),_T,Total,_T,All age ranges or no breakdown by age,_T,Total,0_TO_20,0-20 scale,_Z,Not Applicable,_Z,Not Applicable,_Z,Not Applicable,2024,6.431647300855827,MEAN,Mean,ITU_GCI,Global Cybersecurity Index,0,Units,IX,Index,602,CCYY,A,Normal value,PU,Public
datastructure,WB.DATA360:DS_DATA360(1.2),I,A,Annual,GUY,Guyana,ITU_GCI_COOP_SCORE,Cooperative Score - CS (ITU GCI),_T,Total,_T,All age ranges or no breakdown by age,_T,Total,0_TO_20,0-20 scale,_Z,Not Applicable,_Z,Not Applicable,_Z,Not Applicable,2024,8.518474233116635,MEAN,Mean,ITU_GCI,Global Cybersecurity Index,0,Units,IX,Index,602,CCYY,A,Normal value,PU,Public
datastructure,WB.DATA360:DS_DATA360(1.2),I,A,Annual,HTI,Haiti,ITU_GCI_COOP_SCORE,Cooperative Score - CS (ITU GCI),_T,Total,_T,All age ranges or no breakdown by age,_T,Total,0_TO_20,0-20 scale,_Z,Not Applicable,_Z,Not Applicable,_Z,Not Applicable,2024,9.612451299511742,MEAN,Mean,ITU_GCI,Global Cybersecurity Index,0,Units,IX,Index,602,CCYY,A,Normal value,PU,Public
datastructure,WB.DATA360:DS_DATA360(1.2),I,A,Annual,HND,Honduras,ITU_GCI_COOP_SCORE,Cooperative Score - CS (ITU GCI),_T,Total,_T,All age ranges or no breakdown by age,_T,Total,0_TO_20,0-20 scale,_Z,Not Applicable,_Z,Not Applicable,_Z,Not Applicable,2024,6.094324498916503,MEAN,Mean,ITU_GCI,Global Cybersecurity Index,0,Units,IX,Index,602,CCYY,A,Normal value,PU,Public
datastructure,WB.DATA360:DS_DATA360(1.2),I,A,Annual,HUN,Hungary,ITU_GCI_COOP_SCORE,Cooperative Score - CS (ITU GCI),_T,Total,_T,All age ranges or no breakdown by age,_T,Total,0_TO_20,0-20 scale,_Z,Not Applicable,_Z,Not Applicable,_Z,Not Applicable,2024,17.74282060566162,MEAN,Mean,ITU_GCI,Global Cybersecurity Index,0,Units,IX,Index,602,CCYY,A,Normal value,PU,Public
datastructure,WB.DATA360:DS_DATA360(1.2),I,A,Annual,ISL,Iceland,ITU_GCI_COOP_SCORE,Cooperative Score - CS (ITU GCI),_T,Total,_T,All age ranges or no breakdown by age,_T,Total,0_TO_20,0-20 scale,_Z,Not Applicable,_Z,Not Applicable,_Z,Not Applicable,2024,20.0,MEAN,Mean,ITU_GCI,Global Cybersecurity Index,0,Units,IX,Index,602,CCYY,A,Normal value,PU,Public
datastructure,WB.DATA360:DS_DATA360(1.2),I,A,Annual,IND,India,ITU_GCI_COOP_SCORE,Cooperative Score - CS (ITU GCI),_T,Total,_T,All age ranges or no breakdown by age,_T,Total,0_TO_20,0-20 scale,_Z,Not Applicable,_Z,Not Applicable,_Z,Not Applicable,2024,20.0,MEAN,Mean,ITU_GCI,Global Cybersecurity Index,0,Units,IX,Index,602,CCYY,A,Normal value,PU,Public
datastructure,WB.DATA360:DS_DATA360(1.2),I,A,Annual,IDN,Indonesia,ITU_GCI_COOP_SCORE,Cooperative Score - CS (ITU GCI),_T,Total,_T,All age ranges or no breakdown by age,_T,Total,0_TO_20,0-20 scale,_Z,Not Applicable,_Z,Not Applicable,_Z,Not Applicable,2024,20.0,MEAN,Mean,ITU_GCI,Global Cybersecurity Index,0,Units,IX,Index,602,CCYY,A,Normal value,PU,Public
datastructure,WB.DATA360:DS_DATA360(1.2),I,A,Annual,IRN,"Iran, Islamic Rep.",ITU_GCI_COOP_SCORE,Cooperative Score - CS (ITU GCI),_T,Total,_T,All age ranges or no breakdown by age,_T,Total,0_TO_20,0-20 scale,_Z,Not Applicable,_Z,Not Applicable,_Z,Not Applicable,2024,6.251122778143516,MEAN,Mean,ITU_GCI,Global Cybersecurity Index,0,Units,IX,Index,602,CCYY,A,Normal value,PU,Public
datastructure,WB.DATA360:DS_DATA360(1.2),I,A,Annual,IRQ,Iraq,ITU_GCI_COOP_SCORE,Cooperative Score - CS (ITU GCI),_T,Total,_T,All age ranges or no breakdown by age,_T,Total,0_TO_20,0-20 scale,_Z,Not Applicable,_Z,Not Applicable,_Z,Not Applicable,2024,8.11382335239741,MEAN,Mean,ITU_GCI,Global Cybersecurity Index,0,Units,IX,Index,602,CCYY,A,Normal value,PU,Public
datastructure,WB.DATA360:DS_DATA360(1.2),I,A,Annual,IRL,Ireland,ITU_GCI_COOP_SCORE,Cooperative Score - CS (ITU GCI),_T,Total,_T,All age ranges or no breakdown by age,_T,Total,0_TO_20,0-20 scale,_Z,Not Applicable,_Z,Not Applicable,_Z,Not Applicable,2024,20.0,MEAN,Mean,ITU_GCI,Global Cybersecurity Index,0,Units,IX,Index,602,CCYY,A,Normal value,PU,Public
datastructure,WB.DATA360:DS_DATA360(1.2),I,A,Annual,ISR,Israel,ITU_GCI_COOP_SCORE,Cooperative Score - CS (ITU GCI),_T,Total,_T,All age ranges or no breakdown by age,_T,Total,0_TO_20,0-20 scale,_Z,Not Applicable,_Z,Not Applicable,_Z,Not Applicable,2024,20.0,MEAN,Mean,ITU_GCI,Global Cybersecurity Index,0,Units,IX,Index,602,CCYY,A,Normal value,PU,Public
datastructure,WB.DATA360:DS_DATA360(1.2),I,A,Annual,ITA,Italy,ITU_GCI_COOP_SCORE,Cooperative Score - CS (ITU GCI),_T,Total,_T,All age ranges or no breakdown by age,_T,Total,0_TO_20,0-20 scale,_Z,Not Applicable,_Z,Not Applicable,_Z,Not Applicable,2024,20.0,MEAN,Mean,ITU_GCI,Global Cybersecurity Index,0,Units,IX,Index,602,CCYY,A,Normal value,PU,Public
datastructure,WB.DATA360:DS_DATA360(1.2),I,A,Annual,JAM,Jamaica,ITU_GCI_COOP_SCORE,Cooperative Score - CS (ITU GCI),_T,Total,_T,All age ranges or no breakdown by age,_T,Total,0_TO_20,0-20 scale,_Z,Not Applicable,_Z,Not Applicable,_Z,Not Applicable,2024,11.1283170006309,MEAN,Mean,ITU_GCI,Global Cybersecurity Index,0,Units,IX,Index,602,CCYY,A,Normal value,PU,Public
datastructure,WB.DATA360:DS_DATA360(1.2),I,A,Annual,JPN,Japan,ITU_GCI_COOP_SCORE,Cooperative Score - CS (ITU GCI),_T,Total,_T,All age ranges or no breakdown by age,_T,Total,0_TO_20,0-20 scale,_Z,Not Applicable,_Z,Not Applicable,_Z,Not Applicable,2024,18.91185143364604,MEAN,Mean,ITU_GCI,Global Cybersecurity Index,0,Units,IX,Index,602,CCYY,A,Normal value,PU,Public
datastructure,WB.DATA360:DS_DATA360(1.2),I,A,Annual,JOR,Jordan,ITU_GCI_COOP_SCORE,Cooperative Score - CS (ITU GCI),_T,Total,_T,All age ranges or no breakdown by age,_T,Total,0_TO_20,0-20 scale,_Z,Not Applicable,_Z,Not Applicable,_Z,Not Applicable,2024,20.0,MEAN,Mean,ITU_GCI,Global Cybersecurity Index,0,Units,IX,Index,602,CCYY,A,Normal value,PU,Public
datastructure,WB.DATA360:DS_DATA360(1.2),I,A,Annual,KAZ,Kazakhstan,ITU_GCI_COOP_SCORE,Cooperative Score - CS (ITU GCI),_T,Total,_T,All age ranges or no breakdown by age,_T,Total,0_TO_20,0-20 scale,_Z,Not Applicable,_Z,Not Applicable,_Z,Not Applicable,2024,20.0,MEAN,Mean,ITU_GCI,Global Cybersecurity Index,0,Units,IX,Index,602,CCYY,A,Normal value,PU,Public
datastructure,WB.DATA360:DS_DATA360(1.2),I,A,Annual,KEN,Kenya,ITU_GCI_COOP_SCORE,Cooperative Score - CS (ITU GCI),_T,Total,_T,All age ranges or no breakdown by age,_T,Total,0_TO_20,0-20 scale,_Z,Not Applicable,_Z,Not Applicable,_Z,Not Applicable,2024,20.0,MEAN,Mean,ITU_GCI,Global Cybersecurity Index,0,Units,IX,Index,602,CCYY,A,Normal value,PU,Public
datastructure,WB.DATA360:DS_DATA360(1.2),I,A,Annual,KIR,Kiribati,ITU_GCI_COOP_SCORE,Cooperative Score - CS (ITU GCI),_T,Total,_T,All age ranges or no breakdown by age,_T,Total,0_TO_20,0-20 scale,_Z,Not Applicable,_Z,Not Applicable,_Z,Not Applicable,2024,11.595551133832569,MEAN,Mean,ITU_GCI,Global Cybersecurity Index,0,Units,IX,Index,602,CCYY,A,Normal value,PU,Public
datastructure,WB.DATA360:DS_DATA360(1.2),I,A,Annual,KWT,Kuwait,ITU_GCI_COOP_SCORE,Cooperative Score - CS (ITU GCI),_T,Total,_T,All age ranges or no breakdown by age,_T,Total,0_TO_20,0-20 scale,_Z,Not Applicable,_Z,Not Applicable,_Z,Not Applicable,2024,13.835484513523152,MEAN,Mean,ITU_GCI,Global Cybersecurity Index,0,Units,IX,Index,602,CCYY,A,Normal value,PU,Public
datastructure,WB.DATA360:DS_DATA360(1.2),I,A,Annual,KGZ,Kyrgyz Republic,ITU_GCI_COOP_SCORE,Cooperative Score - CS (ITU GCI),_T,Total,_T,All age ranges or no breakdown by age,_T,Total,0_TO_20,0-20 scale,_Z,Not Applicable,_Z,Not Applicable,_Z,Not Applicable,2024,12.16269167105552,MEAN,Mean,ITU_GCI,Global Cybersecurity Index,0,Units,IX,Index,602,CCYY,A,Normal value,PU,Public
datastructure,WB.DATA360:DS_DATA360(1.2),I,A,Annual,LAO,Lao PDR,ITU_GCI_COOP_SCORE,Cooperative Score - CS (ITU GCI),_T,Total,_T,All age ranges or no breakdown by age,_T,Total,0_TO_20,0-20 scale,_Z,Not Applicable,_Z,Not Applicable,_Z,Not Applicable,2024,9.610664911125742,MEAN,Mean,ITU_GCI,Global Cybersecurity Index,0,Units,IX,Index,602,CCYY,A,Normal value,PU,Public
datastructure,WB.DATA360:DS_DATA360(1.2),I,A,Annual,LVA,Latvia,ITU_GCI_COOP_SCORE,Cooperative Score - CS (ITU GCI),_T,Total,_T,All age ranges or no breakdown by age,_T,Total,0_TO_20,0-20 scale,_Z,Not Applicable,_Z,Not Applicable,_Z,Not Applicable,2024,14.280447662936142,MEAN,Mean,ITU_GCI,Global Cybersecurity Index,0,Units,IX,Index,602,CCYY,A,Normal value,PU,Public
datastructure,WB.DATA360:DS_DATA360(1.2),I,A,Annual,LBN,Lebanon,ITU_GCI_COOP_SCORE,Cooperative Score - CS (ITU GCI),_T,Total,_T,All age ranges or no breakdown by age,_T,Total,0_TO_20,0-20 scale,_Z,Not Applicable,_Z,Not Applicable,_Z,Not Applicable,2024,3.359542132982225,MEAN,Mean,ITU_GCI,Global Cybersecurity Index,0,Units,IX,Index,602,CCYY,A,Normal value,PU,Public
datastructure,WB.DATA360:DS_DATA360(1.2),I,A,Annual,LSO,Lesotho,ITU_GCI_COOP_SCORE,Cooperative Score - CS (ITU GCI),_T,Total,_T,All age ranges or no breakdown by age,_T,Total,0_TO_20,0-20 scale,_Z,Not Applicable,_Z,Not Applicable,_Z,Not Applicable,2024,11.17351373083796,MEAN,Mean,ITU_GCI,Global Cybersecurity Index,0,Units,IX,Index,602,CCYY,A,Normal value,PU,Public
datastructure,WB.DATA360:DS_DATA360(1.2),I,A,Annual,LBR,Liberia,ITU_GCI_COOP_SCORE,Cooperative Score - CS (ITU GCI),_T,Total,_T,All age ranges or no breakdown by age,_T,Total,0_TO_20,0-20 scale,_Z,Not Applicable,_Z,Not Applicable,_Z,Not Applicable,2024,8.869351217906518,MEAN,Mean,ITU_GCI,Global Cybersecurity Index,0,Units,IX,Index,602,CCYY,A,Normal value,PU,Public
datastructure,WB.DATA360:DS_DATA360(1.2),I,A,Annual,LBY,Libya,ITU_GCI_COOP_SCORE,Cooperative Score - CS (ITU GCI),_T,Total,_T,All age ranges or no breakdown by age,_T,Total,0_TO_20,0-20 scale,_Z,Not Applicable,_Z,Not Applicable,_Z,Not Applicable,2024,10.389335088874262,MEAN,Mean,ITU_GCI,Global Cybersecurity Index,0,Units,IX,Index,602,CCYY,A,Normal value,PU,Public
datastructure,WB.DATA360:DS_DATA360(1.2),I,A,Annual,LIE,Liechtenstein,ITU_GCI_COOP_SCORE,Cooperative Score - CS (ITU GCI),_T,Total,_T,All age ranges or no breakdown by age,_T,Total,0_TO_20,0-20 scale,_Z,Not Applicable,_Z,Not Applicable,_Z,Not Applicable,2024,13.430693125176338,MEAN,Mean,ITU_GCI,Global Cybersecurity Index,0,Units,IX,Index,602,CCYY,A,Normal value,PU,Public
datastructure,WB.DATA360:DS_DATA360(1.2),I,A,Annual,LTU,Lithuania,ITU_GCI_COOP_SCORE,Cooperative Score - CS (ITU GCI),_T,Total,_T,All age ranges or no breakdown by age,_T,Total,0_TO_20,0-20 scale,_Z,Not Applicable,_Z,Not Applicable,_Z,Not Applicable,2024,20.0,MEAN,Mean,ITU_GCI,Global Cybersecurity Index,0,Units,IX,Index,602,CCYY,A,Normal value,PU,Public
datastructure,WB.DATA360:DS_DATA360(1.2),I,A,Annual,LUX,Luxembourg,ITU_GCI_COOP_SCORE,Cooperative Score - CS (ITU GCI),_T,Total,_T,All age ranges or no breakdown by age,_T,Total,0_TO_20,0-20 scale,_Z,Not Applicable,_Z,Not Applicable,_Z,Not Applicable,2024,20.0,MEAN,Mean,ITU_GCI,Global Cybersecurity Index,0,Units,IX,Index,602,CCYY,A,Normal value,PU,Public
datastructure,WB.DATA360:DS_DATA360(1.2),I,A,Annual,MDG,Madagascar,ITU_GCI_COOP_SCORE,Cooperative Score - CS (ITU GCI),_T,Total,_T,All age ranges or no breakdown by age,_T,Total,0_TO_20,0-20 scale,_Z,Not Applicable,_Z,Not Applicable,_Z,Not Applicable,2024,5.837619815668203,MEAN,Mean,ITU_GCI,Global Cybersecurity Index,0,Units,IX,Index,602,CCYY,A,Normal value,PU,Public
datastructure,WB.DATA360:DS_DATA360(1.2),I,A,Annual,MWI,Malawi,ITU_GCI_COOP_SCORE,Cooperative Score - CS (ITU GCI),_T,Total,_T,All age ranges or no breakdown by age,_T,Total,0_TO_20,0-20 scale,_Z,Not Applicable,_Z,Not Applicable,_Z,Not Applicable,2024,16.58461017586758,MEAN,Mean,ITU_GCI,Global Cybersecurity Index,0,Units,IX,Index,602,CCYY,A,Normal value,PU,Public
datastructure,WB.DATA360:DS_DATA360(1.2),I,A,Annual,MYS,Malaysia,ITU_GCI_COOP_SCORE,Cooperative Score - CS (ITU GCI),_T,Total,_T,All age ranges or no breakdown by age,_T,Total,0_TO_20,0-20 scale,_Z,Not Applicable,_Z,Not Applicable,_Z,Not Applicable,2024,20.0,MEAN,Mean,ITU_GCI,Global Cybersecurity Index,0,Units,IX,Index,602,CCYY,A,Normal value,PU,Public
datastructure,WB.DATA360:DS_DATA360(1.2),I,A,Annual,MDV,Maldives,ITU_GCI_COOP_SCORE,Cooperative Score - CS (ITU GCI),_T,Total,_T,All age ranges or no breakdown by age,_T,Total,0_TO_20,0-20 scale,_Z,Not Applicable,_Z,Not Applicable,_Z,Not Applicable,2024,2.257179394338381,MEAN,Mean,ITU_GCI,Global Cybersecurity Index,0,Units,IX,Index,602,CCYY,A,Normal value,PU,Public
datastructure,WB.DATA360:DS_DATA360(1.2),I,A,Annual,MLI,Mali,ITU_GCI_COOP_SCORE,Cooperative Score - CS (ITU GCI),_T,Total,_T,All age ranges or no breakdown by age,_T,Total,0_TO_20,0-20 scale,_Z,Not Applicable,_Z,Not Applicable,_Z,Not Applicable,2024,8.869351217906518,MEAN,Mean,ITU_GCI,Global Cybersecurity Index,0,Units,IX,Index,602,CCYY,A,Normal value,PU,Public
datastructure,WB.DATA360:DS_DATA360(1.2),I,A,Annual,MLT,Malta,ITU_GCI_COOP_SCORE,Cooperative Score - CS (ITU GCI),_T,Total,_T,All age ranges or no breakdown by age,_T,Total,0_TO_20,0-20 scale,_Z,Not Applicable,_Z,Not Applicable,_Z,Not Applicable,2024,17.74282060566162,MEAN,Mean,ITU_GCI,Global Cybersecurity Index,0,Units,IX,Index,602,CCYY,A,Normal value,PU,Public
datastructure,WB.DATA360:DS_DATA360(1.2),I,A,Annual,MHL,Marshall Islands,ITU_GCI_COOP_SCORE,Cooperative Score - CS (ITU GCI),_T,Total,_T,All age ranges or no breakdown by age,_T,Total,0_TO_20,0-20 scale,_Z,Not Applicable,_Z,Not Applicable,_Z,Not Applicable,2024,5.509809084924293,MEAN,Mean,ITU_GCI,Global Cybersecurity Index,0,Units,IX,Index,602,CCYY,A,Normal value,PU,Public
datastructure,WB.DATA360:DS_DATA360(1.2),I,A,Annual,MRT,Mauritania,ITU_GCI_COOP_SCORE,Cooperative Score - CS (ITU GCI),_T,Total,_T,All age ranges or no breakdown by age,_T,Total,0_TO_20,0-20 scale,_Z,Not Applicable,_Z,Not Applicable,_Z,Not Applicable,2024,8.869351217906518,MEAN,Mean,ITU_GCI,Global Cybersecurity Index,0,Units,IX,Index,602,CCYY,A,Normal value,PU,Public
datastructure,WB.DATA360:DS_DATA360(1.2),I,A,Annual,MUS,Mauritius,ITU_GCI_COOP_SCORE,Cooperative Score - CS (ITU GCI),_T,Total,_T,All age ranges or no breakdown by age,_T,Total,0_TO_20,0-20 scale,_Z,Not Applicable,_Z,Not Applicable,_Z,Not Applicable,2024,20.0,MEAN,Mean,ITU_GCI,Global Cybersecurity Index,0,Units,IX,Index,602,CCYY,A,Normal value,PU,Public
datastructure,WB.DATA360:DS_DATA360(1.2),I,A,Annual,MEX,Mexico,ITU_GCI_COOP_SCORE,Cooperative Score - CS (ITU GCI),_T,Total,_T,All age ranges or no breakdown by age,_T,Total,0_TO_20,0-20 scale,_Z,Not Applicable,_Z,Not Applicable,_Z,Not Applicable,2024,13.385496394969278,MEAN,Mean,ITU_GCI,Global Cybersecurity Index,0,Units,IX,Index,602,CCYY,A,Normal value,PU,Public
datastructure,WB.DATA360:DS_DATA360(1.2),I,A,Annual,FSM,"Micronesia, Fed. Sts.",ITU_GCI_COOP_SCORE,Cooperative Score - CS (ITU GCI),_T,Total,_T,All age ranges or no breakdown by age,_T,Total,0_TO_20,0-20 scale,_Z,Not Applicable,_Z,Not Applicable,_Z,Not Applicable,2024,3.993943383805136,MEAN,Mean,ITU_GCI,Global Cybersecurity Index,0,Units,IX,Index,602,CCYY,A,Normal value,PU,Public
datastructure,WB.DATA360:DS_DATA360(1.2),I,A,Annual,MDA,Moldova,ITU_GCI_COOP_SCORE,Cooperative Score - CS (ITU GCI),_T,Total,_T,All age ranges or no breakdown by age,_T,Total,0_TO_20,0-20 scale,_Z,Not Applicable,_Z,Not Applicable,_Z,Not Applicable,2024,16.58461017586758,MEAN,Mean,ITU_GCI,Global Cybersecurity Index,0,Units,IX,Index,602,CCYY,A,Normal value,PU,Public
datastructure,WB.DATA360:DS_DATA360(1.2),I,A,Annual,MCO,Monaco,ITU_GCI_COOP_SCORE,Cooperative Score - CS (ITU GCI),_T,Total,_T,All age ranges or no breakdown by age,_T,Total,0_TO_20,0-20 scale,_Z,Not Applicable,_Z,Not Applicable,_Z,Not Applicable,2024,14.280447662936142,MEAN,Mean,ITU_GCI,Global Cybersecurity Index,0,Units,IX,Index,602,CCYY,A,Normal value,PU,Public
datastructure,WB.DATA360:DS_DATA360(1.2),I,A,Annual,MNG,Mongolia,ITU_GCI_COOP_SCORE,Cooperative Score - CS (ITU GCI),_T,Total,_T,All age ranges or no breakdown by age,_T,Total,0_TO_20,0-20 scale,_Z,Not Applicable,_Z,Not Applicable,_Z,Not Applicable,2024,6.493412019185556,MEAN,Mean,ITU_GCI,Global Cybersecurity Index,0,Units,IX,Index,602,CCYY,A,Normal value,PU,Public
datastructure,WB.DATA360:DS_DATA360(1.2),I,A,Annual,MNE,Montenegro,ITU_GCI_COOP_SCORE,Cooperative Score - CS (ITU GCI),_T,Total,_T,All age ranges or no breakdown by age,_T,Total,0_TO_20,0-20 scale,_Z,Not Applicable,_Z,Not Applicable,_Z,Not Applicable,2024,17.695837487068562,MEAN,Mean,ITU_GCI,Global Cybersecurity Index,0,Units,IX,Index,602,CCYY,A,Normal value,PU,Public
datastructure,WB.DATA360:DS_DATA360(1.2),I,A,Annual,MAR,Morocco,ITU_GCI_COOP_SCORE,Cooperative Score - CS (ITU GCI),_T,Total,_T,All age ranges or no breakdown by age,_T,Total,0_TO_20,0-20 scale,_Z,Not Applicable,_Z,Not Applicable,_Z,Not Applicable,2024,20.0,MEAN,Mean,ITU_GCI,Global Cybersecurity Index,0,Units,IX,Index,602,CCYY,A,Normal value,PU,Public
datastructure,WB.DATA360:DS_DATA360(1.2),I,A,Annual,MOZ,Mozambique,ITU_GCI_COOP_SCORE,Cooperative Score - CS (ITU GCI),_T,Total,_T,All age ranges or no breakdown by age,_T,Total,0_TO_20,0-20 scale,_Z,Not Applicable,_Z,Not Applicable,_Z,Not Applicable,2024,16.58461017586758,MEAN,Mean,ITU_GCI,Global Cybersecurity Index,0,Units,IX,Index,602,CCYY,A,Normal value,PU,Public
datastructure,WB.DATA360:DS_DATA360(1.2),I,A,Annual,MMR,Myanmar,ITU_GCI_COOP_SCORE,Cooperative Score - CS (ITU GCI),_T,Total,_T,All age ranges or no breakdown by age,_T,Total,0_TO_20,0-20 scale,_Z,Not Applicable,_Z,Not Applicable,_Z,Not Applicable,2024,20.0,MEAN,Mean,ITU_GCI,Global Cybersecurity Index,0,Units,IX,Index,602,CCYY,A,Normal value,PU,Public
datastructure,WB.DATA360:DS_DATA360(1.2),I,A,Annual,NAM,Namibia,ITU_GCI_COOP_SCORE,Cooperative Score - CS (ITU GCI),_T,Total,_T,All age ranges or no breakdown by age,_T,Total,0_TO_20,0-20 scale,_Z,Not Applicable,_Z,Not Applicable,_Z,Not Applicable,2024,6.8074779460171175,MEAN,Mean,ITU_GCI,Global Cybersecurity Index,0,Units,IX,Index,602,CCYY,A,Normal value,PU,Public
datastructure,WB.DATA360:DS_DATA360(1.2),I,A,Annual,NRU,Nauru,ITU_GCI_COOP_SCORE,Cooperative Score - CS (ITU GCI),_T,Total,_T,All age ranges or no breakdown by age,_T,Total,0_TO_20,0-20 scale,_Z,Not Applicable,_Z,Not Applicable,_Z,Not Applicable,2024,7.14786043449638,MEAN,Mean,ITU_GCI,Global Cybersecurity Index,0,Units,IX,Index,602,CCYY,A,Normal value,PU,Public
datastructure,WB.DATA360:DS_DATA360(1.2),I,A,Annual,NPL,Nepal,ITU_GCI_COOP_SCORE,Cooperative Score - CS (ITU GCI),_T,Total,_T,All age ranges or no breakdown by age,_T,Total,0_TO_20,0-20 scale,_Z,Not Applicable,_Z,Not Applicable,_Z,Not Applicable,2024,9.45202294742782,MEAN,Mean,ITU_GCI,Global Cybersecurity Index,0,Units,IX,Index,602,CCYY,A,Normal value,PU,Public
datastructure,WB.DATA360:DS_DATA360(1.2),I,A,Annual,NLD,Netherlands,ITU_GCI_COOP_SCORE,Cooperative Score - CS (ITU GCI),_T,Total,_T,All age ranges or no breakdown by age,_T,Total,0_TO_20,0-20 scale,_Z,Not Applicable,_Z,Not Applicable,_Z,Not Applicable,2024,20.0,MEAN,Mean,ITU_GCI,Global Cybersecurity Index,0,Units,IX,Index,602,CCYY,A,Normal value,PU,Public
datastructure,WB.DATA360:DS_DATA360(1.2),I,A,Annual,NZL,New Zealand,ITU_GCI_COOP_SCORE,Cooperative Score - CS (ITU GCI),_T,Total,_T,All age ranges or no breakdown by age,_T,Total,0_TO_20,0-20 scale,_Z,Not Applicable,_Z,Not Applicable,_Z,Not Applicable,2024,14.280447662936142,MEAN,Mean,ITU_GCI,Global Cybersecurity Index,0,Units,IX,Index,602,CCYY,A,Normal value,PU,Public
datastructure,WB.DATA360:DS_DATA360(1.2),I,A,Annual,NIC,Nicaragua,ITU_GCI_COOP_SCORE,Cooperative Score - CS (ITU GCI),_T,Total,_T,All age ranges or no breakdown by age,_T,Total,0_TO_20,0-20 scale,_Z,Not Applicable,_Z,Not Applicable,_Z,Not Applicable,2024,2.257179394338381,MEAN,Mean,ITU_GCI,Global Cybersecurity Index,0,Units,IX,Index,602,CCYY,A,Normal value,PU,Public
datastructure,WB.DATA360:DS_DATA360(1.2),I,A,Annual,NER,Niger,ITU_GCI_COOP_SCORE,Cooperative Score - CS (ITU GCI),_T,Total,_T,All age ranges or no breakdown by age,_T,Total,0_TO_20,0-20 scale,_Z,Not Applicable,_Z,Not Applicable,_Z,Not Applicable,2024,8.991536866359448,MEAN,Mean,ITU_GCI,Global Cybersecurity Index,0,Units,IX,Index,602,CCYY,A,Normal value,PU,Public
datastructure,WB.DATA360:DS_DATA360(1.2),I,A,Annual,NGA,Nigeria,ITU_GCI_COOP_SCORE,Cooperative Score - CS (ITU GCI),_T,Total,_T,All age ranges or no breakdown by age,_T,Total,0_TO_20,0-20 scale,_Z,Not Applicable,_Z,Not Applicable,_Z,Not Applicable,2024,14.280447662936142,MEAN,Mean,ITU_GCI,Global Cybersecurity Index,0,Units,IX,Index,602,CCYY,A,Normal value,PU,Public
datastructure,WB.DATA360:DS_DATA360(1.2),I,A,Annual,NOR,Norway,ITU_GCI_COOP_SCORE,Cooperative Score - CS (ITU GCI),_T,Total,_T,All age ranges or no breakdown by age,_T,Total,0_TO_20,0-20 scale,_Z,Not Applicable,_Z,Not Applicable,_Z,Not Applicable,2024,20.0,MEAN,Mean,ITU_GCI,Global Cybersecurity Index,0,Units,IX,Index,602,CCYY,A,Normal value,PU,Public
datastructure,WB.DATA360:DS_DATA360(1.2),I,A,Annual,OMN,Oman,ITU_GCI_COOP_SCORE,Cooperative Score - CS (ITU GCI),_T,Total,_T,All age ranges or no breakdown by age,_T,Total,0_TO_20,0-20 scale,_Z,Not Applicable,_Z,Not Applicable,_Z,Not Applicable,2024,20.0,MEAN,Mean,ITU_GCI,Global Cybersecurity Index,0,Units,IX,Index,602,CCYY,A,Normal value,PU,Public
datastructure,WB.DATA360:DS_DATA360(1.2),I,A,Annual,PAK,Pakistan,ITU_GCI_COOP_SCORE,Cooperative Score - CS (ITU GCI),_T,Total,_T,All age ranges or no breakdown by age,_T,Total,0_TO_20,0-20 scale,_Z,Not Applicable,_Z,Not Applicable,_Z,Not Applicable,2024,18.484134298880843,MEAN,Mean,ITU_GCI,Global Cybersecurity Index,0,Units,IX,Index,602,CCYY,A,Normal value,PU,Public
datastructure,WB.DATA360:DS_DATA360(1.2),I,A,Annual,PAN,Panama,ITU_GCI_COOP_SCORE,Cooperative Score - CS (ITU GCI),_T,Total,_T,All age ranges or no breakdown by age,_T,Total,0_TO_20,0-20 scale,_Z,Not Applicable,_Z,Not Applicable,_Z,Not Applicable,2024,17.74282060566162,MEAN,Mean,ITU_GCI,Global Cybersecurity Index,0,Units,IX,Index,602,CCYY,A,Normal value,PU,Public
datastructure,WB.DATA360:DS_DATA360(1.2),I,A,Annual,PNG,Papua New Guinea,ITU_GCI_COOP_SCORE,Cooperative Score - CS (ITU GCI),_T,Total,_T,All age ranges or no breakdown by age,_T,Total,0_TO_20,0-20 scale,_Z,Not Applicable,_Z,Not Applicable,_Z,Not Applicable,2024,10.484501379451553,MEAN,Mean,ITU_GCI,Global Cybersecurity Index,0,Units,IX,Index,602,CCYY,A,Normal value,PU,Public
datastructure,WB.DATA360:DS_DATA360(1.2),I,A,Annual,PRY,Paraguay,ITU_GCI_COOP_SCORE,Cooperative Score - CS (ITU GCI),_T,Total,_T,All age ranges or no breakdown by age,_T,Total,0_TO_20,0-20 scale,_Z,Not Applicable,_Z,Not Applicable,_Z,Not Applicable,2024,16.8008862191017,MEAN,Mean,ITU_GCI,Global Cybersecurity Index,0,Units,IX,Index,602,CCYY,A,Normal value,PU,Public
datastructure,WB.DATA360:DS_DATA360(1.2),I,A,Annual,PER,Peru,ITU_GCI_COOP_SCORE,Cooperative Score - CS (ITU GCI),_T,Total,_T,All age ranges or no breakdown by age,_T,Total,0_TO_20,0-20 scale,_Z,Not Applicable,_Z,Not Applicable,_Z,Not Applicable,2024,16.8008862191017,MEAN,Mean,ITU_GCI,Global Cybersecurity Index,0,Units,IX,Index,602,CCYY,A,Normal value,PU,Public
datastructure,WB.DATA360:DS_DATA360(1.2),I,A,Annual,PHL,Philippines,ITU_GCI_COOP_SCORE,Cooperative Score - CS (ITU GCI),_T,Total,_T,All age ranges or no breakdown by age,_T,Total,0_TO_20,0-20 scale,_Z,Not Applicable,_Z,Not Applicable,_Z,Not Applicable,2024,17.695837487068562,MEAN,Mean,ITU_GCI,Global Cybersecurity Index,0,Units,IX,Index,602,CCYY,A,Normal value,PU,Public
datastructure,WB.DATA360:DS_DATA360(1.2),I,A,Annual,POL,Poland,ITU_GCI_COOP_SCORE,Cooperative Score - CS (ITU GCI),_T,Total,_T,All age ranges or no breakdown by age,_T,Total,0_TO_20,0-20 scale,_Z,Not Applicable,_Z,Not Applicable,_Z,Not Applicable,2024,20.0,MEAN,Mean,ITU_GCI,Global Cybersecurity Index,0,Units,IX,Index,602,CCYY,A,Normal value,PU,Public
datastructure,WB.DATA360:DS_DATA360(1.2),I,A,Annual,PRT,Portugal,ITU_GCI_COOP_SCORE,Cooperative Score - CS (ITU GCI),_T,Total,_T,All age ranges or no breakdown by age,_T,Total,0_TO_20,0-20 scale,_Z,Not Applicable,_Z,Not Applicable,_Z,Not Applicable,2024,20.0,MEAN,Mean,ITU_GCI,Global Cybersecurity Index,0,Units,IX,Index,602,CCYY,A,Normal value,PU,Public
datastructure,WB.DATA360:DS_DATA360(1.2),I,A,Annual,QAT,Qatar,ITU_GCI_COOP_SCORE,Cooperative Score - CS (ITU GCI),_T,Total,_T,All age ranges or no breakdown by age,_T,Total,0_TO_20,0-20 scale,_Z,Not Applicable,_Z,Not Applicable,_Z,Not Applicable,2024,20.0,MEAN,Mean,ITU_GCI,Global Cybersecurity Index,0,Units,IX,Index,602,CCYY,A,Normal value,PU,Public
datastructure,WB.DATA360:DS_DATA360(1.2),I,A,Annual,KOR,"Korea, Rep.",ITU_GCI_COOP_SCORE,Cooperative Score - CS (ITU GCI),_T,Total,_T,All age ranges or no breakdown by age,_T,Total,0_TO_20,0-20 scale,_Z,Not Applicable,_Z,Not Applicable,_Z,Not Applicable,2024,20.0,MEAN,Mean,ITU_GCI,Global Cybersecurity Index,0,Units,IX,Index,602,CCYY,A,Normal value,PU,Public
datastructure,WB.DATA360:DS_DATA360(1.2),I,A,Annual,ROU,Romania,ITU_GCI_COOP_SCORE,Cooperative Score - CS (ITU GCI),_T,Total,_T,All age ranges or no breakdown by age,_T,Total,0_TO_20,0-20 scale,_Z,Not Applicable,_Z,Not Applicable,_Z,Not Applicable,2024,20.0,MEAN,Mean,ITU_GCI,Global Cybersecurity Index,0,Units,IX,Index,602,CCYY,A,Normal value,PU,Public
datastructure,WB.DATA360:DS_DATA360(1.2),I,A,Annual,RUS,Russian Federation,ITU_GCI_COOP_SCORE,Cooperative Score - CS (ITU GCI),_T,Total,_T,All age ranges or no breakdown by age,_T,Total,0_TO_20,0-20 scale,_Z,Not Applicable,_Z,Not Applicable,_Z,Not Applicable,2024,16.77399927113703,MEAN,Mean,ITU_GCI,Global Cybersecurity Index,0,Units,IX,Index,602,CCYY,A,Normal value,PU,Public
datastructure,WB.DATA360:DS_DATA360(1.2),I,A,Annual,RWA,Rwanda,ITU_GCI_COOP_SCORE,Cooperative Score - CS (ITU GCI),_T,Total,_T,All age ranges or no breakdown by age,_T,Total,0_TO_20,0-20 scale,_Z,Not Applicable,_Z,Not Applicable,_Z,Not Applicable,2024,20.0,MEAN,Mean,ITU_GCI,Global Cybersecurity Index,0,Units,IX,Index,602,CCYY,A,Normal value,PU,Public
datastructure,WB.DATA360:DS_DATA360(1.2),I,A,Annual,KNA,St. Kitts and Nevis,ITU_GCI_COOP_SCORE,Cooperative Score - CS (ITU GCI),_T,Total,_T,All age ranges or no breakdown by age,_T,Total,0_TO_20,0-20 scale,_Z,Not Applicable,_Z,Not Applicable,_Z,Not Applicable,2024,6.458534248820497,MEAN,Mean,ITU_GCI,Global Cybersecurity Index,0,Units,IX,Index,602,CCYY,A,Normal value,PU,Public
datastructure,WB.DATA360:DS_DATA360(1.2),I,A,Annual,LCA,St. Lucia,ITU_GCI_COOP_SCORE,Cooperative Score - CS (ITU GCI),_T,Total,_T,All age ranges or no breakdown by age,_T,Total,0_TO_20,0-20 scale,_Z,Not Applicable,_Z,Not Applicable,_Z,Not Applicable,2024,7.974399949939654,MEAN,Mean,ITU_GCI,Global Cybersecurity Index,0,Units,IX,Index,602,CCYY,A,Normal value,PU,Public
datastructure,WB.DATA360:DS_DATA360(1.2),I,A,Annual,VCT,St. Vincent and the Grenadines,ITU_GCI_COOP_SCORE,Cooperative Score - CS (ITU GCI),_T,Total,_T,All age ranges or no breakdown by age,_T,Total,0_TO_20,0-20 scale,_Z,Not Applicable,_Z,Not Applicable,_Z,Not Applicable,2024,6.458534248820497,MEAN,Mean,ITU_GCI,Global Cybersecurity Index,0,Units,IX,Index,602,CCYY,A,Normal value,PU,Public
datastructure,WB.DATA360:DS_DATA360(1.2),I,A,Annual,WSM,Samoa,ITU_GCI_COOP_SCORE,Cooperative Score - CS (ITU GCI),_T,Total,_T,All age ranges or no breakdown by age,_T,Total,0_TO_20,0-20 scale,_Z,Not Applicable,_Z,Not Applicable,_Z,Not Applicable,2024,9.343947004608296,MEAN,Mean,ITU_GCI,Global Cybersecurity Index,0,Units,IX,Index,602,CCYY,A,Normal value,PU,Public
datastructure,WB.DATA360:DS_DATA360(1.2),I,A,Annual,SMR,San Marino,ITU_GCI_COOP_SCORE,Cooperative Score - CS (ITU GCI),_T,Total,_T,All age ranges or no breakdown by age,_T,Total,0_TO_20,0-20 scale,_Z,Not Applicable,_Z,Not Applicable,_Z,Not Applicable,2024,7.766988479262674,MEAN,Mean,ITU_GCI,Global Cybersecurity Index,0,Units,IX,Index,602,CCYY,A,Normal value,PU,Public
datastructure,WB.DATA360:DS_DATA360(1.2),I,A,Annual,STP,Sao Tome and Principe,ITU_GCI_COOP_SCORE,Cooperative Score - CS (ITU GCI),_T,Total,_T,All age ranges or no breakdown by age,_T,Total,0_TO_20,0-20 scale,_Z,Not Applicable,_Z,Not Applicable,_Z,Not Applicable,2024,5.093604674127716,MEAN,Mean,ITU_GCI,Global Cybersecurity Index,0,Units,IX,Index,602,CCYY,A,Normal value,PU,Public
datastructure,WB.DATA360:DS_DATA360(1.2),I,A,Annual,SAU,Saudi Arabia,ITU_GCI_COOP_SCORE,Cooperative Score - CS (ITU GCI),_T,Total,_T,All age ranges or no breakdown by age,_T,Total,0_TO_20,0-20 scale,_Z,Not Applicable,_Z,Not Applicable,_Z,Not Applicable,2024,20.0,MEAN,Mean,ITU_GCI,Global Cybersecurity Index,0,Units,IX,Index,602,CCYY,A,Normal value,PU,Public
datastructure,WB.DATA360:DS_DATA360(1.2),I,A,Annual,SEN,Senegal,ITU_GCI_COOP_SCORE,Cooperative Score - CS (ITU GCI),_T,Total,_T,All age ranges or no breakdown by age,_T,Total,0_TO_20,0-20 scale,_Z,Not Applicable,_Z,Not Applicable,_Z,Not Applicable,2024,18.830969172015585,MEAN,Mean,ITU_GCI,Global Cybersecurity Index,0,Units,IX,Index,602,CCYY,A,Normal value,PU,Public
datastructure,WB.DATA360:DS_DATA360(1.2),I,A,Annual,SRB,Serbia,ITU_GCI_COOP_SCORE,Cooperative Score - CS (ITU GCI),_T,Total,_T,All age ranges or no breakdown by age,_T,Total,0_TO_20,0-20 scale,_Z,Not Applicable,_Z,Not Applicable,_Z,Not Applicable,2024,20.0,MEAN,Mean,ITU_GCI,Global Cybersecurity Index,0,Units,IX,Index,602,CCYY,A,Normal value,PU,Public
datastructure,WB.DATA360:DS_DATA360(1.2),I,A,Annual,SYC,Seychelles,ITU_GCI_COOP_SCORE,Cooperative Score - CS (ITU GCI),_T,Total,_T,All age ranges or no breakdown by age,_T,Total,0_TO_20,0-20 scale,_Z,Not Applicable,_Z,Not Applicable,_Z,Not Applicable,2024,14.280447662936142,MEAN,Mean,ITU_GCI,Global Cybersecurity Index,0,Units,IX,Index,602,CCYY,A,Normal value,PU,Public
datastructure,WB.DATA360:DS_DATA360(1.2),I,A,Annual,SLE,Sierra Leone,ITU_GCI_COOP_SCORE,Cooperative Score - CS (ITU GCI),_T,Total,_T,All age ranges or no breakdown by age,_T,Total,0_TO_20,0-20 scale,_Z,Not Applicable,_Z,Not Applicable,_Z,Not Applicable,2024,12.023268268597764,MEAN,Mean,ITU_GCI,Global Cybersecurity Index,0,Units,IX,Index,602,CCYY,A,Normal value,PU,Public
datastructure,WB.DATA360:DS_DATA360(1.2),I,A,Annual,SGP,Singapore,ITU_GCI_COOP_SCORE,Cooperative Score - CS (ITU GCI),_T,Total,_T,All age ranges or no breakdown by age,_T,Total,0_TO_20,0-20 scale,_Z,Not Applicable,_Z,Not Applicable,_Z,Not Applicable,2024,20.0,MEAN,Mean,ITU_GCI,Global Cybersecurity Index,0,Units,IX,Index,602,CCYY,A,Normal value,PU,Public
datastructure,WB.DATA360:DS_DATA360(1.2),I,A,Annual,SVK,Slovak Republic,ITU_GCI_COOP_SCORE,Cooperative Score - CS (ITU GCI),_T,Total,_T,All age ranges or no breakdown by age,_T,Total,0_TO_20,0-20 scale,_Z,Not Applicable,_Z,Not Applicable,_Z,Not Applicable,2024,15.988142575002351,MEAN,Mean,ITU_GCI,Global Cybersecurity Index,0,Units,IX,Index,602,CCYY,A,Normal value,PU,Public
datastructure,WB.DATA360:DS_DATA360(1.2),I,A,Annual,SVN,Slovenia,ITU_GCI_COOP_SCORE,Cooperative Score - CS (ITU GCI),_T,Total,_T,All age ranges or no breakdown by age,_T,Total,0_TO_20,0-20 scale,_Z,Not Applicable,_Z,Not Applicable,_Z,Not Applicable,2024,20.0,MEAN,Mean,ITU_GCI,Global Cybersecurity Index,0,Units,IX,Index,602,CCYY,A,Normal value,PU,Public
datastructure,WB.DATA360:DS_DATA360(1.2),I,A,Annual,SLB,Solomon Islands,ITU_GCI_COOP_SCORE,Cooperative Score - CS (ITU GCI),_T,Total,_T,All age ranges or no breakdown by age,_T,Total,0_TO_20,0-20 scale,_Z,Not Applicable,_Z,Not Applicable,_Z,Not Applicable,2024,5.837619815668203,MEAN,Mean,ITU_GCI,Global Cybersecurity Index,0,Units,IX,Index,602,CCYY,A,Normal value,PU,Public
datastructure,WB.DATA360:DS_DATA360(1.2),I,A,Annual,SOM,Somalia,ITU_GCI_COOP_SCORE,Cooperative Score - CS (ITU GCI),_T,Total,_T,All age ranges or no breakdown by age,_T,Total,0_TO_20,0-20 scale,_Z,Not Applicable,_Z,Not Applicable,_Z,Not Applicable,2024,11.17351373083796,MEAN,Mean,ITU_GCI,Global Cybersecurity Index,0,Units,IX,Index,602,CCYY,A,Normal value,PU,Public
datastructure,WB.DATA360:DS_DATA360(1.2),I,A,Annual,ZAF,South Africa,ITU_GCI_COOP_SCORE,Cooperative Score - CS (ITU GCI),_T,Total,_T,All age ranges or no breakdown by age,_T,Total,0_TO_20,0-20 scale,_Z,Not Applicable,_Z,Not Applicable,_Z,Not Applicable,2024,20.0,MEAN,Mean,ITU_GCI,Global Cybersecurity Index,0,Units,IX,Index,602,CCYY,A,Normal value,PU,Public
datastructure,WB.DATA360:DS_DATA360(1.2),I,A,Annual,SSD,South Sudan,ITU_GCI_COOP_SCORE,Cooperative Score - CS (ITU GCI),_T,Total,_T,All age ranges or no breakdown by age,_T,Total,0_TO_20,0-20 scale,_Z,Not Applicable,_Z,Not Applicable,_Z,Not Applicable,2024,8.869351217906518,MEAN,Mean,ITU_GCI,Global Cybersecurity Index,0,Units,IX,Index,602,CCYY,A,Normal value,PU,Public
datastructure,WB.DATA360:DS_DATA360(1.2),I,A,Annual,ESP,Spain,ITU_GCI_COOP_SCORE,Cooperative Score - CS (ITU GCI),_T,Total,_T,All age ranges or no breakdown by age,_T,Total,0_TO_20,0-20 scale,_Z,Not Applicable,_Z,Not Applicable,_Z,Not Applicable,2024,20.0,MEAN,Mean,ITU_GCI,Global Cybersecurity Index,0,Units,IX,Index,602,CCYY,A,Normal value,PU,Public
datastructure,WB.DATA360:DS_DATA360(1.2),I,A,Annual,LKA,Sri Lanka,ITU_GCI_COOP_SCORE,Cooperative Score - CS (ITU GCI),_T,Total,_T,All age ranges or no breakdown by age,_T,Total,0_TO_20,0-20 scale,_Z,Not Applicable,_Z,Not Applicable,_Z,Not Applicable,2024,14.280447662936142,MEAN,Mean,ITU_GCI,Global Cybersecurity Index,0,Units,IX,Index,602,CCYY,A,Normal value,PU,Public
datastructure,WB.DATA360:DS_DATA360(1.2),I,A,Annual,PSE,West Bank and Gaza,ITU_GCI_COOP_SCORE,Cooperative Score - CS (ITU GCI),_T,Total,_T,All age ranges or no breakdown by age,_T,Total,0_TO_20,0-20 scale,_Z,Not Applicable,_Z,Not Applicable,_Z,Not Applicable,2024,2.4645908650153614,MEAN,Mean,ITU_GCI,Global Cybersecurity Index,0,Units,IX,Index,602,CCYY,A,Normal value,PU,Public
datastructure,WB.DATA360:DS_DATA360(1.2),I,A,Annual,SDN,Sudan,ITU_GCI_COOP_SCORE,Cooperative Score - CS (ITU GCI),_T,Total,_T,All age ranges or no breakdown by age,_T,Total,0_TO_20,0-20 scale,_Z,Not Applicable,_Z,Not Applicable,_Z,Not Applicable,2024,7.35348551678736,MEAN,Mean,ITU_GCI,Global Cybersecurity Index,0,Units,IX,Index,602,CCYY,A,Normal value,PU,Public
datastructure,WB.DATA360:DS_DATA360(1.2),I,A,Annual,SUR,Suriname,ITU_GCI_COOP_SCORE,Cooperative Score - CS (ITU GCI),_T,Total,_T,All age ranges or no breakdown by age,_T,Total,0_TO_20,0-20 scale,_Z,Not Applicable,_Z,Not Applicable,_Z,Not Applicable,2024,7.974399949939654,MEAN,Mean,ITU_GCI,Global Cybersecurity Index,0,Units,IX,Index,602,CCYY,A,Normal value,PU,Public
datastructure,WB.DATA360:DS_DATA360(1.2),I,A,Annual,SWE,Sweden,ITU_GCI_COOP_SCORE,Cooperative Score - CS (ITU GCI),_T,Total,_T,All age ranges or no breakdown by age,_T,Total,0_TO_20,0-20 scale,_Z,Not Applicable,_Z,Not Applicable,_Z,Not Applicable,2024,20.0,MEAN,Mean,ITU_GCI,Global Cybersecurity Index,0,Units,IX,Index,602,CCYY,A,Normal value,PU,Public
datastructure,WB.DATA360:DS_DATA360(1.2),I,A,Annual,CHE,Switzerland,ITU_GCI_COOP_SCORE,Cooperative Score - CS (ITU GCI),_T,Total,_T,All age ranges or no breakdown by age,_T,Total,0_TO_20,0-20 scale,_Z,Not Applicable,_Z,Not Applicable,_Z,Not Applicable,2024,15.852161055205496,MEAN,Mean,ITU_GCI,Global Cybersecurity Index,0,Units,IX,Index,602,CCYY,A,Normal value,PU,Public
datastructure,WB.DATA360:DS_DATA360(1.2),I,A,Annual,SYR,Syrian Arab Republic,ITU_GCI_COOP_SCORE,Cooperative Score - CS (ITU GCI),_T,Total,_T,All age ranges or no breakdown by age,_T,Total,0_TO_20,0-20 scale,_Z,Not Applicable,_Z,Not Applicable,_Z,Not Applicable,2024,5.475329808428556,MEAN,Mean,ITU_GCI,Global Cybersecurity Index,0,Units,IX,Index,602,CCYY,A,Normal value,PU,Public
datastructure,WB.DATA360:DS_DATA360(1.2),I,A,Annual,TJK,Tajikistan,ITU_GCI_COOP_SCORE,Cooperative Score - CS (ITU GCI),_T,Total,_T,All age ranges or no breakdown by age,_T,Total,0_TO_20,0-20 scale,_Z,Not Applicable,_Z,Not Applicable,_Z,Not Applicable,2024,8.094799210006583,MEAN,Mean,ITU_GCI,Global Cybersecurity Index,0,Units,IX,Index,602,CCYY,A,Normal value,PU,Public
datastructure,WB.DATA360:DS_DATA360(1.2),I,A,Annual,TZA,Tanzania,ITU_GCI_COOP_SCORE,Cooperative Score - CS (ITU GCI),_T,Total,_T,All age ranges or no breakdown by age,_T,Total,0_TO_20,0-20 scale,_Z,Not Applicable,_Z,Not Applicable,_Z,Not Applicable,2024,20.0,MEAN,Mean,ITU_GCI,Global Cybersecurity Index,0,Units,IX,Index,602,CCYY,A,Normal value,PU,Public
datastructure,WB.DATA360:DS_DATA360(1.2),I,A,Annual,THA,Thailand,ITU_GCI_COOP_SCORE,Cooperative Score - CS (ITU GCI),_T,Total,_T,All age ranges or no breakdown by age,_T,Total,0_TO_20,0-20 scale,_Z,Not Applicable,_Z,Not Applicable,_Z,Not Applicable,2024,20.0,MEAN,Mean,ITU_GCI,Global Cybersecurity Index,0,Units,IX,Index,602,CCYY,A,Normal value,PU,Public
datastructure,WB.DATA360:DS_DATA360(1.2),I,A,Annual,MKD,North Macedonia,ITU_GCI_COOP_SCORE,Cooperative Score - CS (ITU GCI),_T,Total,_T,All age ranges or no breakdown by age,_T,Total,0_TO_20,0-20 scale,_Z,Not Applicable,_Z,Not Applicable,_Z,Not Applicable,2024,9.282854180381833,MEAN,Mean,ITU_GCI,Global Cybersecurity Index,0,Units,IX,Index,602,CCYY,A,Normal value,PU,Public
datastructure,WB.DATA360:DS_DATA360(1.2),I,A,Annual,TLS,Timor-Leste,ITU_GCI_COOP_SCORE,Cooperative Score - CS (ITU GCI),_T,Total,_T,All age ranges or no breakdown by age,_T,Total,0_TO_20,0-20 scale,_Z,Not Applicable,_Z,Not Applicable,_Z,Not Applicable,2024,6.691855003291639,MEAN,Mean,ITU_GCI,Global Cybersecurity Index,0,Units,IX,Index,602,CCYY,A,Normal value,PU,Public
datastructure,WB.DATA360:DS_DATA360(1.2),I,A,Annual,TGO,Togo,ITU_GCI_COOP_SCORE,Cooperative Score - CS (ITU GCI),_T,Total,_T,All age ranges or no breakdown by age,_T,Total,0_TO_20,0-20 scale,_Z,Not Applicable,_Z,Not Applicable,_Z,Not Applicable,2024,18.327336019653828,MEAN,Mean,ITU_GCI,Global Cybersecurity Index,0,Units,IX,Index,602,CCYY,A,Normal value,PU,Public
datastructure,WB.DATA360:DS_DATA360(1.2),I,A,Annual,TON,Tonga,ITU_GCI_COOP_SCORE,Cooperative Score - CS (ITU GCI),_T,Total,_T,All age ranges or no breakdown by age,_T,Total,0_TO_20,0-20 scale,_Z,Not Applicable,_Z,Not Applicable,_Z,Not Applicable,2024,11.1265306122449,MEAN,Mean,ITU_GCI,Global Cybersecurity Index,0,Units,IX,Index,602,CCYY,A,Normal value,PU,Public
datastructure,WB.DATA360:DS_DATA360(1.2),I,A,Annual,TTO,Trinidad and Tobago,ITU_GCI_COOP_SCORE,Cooperative Score - CS (ITU GCI),_T,Total,_T,All age ranges or no breakdown by age,_T,Total,0_TO_20,0-20 scale,_Z,Not Applicable,_Z,Not Applicable,_Z,Not Applicable,2024,11.1283170006309,MEAN,Mean,ITU_GCI,Global Cybersecurity Index,0,Units,IX,Index,602,CCYY,A,Normal value,PU,Public
datastructure,WB.DATA360:DS_DATA360(1.2),I,A,Annual,TUN,Tunisia,ITU_GCI_COOP_SCORE,Cooperative Score - CS (ITU GCI),_T,Total,_T,All age ranges or no breakdown by age,_T,Total,0_TO_20,0-20 scale,_Z,Not Applicable,_Z,Not Applicable,_Z,Not Applicable,2024,15.815146313364057,MEAN,Mean,ITU_GCI,Global Cybersecurity Index,0,Units,IX,Index,602,CCYY,A,Normal value,PU,Public
datastructure,WB.DATA360:DS_DATA360(1.2),I,A,Annual,TUR,Turkiye,ITU_GCI_COOP_SCORE,Cooperative Score - CS (ITU GCI),_T,Total,_T,All age ranges or no breakdown by age,_T,Total,0_TO_20,0-20 scale,_Z,Not Applicable,_Z,Not Applicable,_Z,Not Applicable,2024,20.0,MEAN,Mean,ITU_GCI,Global Cybersecurity Index,0,Units,IX,Index,602,CCYY,A,Normal value,PU,Public
datastructure,WB.DATA360:DS_DATA360(1.2),I,A,Annual,TKM,Turkmenistan,ITU_GCI_COOP_SCORE,Cooperative Score - CS (ITU GCI),_T,Total,_T,All age ranges or no breakdown by age,_T,Total,0_TO_20,0-20 scale,_Z,Not Applicable,_Z,Not Applicable,_Z,Not Applicable,2024,3.2059045582345846,MEAN,Mean,ITU_GCI,Global Cybersecurity Index,0,Units,IX,Index,602,CCYY,A,Normal value,PU,Public
datastructure,WB.DATA360:DS_DATA360(1.2),I,A,Annual,TUV,Tuvalu,ITU_GCI_COOP_SCORE,Cooperative Score - CS (ITU GCI),_T,Total,_T,All age ranges or no breakdown by age,_T,Total,0_TO_20,0-20 scale,_Z,Not Applicable,_Z,Not Applicable,_Z,Not Applicable,2024,7.14607404611038,MEAN,Mean,ITU_GCI,Global Cybersecurity Index,0,Units,IX,Index,602,CCYY,A,Normal value,PU,Public
datastructure,WB.DATA360:DS_DATA360(1.2),I,A,Annual,UGA,Uganda,ITU_GCI_COOP_SCORE,Cooperative Score - CS (ITU GCI),_T,Total,_T,All age ranges or no breakdown by age,_T,Total,0_TO_20,0-20 scale,_Z,Not Applicable,_Z,Not Applicable,_Z,Not Applicable,2024,17.123274259949373,MEAN,Mean,ITU_GCI,Global Cybersecurity Index,0,Units,IX,Index,602,CCYY,A,Normal value,PU,Public
datastructure,WB.DATA360:DS_DATA360(1.2),I,A,Annual,UKR,Ukraine,ITU_GCI_COOP_SCORE,Cooperative Score - CS (ITU GCI),_T,Total,_T,All age ranges or no breakdown by age,_T,Total,0_TO_20,0-20 scale,_Z,Not Applicable,_Z,Not Applicable,_Z,Not Applicable,2024,16.58461017586758,MEAN,Mean,ITU_GCI,Global Cybersecurity Index,0,Units,IX,Index,602,CCYY,A,Normal value,PU,Public
datastructure,WB.DATA360:DS_DATA360(1.2),I,A,Annual,ARE,United Arab Emirates,ITU_GCI_COOP_SCORE,Cooperative Score - CS (ITU GCI),_T,Total,_T,All age ranges or no breakdown by age,_T,Total,0_TO_20,0-20 scale,_Z,Not Applicable,_Z,Not Applicable,_Z,Not Applicable,2024,20.0,MEAN,Mean,ITU_GCI,Global Cybersecurity Index,0,Units,IX,Index,602,CCYY,A,Normal value,PU,Public
datastructure,WB.DATA360:DS_DATA360(1.2),I,A,Annual,GBR,United Kingdom,ITU_GCI_COOP_SCORE,Cooperative Score - CS (ITU GCI),_T,Total,_T,All age ranges or no breakdown by age,_T,Total,0_TO_20,0-20 scale,_Z,Not Applicable,_Z,Not Applicable,_Z,Not Applicable,2024,20.0,MEAN,Mean,ITU_GCI,Global Cybersecurity Index,0,Units,IX,Index,602,CCYY,A,Normal value,PU,Public
datastructure,WB.DATA360:DS_DATA360(1.2),I,A,Annual,USA,United States,ITU_GCI_COOP_SCORE,Cooperative Score - CS (ITU GCI),_T,Total,_T,All age ranges or no breakdown by age,_T,Total,0_TO_20,0-20 scale,_Z,Not Applicable,_Z,Not Applicable,_Z,Not Applicable,2024,20.0,MEAN,Mean,ITU_GCI,Global Cybersecurity Index,0,Units,IX,Index,602,CCYY,A,Normal value,PU,Public
datastructure,WB.DATA360:DS_DATA360(1.2),I,A,Annual,URY,Uruguay,ITU_GCI_COOP_SCORE,Cooperative Score - CS (ITU GCI),_T,Total,_T,All age ranges or no breakdown by age,_T,Total,0_TO_20,0-20 scale,_Z,Not Applicable,_Z,Not Applicable,_Z,Not Applicable,2024,16.58461017586758,MEAN,Mean,ITU_GCI,Global Cybersecurity Index,0,Units,IX,Index,602,CCYY,A,Normal value,PU,Public
datastructure,WB.DATA360:DS_DATA360(1.2),I,A,Annual,UZB,Uzbekistan,ITU_GCI_COOP_SCORE,Cooperative Score - CS (ITU GCI),_T,Total,_T,All age ranges or no breakdown by age,_T,Total,0_TO_20,0-20 scale,_Z,Not Applicable,_Z,Not Applicable,_Z,Not Applicable,2024,20.0,MEAN,Mean,ITU_GCI,Global Cybersecurity Index,0,Units,IX,Index,602,CCYY,A,Normal value,PU,Public
datastructure,WB.DATA360:DS_DATA360(1.2),I,A,Annual,VUT,Vanuatu,ITU_GCI_COOP_SCORE,Cooperative Score - CS (ITU GCI),_T,Total,_T,All age ranges or no breakdown by age,_T,Total,0_TO_20,0-20 scale,_Z,Not Applicable,_Z,Not Applicable,_Z,Not Applicable,2024,16.1799717859494,MEAN,Mean,ITU_GCI,Global Cybersecurity Index,0,Units,IX,Index,602,CCYY,A,Normal value,PU,Public
datastructure,WB.DATA360:DS_DATA360(1.2),I,A,Annual,VAT,Holy See (Vatican City State),ITU_GCI_COOP_SCORE,Cooperative Score - CS (ITU GCI),_T,Total,_T,All age ranges or no breakdown by age,_T,Total,0_TO_20,0-20 scale,_Z,Not Applicable,_Z,Not Applicable,_Z,Not Applicable,2024,1.1285896971691904,MEAN,Mean,ITU_GCI,Global Cybersecurity Index,0,Units,IX,Index,602,CCYY,A,Normal value,PU,Public
datastructure,WB.DATA360:DS_DATA360(1.2),I,A,Annual,VEN,"Venezuela, RB",ITU_GCI_COOP_SCORE,Cooperative Score - CS (ITU GCI),_T,Total,_T,All age ranges or no breakdown by age,_T,Total,0_TO_20,0-20 scale,_Z,Not Applicable,_Z,Not Applicable,_Z,Not Applicable,2024,3.9266826702051794,MEAN,Mean,ITU_GCI,Global Cybersecurity Index,0,Units,IX,Index,602,CCYY,A,Normal value,PU,Public
datastructure,WB.DATA360:DS_DATA360(1.2),I,A,Annual,VNM,Viet Nam,ITU_GCI_COOP_SCORE,Cooperative Score - CS (ITU GCI),_T,Total,_T,All age ranges or no breakdown by age,_T,Total,0_TO_20,0-20 scale,_Z,Not Applicable,_Z,Not Applicable,_Z,Not Applicable,2024,20.0,MEAN,Mean,ITU_GCI,Global Cybersecurity Index,0,Units,IX,Index,602,CCYY,A,Normal value,PU,Public
datastructure,WB.DATA360:DS_DATA360(1.2),I,A,Annual,YEM,"Yemen, Rep.",ITU_GCI_COOP_SCORE,Cooperative Score - CS (ITU GCI),_T,Total,_T,All age ranges or no breakdown by age,_T,Total,0_TO_20,0-20 scale,_Z,Not Applicable,_Z,Not Applicable,_Z,Not Applicable,2024,0.0,MEAN,Mean,ITU_GCI,Global Cybersecurity Index,0,Units,IX,Index,602,CCYY,A,Normal value,PU,Public
datastructure,WB.DATA360:DS_DATA360(1.2),I,A,Annual,ZMB,Zambia,ITU_GCI_COOP_SCORE,Cooperative Score - CS (ITU GCI),_T,Total,_T,All age ranges or no breakdown by age,_T,Total,0_TO_20,0-20 scale,_Z,Not Applicable,_Z,Not Applicable,_Z,Not Applicable,2024,20.0,MEAN,Mean,ITU_GCI,Global Cybersecurity Index,0,Units,IX,Index,602,CCYY,A,Normal value,PU,Public
datastructure,WB.DATA360:DS_DATA360(1.2),I,A,Annual,ZWE,Zimbabwe,ITU_GCI_COOP_SCORE,Cooperative Score - CS (ITU GCI),_T,Total,_T,All age ranges or no breakdown by age,_T,Total,0_TO_20,0-20 scale,_Z,Not Applicable,_Z,Not Applicable,_Z,Not Applicable,2024,7.974399949939654,MEAN,Mean,ITU_GCI,Global Cybersecurity Index,0,Units,IX,Index,602,CCYY,A,Normal value,PU,Public
