STRUCTURE,STRUCTURE_ID,ACTION,FREQ,FREQ_LABEL,REF_AREA,REF_AREA_LABEL,INDICATOR,INDICATOR_LABEL,SEX,SEX_LABEL,AGE,AGE_LABEL,URBANISATION,URBANISATION_LABEL,UNIT_MEASURE,UNIT_MEASURE_LABEL,COMP_BREAKDOWN_1,COMP_BREAKDOWN_1_LABEL,COMP_BREAKDOWN_2,COMP_BREAKDOWN_2_LABEL,COMP_BREAKDOWN_3,COMP_BREAKDOWN_3_LABEL,TIME_PERIOD,OBS_VALUE,AGG_METHOD,AGG_METHOD_LABEL,DATABASE_ID,DATABASE_ID_LABEL,UNIT_MULT,UNIT_MULT_LABEL,UNIT_TYPE,UNIT_TYPE_LABEL,TIME_FORMAT,TIME_FORMAT_LABEL,OBS_STATUS,OBS_STATUS_LABEL,OBS_CONF,OBS_CONF_LABEL
datastructure,WB.DATA360:DS_DATA360(1.2),I,A,Annual,AFG,Afghanistan,ITU_GCI_LEGL_SCRE,Legal Score - LS (ITU GCI),_T,Total,_T,All age ranges or no breakdown by age,_T,Total,0_TO_20,0-20 scale,_Z,Not Applicable,_Z,Not Applicable,_Z,Not Applicable,2020,0.3953038706593602,MEAN,Mean,ITU_GCI,Global Cybersecurity Index,0,Units,IX,Index,602,CCYY,A,Normal value,PU,Public
datastructure,WB.DATA360:DS_DATA360(1.2),I,A,Annual,ALB,Albania,ITU_GCI_LEGL_SCRE,Legal Score - LS (ITU GCI),_T,Total,_T,All age ranges or no breakdown by age,_T,Total,0_TO_20,0-20 scale,_Z,Not Applicable,_Z,Not Applicable,_Z,Not Applicable,2020,18.12857507193601,MEAN,Mean,ITU_GCI,Global Cybersecurity Index,0,Units,IX,Index,602,CCYY,A,Normal value,PU,Public
datastructure,WB.DATA360:DS_DATA360(1.2),I,A,Annual,DZA,Algeria,ITU_GCI_LEGL_SCRE,Legal Score - LS (ITU GCI),_T,Total,_T,All age ranges or no breakdown by age,_T,Total,0_TO_20,0-20 scale,_Z,Not Applicable,_Z,Not Applicable,_Z,Not Applicable,2020,12.459765023925094,MEAN,Mean,ITU_GCI,Global Cybersecurity Index,0,Units,IX,Index,602,CCYY,A,Normal value,PU,Public
datastructure,WB.DATA360:DS_DATA360(1.2),I,A,Annual,AND,Andorra,ITU_GCI_LEGL_SCRE,Legal Score - LS (ITU GCI),_T,Total,_T,All age ranges or no breakdown by age,_T,Total,0_TO_20,0-20 scale,_Z,Not Applicable,_Z,Not Applicable,_Z,Not Applicable,2020,8.368026699040161,MEAN,Mean,ITU_GCI,Global Cybersecurity Index,0,Units,IX,Index,602,CCYY,A,Normal value,PU,Public
datastructure,WB.DATA360:DS_DATA360(1.2),I,A,Annual,AGO,Angola,ITU_GCI_LEGL_SCRE,Legal Score - LS (ITU GCI),_T,Total,_T,All age ranges or no breakdown by age,_T,Total,0_TO_20,0-20 scale,_Z,Not Applicable,_Z,Not Applicable,_Z,Not Applicable,2020,6.697774270842938,MEAN,Mean,ITU_GCI,Global Cybersecurity Index,0,Units,IX,Index,602,CCYY,A,Normal value,PU,Public
datastructure,WB.DATA360:DS_DATA360(1.2),I,A,Annual,ATG,Antigua and Barbuda,ITU_GCI_LEGL_SCRE,Legal Score - LS (ITU GCI),_T,Total,_T,All age ranges or no breakdown by age,_T,Total,0_TO_20,0-20 scale,_Z,Not Applicable,_Z,Not Applicable,_Z,Not Applicable,2020,11.355986828324072,MEAN,Mean,ITU_GCI,Global Cybersecurity Index,0,Units,IX,Index,602,CCYY,A,Normal value,PU,Public
datastructure,WB.DATA360:DS_DATA360(1.2),I,A,Annual,ARG,Argentina,ITU_GCI_LEGL_SCRE,Legal Score - LS (ITU GCI),_T,Total,_T,All age ranges or no breakdown by age,_T,Total,0_TO_20,0-20 scale,_Z,Not Applicable,_Z,Not Applicable,_Z,Not Applicable,2020,12.149252536423754,MEAN,Mean,ITU_GCI,Global Cybersecurity Index,0,Units,IX,Index,602,CCYY,A,Normal value,PU,Public
datastructure,WB.DATA360:DS_DATA360(1.2),I,A,Annual,ARM,Armenia,ITU_GCI_LEGL_SCRE,Legal Score - LS (ITU GCI),_T,Total,_T,All age ranges or no breakdown by age,_T,Total,0_TO_20,0-20 scale,_Z,Not Applicable,_Z,Not Applicable,_Z,Not Applicable,2020,12.872380331835114,MEAN,Mean,ITU_GCI,Global Cybersecurity Index,0,Units,IX,Index,602,CCYY,A,Normal value,PU,Public
datastructure,WB.DATA360:DS_DATA360(1.2),I,A,Annual,AUS,Australia,ITU_GCI_LEGL_SCRE,Legal Score - LS (ITU GCI),_T,Total,_T,All age ranges or no breakdown by age,_T,Total,0_TO_20,0-20 scale,_Z,Not Applicable,_Z,Not Applicable,_Z,Not Applicable,2020,20.0,MEAN,Mean,ITU_GCI,Global Cybersecurity Index,0,Units,IX,Index,602,CCYY,A,Normal value,PU,Public
datastructure,WB.DATA360:DS_DATA360(1.2),I,A,Annual,AUT,Austria,ITU_GCI_LEGL_SCRE,Legal Score - LS (ITU GCI),_T,Total,_T,All age ranges or no breakdown by age,_T,Total,0_TO_20,0-20 scale,_Z,Not Applicable,_Z,Not Applicable,_Z,Not Applicable,2020,19.42794572437014,MEAN,Mean,ITU_GCI,Global Cybersecurity Index,0,Units,IX,Index,602,CCYY,A,Normal value,PU,Public
datastructure,WB.DATA360:DS_DATA360(1.2),I,A,Annual,AZE,Azerbaijan,ITU_GCI_LEGL_SCRE,Legal Score - LS (ITU GCI),_T,Total,_T,All age ranges or no breakdown by age,_T,Total,0_TO_20,0-20 scale,_Z,Not Applicable,_Z,Not Applicable,_Z,Not Applicable,2020,20.0,MEAN,Mean,ITU_GCI,Global Cybersecurity Index,0,Units,IX,Index,602,CCYY,A,Normal value,PU,Public
datastructure,WB.DATA360:DS_DATA360(1.2),I,A,Annual,BHS,"Bahamas, The",ITU_GCI_LEGL_SCRE,Legal Score - LS (ITU GCI),_T,Total,_T,All age ranges or no breakdown by age,_T,Total,0_TO_20,0-20 scale,_Z,Not Applicable,_Z,Not Applicable,_Z,Not Applicable,2020,12.850195007997238,MEAN,Mean,ITU_GCI,Global Cybersecurity Index,0,Units,IX,Index,602,CCYY,A,Normal value,PU,Public
datastructure,WB.DATA360:DS_DATA360(1.2),I,A,Annual,BHR,Bahrain,ITU_GCI_LEGL_SCRE,Legal Score - LS (ITU GCI),_T,Total,_T,All age ranges or no breakdown by age,_T,Total,0_TO_20,0-20 scale,_Z,Not Applicable,_Z,Not Applicable,_Z,Not Applicable,2020,20.0,MEAN,Mean,ITU_GCI,Global Cybersecurity Index,0,Units,IX,Index,602,CCYY,A,Normal value,PU,Public
datastructure,WB.DATA360:DS_DATA360(1.2),I,A,Annual,BGD,Bangladesh,ITU_GCI_LEGL_SCRE,Legal Score - LS (ITU GCI),_T,Total,_T,All age ranges or no breakdown by age,_T,Total,0_TO_20,0-20 scale,_Z,Not Applicable,_Z,Not Applicable,_Z,Not Applicable,2020,14.859458493567104,MEAN,Mean,ITU_GCI,Global Cybersecurity Index,0,Units,IX,Index,602,CCYY,A,Normal value,PU,Public
datastructure,WB.DATA360:DS_DATA360(1.2),I,A,Annual,BRB,Barbados,ITU_GCI_LEGL_SCRE,Legal Score - LS (ITU GCI),_T,Total,_T,All age ranges or no breakdown by age,_T,Total,0_TO_20,0-20 scale,_Z,Not Applicable,_Z,Not Applicable,_Z,Not Applicable,2020,12.634761061258644,MEAN,Mean,ITU_GCI,Global Cybersecurity Index,0,Units,IX,Index,602,CCYY,A,Normal value,PU,Public
datastructure,WB.DATA360:DS_DATA360(1.2),I,A,Annual,BLR,Belarus,ITU_GCI_LEGL_SCRE,Legal Score - LS (ITU GCI),_T,Total,_T,All age ranges or no breakdown by age,_T,Total,0_TO_20,0-20 scale,_Z,Not Applicable,_Z,Not Applicable,_Z,Not Applicable,2020,10.361739035865012,MEAN,Mean,ITU_GCI,Global Cybersecurity Index,0,Units,IX,Index,602,CCYY,A,Normal value,PU,Public
datastructure,WB.DATA360:DS_DATA360(1.2),I,A,Annual,BEL,Belgium,ITU_GCI_LEGL_SCRE,Legal Score - LS (ITU GCI),_T,Total,_T,All age ranges or no breakdown by age,_T,Total,0_TO_20,0-20 scale,_Z,Not Applicable,_Z,Not Applicable,_Z,Not Applicable,2020,20.0,MEAN,Mean,ITU_GCI,Global Cybersecurity Index,0,Units,IX,Index,602,CCYY,A,Normal value,PU,Public
datastructure,WB.DATA360:DS_DATA360(1.2),I,A,Annual,BLZ,Belize,ITU_GCI_LEGL_SCRE,Legal Score - LS (ITU GCI),_T,Total,_T,All age ranges or no breakdown by age,_T,Total,0_TO_20,0-20 scale,_Z,Not Applicable,_Z,Not Applicable,_Z,Not Applicable,2020,5.766261794418028,MEAN,Mean,ITU_GCI,Global Cybersecurity Index,0,Units,IX,Index,602,CCYY,A,Normal value,PU,Public
datastructure,WB.DATA360:DS_DATA360(1.2),I,A,Annual,BEN,Benin,ITU_GCI_LEGL_SCRE,Legal Score - LS (ITU GCI),_T,Total,_T,All age ranges or no breakdown by age,_T,Total,0_TO_20,0-20 scale,_Z,Not Applicable,_Z,Not Applicable,_Z,Not Applicable,2020,17.41590432106174,MEAN,Mean,ITU_GCI,Global Cybersecurity Index,0,Units,IX,Index,602,CCYY,A,Normal value,PU,Public
datastructure,WB.DATA360:DS_DATA360(1.2),I,A,Annual,BTN,Bhutan,ITU_GCI_LEGL_SCRE,Legal Score - LS (ITU GCI),_T,Total,_T,All age ranges or no breakdown by age,_T,Total,0_TO_20,0-20 scale,_Z,Not Applicable,_Z,Not Applicable,_Z,Not Applicable,2020,8.301476514896454,MEAN,Mean,ITU_GCI,Global Cybersecurity Index,0,Units,IX,Index,602,CCYY,A,Normal value,PU,Public
datastructure,WB.DATA360:DS_DATA360(1.2),I,A,Annual,BOL,Bolivia,ITU_GCI_LEGL_SCRE,Legal Score - LS (ITU GCI),_T,Total,_T,All age ranges or no breakdown by age,_T,Total,0_TO_20,0-20 scale,_Z,Not Applicable,_Z,Not Applicable,_Z,Not Applicable,2020,5.126554212502126,MEAN,Mean,ITU_GCI,Global Cybersecurity Index,0,Units,IX,Index,602,CCYY,A,Normal value,PU,Public
datastructure,WB.DATA360:DS_DATA360(1.2),I,A,Annual,BIH,Bosnia and Herzegovina,ITU_GCI_LEGL_SCRE,Legal Score - LS (ITU GCI),_T,Total,_T,All age ranges or no breakdown by age,_T,Total,0_TO_20,0-20 scale,_Z,Not Applicable,_Z,Not Applicable,_Z,Not Applicable,2020,10.414294434946498,MEAN,Mean,ITU_GCI,Global Cybersecurity Index,0,Units,IX,Index,602,CCYY,A,Normal value,PU,Public
datastructure,WB.DATA360:DS_DATA360(1.2),I,A,Annual,BWA,Botswana,ITU_GCI_LEGL_SCRE,Legal Score - LS (ITU GCI),_T,Total,_T,All age ranges or no breakdown by age,_T,Total,0_TO_20,0-20 scale,_Z,Not Applicable,_Z,Not Applicable,_Z,Not Applicable,2020,16.444498082164607,MEAN,Mean,ITU_GCI,Global Cybersecurity Index,0,Units,IX,Index,602,CCYY,A,Normal value,PU,Public
datastructure,WB.DATA360:DS_DATA360(1.2),I,A,Annual,BRA,Brazil,ITU_GCI_LEGL_SCRE,Legal Score - LS (ITU GCI),_T,Total,_T,All age ranges or no breakdown by age,_T,Total,0_TO_20,0-20 scale,_Z,Not Applicable,_Z,Not Applicable,_Z,Not Applicable,2020,20.0,MEAN,Mean,ITU_GCI,Global Cybersecurity Index,0,Units,IX,Index,602,CCYY,A,Normal value,PU,Public
datastructure,WB.DATA360:DS_DATA360(1.2),I,A,Annual,BRN,Brunei Darussalam,ITU_GCI_LEGL_SCRE,Legal Score - LS (ITU GCI),_T,Total,_T,All age ranges or no breakdown by age,_T,Total,0_TO_20,0-20 scale,_Z,Not Applicable,_Z,Not Applicable,_Z,Not Applicable,2020,14.063465423448578,MEAN,Mean,ITU_GCI,Global Cybersecurity Index,0,Units,IX,Index,602,CCYY,A,Normal value,PU,Public
datastructure,WB.DATA360:DS_DATA360(1.2),I,A,Annual,BGR,Bulgaria,ITU_GCI_LEGL_SCRE,Legal Score - LS (ITU GCI),_T,Total,_T,All age ranges or no breakdown by age,_T,Total,0_TO_20,0-20 scale,_Z,Not Applicable,_Z,Not Applicable,_Z,Not Applicable,2020,17.336707001447394,MEAN,Mean,ITU_GCI,Global Cybersecurity Index,0,Units,IX,Index,602,CCYY,A,Normal value,PU,Public
datastructure,WB.DATA360:DS_DATA360(1.2),I,A,Annual,BFA,Burkina Faso,ITU_GCI_LEGL_SCRE,Legal Score - LS (ITU GCI),_T,Total,_T,All age ranges or no breakdown by age,_T,Total,0_TO_20,0-20 scale,_Z,Not Applicable,_Z,Not Applicable,_Z,Not Applicable,2020,9.472934177916164,MEAN,Mean,ITU_GCI,Global Cybersecurity Index,0,Units,IX,Index,602,CCYY,A,Normal value,PU,Public
datastructure,WB.DATA360:DS_DATA360(1.2),I,A,Annual,BDI,Burundi,ITU_GCI_LEGL_SCRE,Legal Score - LS (ITU GCI),_T,Total,_T,All age ranges or no breakdown by age,_T,Total,0_TO_20,0-20 scale,_Z,Not Applicable,_Z,Not Applicable,_Z,Not Applicable,2020,1.727957760407723,MEAN,Mean,ITU_GCI,Global Cybersecurity Index,0,Units,IX,Index,602,CCYY,A,Normal value,PU,Public
datastructure,WB.DATA360:DS_DATA360(1.2),I,A,Annual,CPV,Cabo Verde,ITU_GCI_LEGL_SCRE,Legal Score - LS (ITU GCI),_T,Total,_T,All age ranges or no breakdown by age,_T,Total,0_TO_20,0-20 scale,_Z,Not Applicable,_Z,Not Applicable,_Z,Not Applicable,2020,3.77304450804038,MEAN,Mean,ITU_GCI,Global Cybersecurity Index,0,Units,IX,Index,602,CCYY,A,Normal value,PU,Public
datastructure,WB.DATA360:DS_DATA360(1.2),I,A,Annual,KHM,Cambodia,ITU_GCI_LEGL_SCRE,Legal Score - LS (ITU GCI),_T,Total,_T,All age ranges or no breakdown by age,_T,Total,0_TO_20,0-20 scale,_Z,Not Applicable,_Z,Not Applicable,_Z,Not Applicable,2020,7.375709623944804,MEAN,Mean,ITU_GCI,Global Cybersecurity Index,0,Units,IX,Index,602,CCYY,A,Normal value,PU,Public
datastructure,WB.DATA360:DS_DATA360(1.2),I,A,Annual,CMR,Cameroon,ITU_GCI_LEGL_SCRE,Legal Score - LS (ITU GCI),_T,Total,_T,All age ranges or no breakdown by age,_T,Total,0_TO_20,0-20 scale,_Z,Not Applicable,_Z,Not Applicable,_Z,Not Applicable,2020,9.837393939853754,MEAN,Mean,ITU_GCI,Global Cybersecurity Index,0,Units,IX,Index,602,CCYY,A,Normal value,PU,Public
datastructure,WB.DATA360:DS_DATA360(1.2),I,A,Annual,CAN,Canada,ITU_GCI_LEGL_SCRE,Legal Score - LS (ITU GCI),_T,Total,_T,All age ranges or no breakdown by age,_T,Total,0_TO_20,0-20 scale,_Z,Not Applicable,_Z,Not Applicable,_Z,Not Applicable,2020,20.0,MEAN,Mean,ITU_GCI,Global Cybersecurity Index,0,Units,IX,Index,602,CCYY,A,Normal value,PU,Public
datastructure,WB.DATA360:DS_DATA360(1.2),I,A,Annual,CAF,Central African Republic,ITU_GCI_LEGL_SCRE,Legal Score - LS (ITU GCI),_T,Total,_T,All age ranges or no breakdown by age,_T,Total,0_TO_20,0-20 scale,_Z,Not Applicable,_Z,Not Applicable,_Z,Not Applicable,2020,3.243382479209087,MEAN,Mean,ITU_GCI,Global Cybersecurity Index,0,Units,IX,Index,602,CCYY,A,Normal value,PU,Public
datastructure,WB.DATA360:DS_DATA360(1.2),I,A,Annual,TCD,Chad,ITU_GCI_LEGL_SCRE,Legal Score - LS (ITU GCI),_T,Total,_T,All age ranges or no breakdown by age,_T,Total,0_TO_20,0-20 scale,_Z,Not Applicable,_Z,Not Applicable,_Z,Not Applicable,2020,13.433031231786009,MEAN,Mean,ITU_GCI,Global Cybersecurity Index,0,Units,IX,Index,602,CCYY,A,Normal value,PU,Public
datastructure,WB.DATA360:DS_DATA360(1.2),I,A,Annual,CHL,Chile,ITU_GCI_LEGL_SCRE,Legal Score - LS (ITU GCI),_T,Total,_T,All age ranges or no breakdown by age,_T,Total,0_TO_20,0-20 scale,_Z,Not Applicable,_Z,Not Applicable,_Z,Not Applicable,2020,17.19846303725721,MEAN,Mean,ITU_GCI,Global Cybersecurity Index,0,Units,IX,Index,602,CCYY,A,Normal value,PU,Public
datastructure,WB.DATA360:DS_DATA360(1.2),I,A,Annual,CHN,China,ITU_GCI_LEGL_SCRE,Legal Score - LS (ITU GCI),_T,Total,_T,All age ranges or no breakdown by age,_T,Total,0_TO_20,0-20 scale,_Z,Not Applicable,_Z,Not Applicable,_Z,Not Applicable,2020,20.0,MEAN,Mean,ITU_GCI,Global Cybersecurity Index,0,Units,IX,Index,602,CCYY,A,Normal value,PU,Public
datastructure,WB.DATA360:DS_DATA360(1.2),I,A,Annual,COL,Colombia,ITU_GCI_LEGL_SCRE,Legal Score - LS (ITU GCI),_T,Total,_T,All age ranges or no breakdown by age,_T,Total,0_TO_20,0-20 scale,_Z,Not Applicable,_Z,Not Applicable,_Z,Not Applicable,2020,9.136679261460486,MEAN,Mean,ITU_GCI,Global Cybersecurity Index,0,Units,IX,Index,602,CCYY,A,Normal value,PU,Public
datastructure,WB.DATA360:DS_DATA360(1.2),I,A,Annual,COM,Comoros,ITU_GCI_LEGL_SCRE,Legal Score - LS (ITU GCI),_T,Total,_T,All age ranges or no breakdown by age,_T,Total,0_TO_20,0-20 scale,_Z,Not Applicable,_Z,Not Applicable,_Z,Not Applicable,2020,0.0,MEAN,Mean,ITU_GCI,Global Cybersecurity Index,0,Units,IX,Index,602,CCYY,A,Normal value,PU,Public
datastructure,WB.DATA360:DS_DATA360(1.2),I,A,Annual,COG,"Congo, Rep.",ITU_GCI_LEGL_SCRE,Legal Score - LS (ITU GCI),_T,Total,_T,All age ranges or no breakdown by age,_T,Total,0_TO_20,0-20 scale,_Z,Not Applicable,_Z,Not Applicable,_Z,Not Applicable,2020,6.662914939289517,MEAN,Mean,ITU_GCI,Global Cybersecurity Index,0,Units,IX,Index,602,CCYY,A,Normal value,PU,Public
datastructure,WB.DATA360:DS_DATA360(1.2),I,A,Annual,CRI,Costa Rica,ITU_GCI_LEGL_SCRE,Legal Score - LS (ITU GCI),_T,Total,_T,All age ranges or no breakdown by age,_T,Total,0_TO_20,0-20 scale,_Z,Not Applicable,_Z,Not Applicable,_Z,Not Applicable,2020,17.61791661410428,MEAN,Mean,ITU_GCI,Global Cybersecurity Index,0,Units,IX,Index,602,CCYY,A,Normal value,PU,Public
datastructure,WB.DATA360:DS_DATA360(1.2),I,A,Annual,CIV,Cote d'Ivoire,ITU_GCI_LEGL_SCRE,Legal Score - LS (ITU GCI),_T,Total,_T,All age ranges or no breakdown by age,_T,Total,0_TO_20,0-20 scale,_Z,Not Applicable,_Z,Not Applicable,_Z,Not Applicable,2020,17.95343025286729,MEAN,Mean,ITU_GCI,Global Cybersecurity Index,0,Units,IX,Index,602,CCYY,A,Normal value,PU,Public
datastructure,WB.DATA360:DS_DATA360(1.2),I,A,Annual,HRV,Croatia,ITU_GCI_LEGL_SCRE,Legal Score - LS (ITU GCI),_T,Total,_T,All age ranges or no breakdown by age,_T,Total,0_TO_20,0-20 scale,_Z,Not Applicable,_Z,Not Applicable,_Z,Not Applicable,2020,20.0,MEAN,Mean,ITU_GCI,Global Cybersecurity Index,0,Units,IX,Index,602,CCYY,A,Normal value,PU,Public
datastructure,WB.DATA360:DS_DATA360(1.2),I,A,Annual,CUB,Cuba,ITU_GCI_LEGL_SCRE,Legal Score - LS (ITU GCI),_T,Total,_T,All age ranges or no breakdown by age,_T,Total,0_TO_20,0-20 scale,_Z,Not Applicable,_Z,Not Applicable,_Z,Not Applicable,2020,14.846144749834409,MEAN,Mean,ITU_GCI,Global Cybersecurity Index,0,Units,IX,Index,602,CCYY,A,Normal value,PU,Public
datastructure,WB.DATA360:DS_DATA360(1.2),I,A,Annual,CYP,Cyprus,ITU_GCI_LEGL_SCRE,Legal Score - LS (ITU GCI),_T,Total,_T,All age ranges or no breakdown by age,_T,Total,0_TO_20,0-20 scale,_Z,Not Applicable,_Z,Not Applicable,_Z,Not Applicable,2020,20.0,MEAN,Mean,ITU_GCI,Global Cybersecurity Index,0,Units,IX,Index,602,CCYY,A,Normal value,PU,Public
datastructure,WB.DATA360:DS_DATA360(1.2),I,A,Annual,CZE,Czechia,ITU_GCI_LEGL_SCRE,Legal Score - LS (ITU GCI),_T,Total,_T,All age ranges or no breakdown by age,_T,Total,0_TO_20,0-20 scale,_Z,Not Applicable,_Z,Not Applicable,_Z,Not Applicable,2020,18.889501513347337,MEAN,Mean,ITU_GCI,Global Cybersecurity Index,0,Units,IX,Index,602,CCYY,A,Normal value,PU,Public
datastructure,WB.DATA360:DS_DATA360(1.2),I,A,Annual,PRK,"Korea, Dem. People's Rep.",ITU_GCI_LEGL_SCRE,Legal Score - LS (ITU GCI),_T,Total,_T,All age ranges or no breakdown by age,_T,Total,0_TO_20,0-20 scale,_Z,Not Applicable,_Z,Not Applicable,_Z,Not Applicable,2020,1.347571154447661,MEAN,Mean,ITU_GCI,Global Cybersecurity Index,0,Units,IX,Index,602,CCYY,A,Normal value,PU,Public
datastructure,WB.DATA360:DS_DATA360(1.2),I,A,Annual,COD,"Congo, Dem. Rep.",ITU_GCI_LEGL_SCRE,Legal Score - LS (ITU GCI),_T,Total,_T,All age ranges or no breakdown by age,_T,Total,0_TO_20,0-20 scale,_Z,Not Applicable,_Z,Not Applicable,_Z,Not Applicable,2020,5.296650994351706,MEAN,Mean,ITU_GCI,Global Cybersecurity Index,0,Units,IX,Index,602,CCYY,A,Normal value,PU,Public
datastructure,WB.DATA360:DS_DATA360(1.2),I,A,Annual,DNK,Denmark,ITU_GCI_LEGL_SCRE,Legal Score - LS (ITU GCI),_T,Total,_T,All age ranges or no breakdown by age,_T,Total,0_TO_20,0-20 scale,_Z,Not Applicable,_Z,Not Applicable,_Z,Not Applicable,2020,19.299662741794027,MEAN,Mean,ITU_GCI,Global Cybersecurity Index,0,Units,IX,Index,602,CCYY,A,Normal value,PU,Public
datastructure,WB.DATA360:DS_DATA360(1.2),I,A,Annual,DJI,Djibouti,ITU_GCI_LEGL_SCRE,Legal Score - LS (ITU GCI),_T,Total,_T,All age ranges or no breakdown by age,_T,Total,0_TO_20,0-20 scale,_Z,Not Applicable,_Z,Not Applicable,_Z,Not Applicable,2020,1.727957760407723,MEAN,Mean,ITU_GCI,Global Cybersecurity Index,0,Units,IX,Index,602,CCYY,A,Normal value,PU,Public
datastructure,WB.DATA360:DS_DATA360(1.2),I,A,Annual,DMA,Dominica,ITU_GCI_LEGL_SCRE,Legal Score - LS (ITU GCI),_T,Total,_T,All age ranges or no breakdown by age,_T,Total,0_TO_20,0-20 scale,_Z,Not Applicable,_Z,Not Applicable,_Z,Not Applicable,2020,0.8542026813743363,MEAN,Mean,ITU_GCI,Global Cybersecurity Index,0,Units,IX,Index,602,CCYY,A,Normal value,PU,Public
datastructure,WB.DATA360:DS_DATA360(1.2),I,A,Annual,DOM,Dominican Republic,ITU_GCI_LEGL_SCRE,Legal Score - LS (ITU GCI),_T,Total,_T,All age ranges or no breakdown by age,_T,Total,0_TO_20,0-20 scale,_Z,Not Applicable,_Z,Not Applicable,_Z,Not Applicable,2020,16.378858857275908,MEAN,Mean,ITU_GCI,Global Cybersecurity Index,0,Units,IX,Index,602,CCYY,A,Normal value,PU,Public
datastructure,WB.DATA360:DS_DATA360(1.2),I,A,Annual,ECU,Ecuador,ITU_GCI_LEGL_SCRE,Legal Score - LS (ITU GCI),_T,Total,_T,All age ranges or no breakdown by age,_T,Total,0_TO_20,0-20 scale,_Z,Not Applicable,_Z,Not Applicable,_Z,Not Applicable,2020,10.220550027355351,MEAN,Mean,ITU_GCI,Global Cybersecurity Index,0,Units,IX,Index,602,CCYY,A,Normal value,PU,Public
datastructure,WB.DATA360:DS_DATA360(1.2),I,A,Annual,EGY,"Egypt, Arab Rep.",ITU_GCI_LEGL_SCRE,Legal Score - LS (ITU GCI),_T,Total,_T,All age ranges or no breakdown by age,_T,Total,0_TO_20,0-20 scale,_Z,Not Applicable,_Z,Not Applicable,_Z,Not Applicable,2020,20.0,MEAN,Mean,ITU_GCI,Global Cybersecurity Index,0,Units,IX,Index,602,CCYY,A,Normal value,PU,Public
datastructure,WB.DATA360:DS_DATA360(1.2),I,A,Annual,SLV,El Salvador,ITU_GCI_LEGL_SCRE,Legal Score - LS (ITU GCI),_T,Total,_T,All age ranges or no breakdown by age,_T,Total,0_TO_20,0-20 scale,_Z,Not Applicable,_Z,Not Applicable,_Z,Not Applicable,2020,8.315020506997135,MEAN,Mean,ITU_GCI,Global Cybersecurity Index,0,Units,IX,Index,602,CCYY,A,Normal value,PU,Public
datastructure,WB.DATA360:DS_DATA360(1.2),I,A,Annual,GNQ,Equatorial Guinea,ITU_GCI_LEGL_SCRE,Legal Score - LS (ITU GCI),_T,Total,_T,All age ranges or no breakdown by age,_T,Total,0_TO_20,0-20 scale,_Z,Not Applicable,_Z,Not Applicable,_Z,Not Applicable,2020,1.4600374400603742,MEAN,Mean,ITU_GCI,Global Cybersecurity Index,0,Units,IX,Index,602,CCYY,A,Normal value,PU,Public
datastructure,WB.DATA360:DS_DATA360(1.2),I,A,Annual,ERI,Eritrea,ITU_GCI_LEGL_SCRE,Legal Score - LS (ITU GCI),_T,Total,_T,All age ranges or no breakdown by age,_T,Total,0_TO_20,0-20 scale,_Z,Not Applicable,_Z,Not Applicable,_Z,Not Applicable,2020,1.727957760407723,MEAN,Mean,ITU_GCI,Global Cybersecurity Index,0,Units,IX,Index,602,CCYY,A,Normal value,PU,Public
datastructure,WB.DATA360:DS_DATA360(1.2),I,A,Annual,EST,Estonia,ITU_GCI_LEGL_SCRE,Legal Score - LS (ITU GCI),_T,Total,_T,All age ranges or no breakdown by age,_T,Total,0_TO_20,0-20 scale,_Z,Not Applicable,_Z,Not Applicable,_Z,Not Applicable,2020,20.0,MEAN,Mean,ITU_GCI,Global Cybersecurity Index,0,Units,IX,Index,602,CCYY,A,Normal value,PU,Public
datastructure,WB.DATA360:DS_DATA360(1.2),I,A,Annual,SWZ,Eswatini,ITU_GCI_LEGL_SCRE,Legal Score - LS (ITU GCI),_T,Total,_T,All age ranges or no breakdown by age,_T,Total,0_TO_20,0-20 scale,_Z,Not Applicable,_Z,Not Applicable,_Z,Not Applicable,2020,4.956058158963673,MEAN,Mean,ITU_GCI,Global Cybersecurity Index,0,Units,IX,Index,602,CCYY,A,Normal value,PU,Public
datastructure,WB.DATA360:DS_DATA360(1.2),I,A,Annual,ETH,Ethiopia,ITU_GCI_LEGL_SCRE,Legal Score - LS (ITU GCI),_T,Total,_T,All age ranges or no breakdown by age,_T,Total,0_TO_20,0-20 scale,_Z,Not Applicable,_Z,Not Applicable,_Z,Not Applicable,2020,11.561376055354035,MEAN,Mean,ITU_GCI,Global Cybersecurity Index,0,Units,IX,Index,602,CCYY,A,Normal value,PU,Public
datastructure,WB.DATA360:DS_DATA360(1.2),I,A,Annual,FJI,Fiji,ITU_GCI_LEGL_SCRE,Legal Score - LS (ITU GCI),_T,Total,_T,All age ranges or no breakdown by age,_T,Total,0_TO_20,0-20 scale,_Z,Not Applicable,_Z,Not Applicable,_Z,Not Applicable,2020,5.986654387731818,MEAN,Mean,ITU_GCI,Global Cybersecurity Index,0,Units,IX,Index,602,CCYY,A,Normal value,PU,Public
datastructure,WB.DATA360:DS_DATA360(1.2),I,A,Annual,FIN,Finland,ITU_GCI_LEGL_SCRE,Legal Score - LS (ITU GCI),_T,Total,_T,All age ranges or no breakdown by age,_T,Total,0_TO_20,0-20 scale,_Z,Not Applicable,_Z,Not Applicable,_Z,Not Applicable,2020,20.0,MEAN,Mean,ITU_GCI,Global Cybersecurity Index,0,Units,IX,Index,602,CCYY,A,Normal value,PU,Public
datastructure,WB.DATA360:DS_DATA360(1.2),I,A,Annual,FRA,France,ITU_GCI_LEGL_SCRE,Legal Score - LS (ITU GCI),_T,Total,_T,All age ranges or no breakdown by age,_T,Total,0_TO_20,0-20 scale,_Z,Not Applicable,_Z,Not Applicable,_Z,Not Applicable,2020,20.0,MEAN,Mean,ITU_GCI,Global Cybersecurity Index,0,Units,IX,Index,602,CCYY,A,Normal value,PU,Public
datastructure,WB.DATA360:DS_DATA360(1.2),I,A,Annual,GAB,Gabon,ITU_GCI_LEGL_SCRE,Legal Score - LS (ITU GCI),_T,Total,_T,All age ranges or no breakdown by age,_T,Total,0_TO_20,0-20 scale,_Z,Not Applicable,_Z,Not Applicable,_Z,Not Applicable,2020,4.235209967393521,MEAN,Mean,ITU_GCI,Global Cybersecurity Index,0,Units,IX,Index,602,CCYY,A,Normal value,PU,Public
datastructure,WB.DATA360:DS_DATA360(1.2),I,A,Annual,GMB,"Gambia, The",ITU_GCI_LEGL_SCRE,Legal Score - LS (ITU GCI),_T,Total,_T,All age ranges or no breakdown by age,_T,Total,0_TO_20,0-20 scale,_Z,Not Applicable,_Z,Not Applicable,_Z,Not Applicable,2020,13.282908553025605,MEAN,Mean,ITU_GCI,Global Cybersecurity Index,0,Units,IX,Index,602,CCYY,A,Normal value,PU,Public
datastructure,WB.DATA360:DS_DATA360(1.2),I,A,Annual,GEO,Georgia,ITU_GCI_LEGL_SCRE,Legal Score - LS (ITU GCI),_T,Total,_T,All age ranges or no breakdown by age,_T,Total,0_TO_20,0-20 scale,_Z,Not Applicable,_Z,Not Applicable,_Z,Not Applicable,2020,17.75216495813796,MEAN,Mean,ITU_GCI,Global Cybersecurity Index,0,Units,IX,Index,602,CCYY,A,Normal value,PU,Public
datastructure,WB.DATA360:DS_DATA360(1.2),I,A,Annual,DEU,Germany,ITU_GCI_LEGL_SCRE,Legal Score - LS (ITU GCI),_T,Total,_T,All age ranges or no breakdown by age,_T,Total,0_TO_20,0-20 scale,_Z,Not Applicable,_Z,Not Applicable,_Z,Not Applicable,2020,20.0,MEAN,Mean,ITU_GCI,Global Cybersecurity Index,0,Units,IX,Index,602,CCYY,A,Normal value,PU,Public
datastructure,WB.DATA360:DS_DATA360(1.2),I,A,Annual,GHA,Ghana,ITU_GCI_LEGL_SCRE,Legal Score - LS (ITU GCI),_T,Total,_T,All age ranges or no breakdown by age,_T,Total,0_TO_20,0-20 scale,_Z,Not Applicable,_Z,Not Applicable,_Z,Not Applicable,2020,19.35214571118416,MEAN,Mean,ITU_GCI,Global Cybersecurity Index,0,Units,IX,Index,602,CCYY,A,Normal value,PU,Public
datastructure,WB.DATA360:DS_DATA360(1.2),I,A,Annual,GRC,Greece,ITU_GCI_LEGL_SCRE,Legal Score - LS (ITU GCI),_T,Total,_T,All age ranges or no breakdown by age,_T,Total,0_TO_20,0-20 scale,_Z,Not Applicable,_Z,Not Applicable,_Z,Not Applicable,2020,19.42794572437014,MEAN,Mean,ITU_GCI,Global Cybersecurity Index,0,Units,IX,Index,602,CCYY,A,Normal value,PU,Public
datastructure,WB.DATA360:DS_DATA360(1.2),I,A,Annual,GRD,Grenada,ITU_GCI_LEGL_SCRE,Legal Score - LS (ITU GCI),_T,Total,_T,All age ranges or no breakdown by age,_T,Total,0_TO_20,0-20 scale,_Z,Not Applicable,_Z,Not Applicable,_Z,Not Applicable,2020,9.412871644052416,MEAN,Mean,ITU_GCI,Global Cybersecurity Index,0,Units,IX,Index,602,CCYY,A,Normal value,PU,Public
datastructure,WB.DATA360:DS_DATA360(1.2),I,A,Annual,GTM,Guatemala,ITU_GCI_LEGL_SCRE,Legal Score - LS (ITU GCI),_T,Total,_T,All age ranges or no breakdown by age,_T,Total,0_TO_20,0-20 scale,_Z,Not Applicable,_Z,Not Applicable,_Z,Not Applicable,2020,4.763636385806052,MEAN,Mean,ITU_GCI,Global Cybersecurity Index,0,Units,IX,Index,602,CCYY,A,Normal value,PU,Public
datastructure,WB.DATA360:DS_DATA360(1.2),I,A,Annual,GIN,Guinea,ITU_GCI_LEGL_SCRE,Legal Score - LS (ITU GCI),_T,Total,_T,All age ranges or no breakdown by age,_T,Total,0_TO_20,0-20 scale,_Z,Not Applicable,_Z,Not Applicable,_Z,Not Applicable,2020,12.542285328162707,MEAN,Mean,ITU_GCI,Global Cybersecurity Index,0,Units,IX,Index,602,CCYY,A,Normal value,PU,Public
datastructure,WB.DATA360:DS_DATA360(1.2),I,A,Annual,GNB,Guinea-Bissau,ITU_GCI_LEGL_SCRE,Legal Score - LS (ITU GCI),_T,Total,_T,All age ranges or no breakdown by age,_T,Total,0_TO_20,0-20 scale,_Z,Not Applicable,_Z,Not Applicable,_Z,Not Applicable,2020,0.0,MEAN,Mean,ITU_GCI,Global Cybersecurity Index,0,Units,IX,Index,602,CCYY,A,Normal value,PU,Public
datastructure,WB.DATA360:DS_DATA360(1.2),I,A,Annual,GUY,Guyana,ITU_GCI_LEGL_SCRE,Legal Score - LS (ITU GCI),_T,Total,_T,All age ranges or no breakdown by age,_T,Total,0_TO_20,0-20 scale,_Z,Not Applicable,_Z,Not Applicable,_Z,Not Applicable,2020,13.116235878473718,MEAN,Mean,ITU_GCI,Global Cybersecurity Index,0,Units,IX,Index,602,CCYY,A,Normal value,PU,Public
datastructure,WB.DATA360:DS_DATA360(1.2),I,A,Annual,HTI,Haiti,ITU_GCI_LEGL_SCRE,Legal Score - LS (ITU GCI),_T,Total,_T,All age ranges or no breakdown by age,_T,Total,0_TO_20,0-20 scale,_Z,Not Applicable,_Z,Not Applicable,_Z,Not Applicable,2020,0.8542026813743363,MEAN,Mean,ITU_GCI,Global Cybersecurity Index,0,Units,IX,Index,602,CCYY,A,Normal value,PU,Public
datastructure,WB.DATA360:DS_DATA360(1.2),I,A,Annual,HND,Honduras,ITU_GCI_LEGL_SCRE,Legal Score - LS (ITU GCI),_T,Total,_T,All age ranges or no breakdown by age,_T,Total,0_TO_20,0-20 scale,_Z,Not Applicable,_Z,Not Applicable,_Z,Not Applicable,2020,2.2045693397103268,MEAN,Mean,ITU_GCI,Global Cybersecurity Index,0,Units,IX,Index,602,CCYY,A,Normal value,PU,Public
datastructure,WB.DATA360:DS_DATA360(1.2),I,A,Annual,HUN,Hungary,ITU_GCI_LEGL_SCRE,Legal Score - LS (ITU GCI),_T,Total,_T,All age ranges or no breakdown by age,_T,Total,0_TO_20,0-20 scale,_Z,Not Applicable,_Z,Not Applicable,_Z,Not Applicable,2020,18.15555419053431,MEAN,Mean,ITU_GCI,Global Cybersecurity Index,0,Units,IX,Index,602,CCYY,A,Normal value,PU,Public
datastructure,WB.DATA360:DS_DATA360(1.2),I,A,Annual,ISL,Iceland,ITU_GCI_LEGL_SCRE,Legal Score - LS (ITU GCI),_T,Total,_T,All age ranges or no breakdown by age,_T,Total,0_TO_20,0-20 scale,_Z,Not Applicable,_Z,Not Applicable,_Z,Not Applicable,2020,17.775167584574245,MEAN,Mean,ITU_GCI,Global Cybersecurity Index,0,Units,IX,Index,602,CCYY,A,Normal value,PU,Public
datastructure,WB.DATA360:DS_DATA360(1.2),I,A,Annual,IND,India,ITU_GCI_LEGL_SCRE,Legal Score - LS (ITU GCI),_T,Total,_T,All age ranges or no breakdown by age,_T,Total,0_TO_20,0-20 scale,_Z,Not Applicable,_Z,Not Applicable,_Z,Not Applicable,2020,20.0,MEAN,Mean,ITU_GCI,Global Cybersecurity Index,0,Units,IX,Index,602,CCYY,A,Normal value,PU,Public
datastructure,WB.DATA360:DS_DATA360(1.2),I,A,Annual,IDN,Indonesia,ITU_GCI_LEGL_SCRE,Legal Score - LS (ITU GCI),_T,Total,_T,All age ranges or no breakdown by age,_T,Total,0_TO_20,0-20 scale,_Z,Not Applicable,_Z,Not Applicable,_Z,Not Applicable,2020,18.47948133494223,MEAN,Mean,ITU_GCI,Global Cybersecurity Index,0,Units,IX,Index,602,CCYY,A,Normal value,PU,Public
datastructure,WB.DATA360:DS_DATA360(1.2),I,A,Annual,IRN,"Iran, Islamic Rep.",ITU_GCI_LEGL_SCRE,Legal Score - LS (ITU GCI),_T,Total,_T,All age ranges or no breakdown by age,_T,Total,0_TO_20,0-20 scale,_Z,Not Applicable,_Z,Not Applicable,_Z,Not Applicable,2020,16.475034322401488,MEAN,Mean,ITU_GCI,Global Cybersecurity Index,0,Units,IX,Index,602,CCYY,A,Normal value,PU,Public
datastructure,WB.DATA360:DS_DATA360(1.2),I,A,Annual,IRQ,Iraq,ITU_GCI_LEGL_SCRE,Legal Score - LS (ITU GCI),_T,Total,_T,All age ranges or no breakdown by age,_T,Total,0_TO_20,0-20 scale,_Z,Not Applicable,_Z,Not Applicable,_Z,Not Applicable,2020,0.0,MEAN,Mean,ITU_GCI,Global Cybersecurity Index,0,Units,IX,Index,602,CCYY,A,Normal value,PU,Public
datastructure,WB.DATA360:DS_DATA360(1.2),I,A,Annual,IRL,Ireland,ITU_GCI_LEGL_SCRE,Legal Score - LS (ITU GCI),_T,Total,_T,All age ranges or no breakdown by age,_T,Total,0_TO_20,0-20 scale,_Z,Not Applicable,_Z,Not Applicable,_Z,Not Applicable,2020,20.0,MEAN,Mean,ITU_GCI,Global Cybersecurity Index,0,Units,IX,Index,602,CCYY,A,Normal value,PU,Public
datastructure,WB.DATA360:DS_DATA360(1.2),I,A,Annual,ISR,Israel,ITU_GCI_LEGL_SCRE,Legal Score - LS (ITU GCI),_T,Total,_T,All age ranges or no breakdown by age,_T,Total,0_TO_20,0-20 scale,_Z,Not Applicable,_Z,Not Applicable,_Z,Not Applicable,2020,19.67607285559208,MEAN,Mean,ITU_GCI,Global Cybersecurity Index,0,Units,IX,Index,602,CCYY,A,Normal value,PU,Public
datastructure,WB.DATA360:DS_DATA360(1.2),I,A,Annual,ITA,Italy,ITU_GCI_LEGL_SCRE,Legal Score - LS (ITU GCI),_T,Total,_T,All age ranges or no breakdown by age,_T,Total,0_TO_20,0-20 scale,_Z,Not Applicable,_Z,Not Applicable,_Z,Not Applicable,2020,19.67607285559208,MEAN,Mean,ITU_GCI,Global Cybersecurity Index,0,Units,IX,Index,602,CCYY,A,Normal value,PU,Public
datastructure,WB.DATA360:DS_DATA360(1.2),I,A,Annual,JAM,Jamaica,ITU_GCI_LEGL_SCRE,Legal Score - LS (ITU GCI),_T,Total,_T,All age ranges or no breakdown by age,_T,Total,0_TO_20,0-20 scale,_Z,Not Applicable,_Z,Not Applicable,_Z,Not Applicable,2020,11.54485899410554,MEAN,Mean,ITU_GCI,Global Cybersecurity Index,0,Units,IX,Index,602,CCYY,A,Normal value,PU,Public
datastructure,WB.DATA360:DS_DATA360(1.2),I,A,Annual,JPN,Japan,ITU_GCI_LEGL_SCRE,Legal Score - LS (ITU GCI),_T,Total,_T,All age ranges or no breakdown by age,_T,Total,0_TO_20,0-20 scale,_Z,Not Applicable,_Z,Not Applicable,_Z,Not Applicable,2020,20.0,MEAN,Mean,ITU_GCI,Global Cybersecurity Index,0,Units,IX,Index,602,CCYY,A,Normal value,PU,Public
datastructure,WB.DATA360:DS_DATA360(1.2),I,A,Annual,JOR,Jordan,ITU_GCI_LEGL_SCRE,Legal Score - LS (ITU GCI),_T,Total,_T,All age ranges or no breakdown by age,_T,Total,0_TO_20,0-20 scale,_Z,Not Applicable,_Z,Not Applicable,_Z,Not Applicable,2020,18.53196430433236,MEAN,Mean,ITU_GCI,Global Cybersecurity Index,0,Units,IX,Index,602,CCYY,A,Normal value,PU,Public
datastructure,WB.DATA360:DS_DATA360(1.2),I,A,Annual,KAZ,Kazakhstan,ITU_GCI_LEGL_SCRE,Legal Score - LS (ITU GCI),_T,Total,_T,All age ranges or no breakdown by age,_T,Total,0_TO_20,0-20 scale,_Z,Not Applicable,_Z,Not Applicable,_Z,Not Applicable,2020,20.0,MEAN,Mean,ITU_GCI,Global Cybersecurity Index,0,Units,IX,Index,602,CCYY,A,Normal value,PU,Public
datastructure,WB.DATA360:DS_DATA360(1.2),I,A,Annual,KEN,Kenya,ITU_GCI_LEGL_SCRE,Legal Score - LS (ITU GCI),_T,Total,_T,All age ranges or no breakdown by age,_T,Total,0_TO_20,0-20 scale,_Z,Not Applicable,_Z,Not Applicable,_Z,Not Applicable,2020,20.0,MEAN,Mean,ITU_GCI,Global Cybersecurity Index,0,Units,IX,Index,602,CCYY,A,Normal value,PU,Public
datastructure,WB.DATA360:DS_DATA360(1.2),I,A,Annual,KIR,Kiribati,ITU_GCI_LEGL_SCRE,Legal Score - LS (ITU GCI),_T,Total,_T,All age ranges or no breakdown by age,_T,Total,0_TO_20,0-20 scale,_Z,Not Applicable,_Z,Not Applicable,_Z,Not Applicable,2020,6.6400168734514144,MEAN,Mean,ITU_GCI,Global Cybersecurity Index,0,Units,IX,Index,602,CCYY,A,Normal value,PU,Public
datastructure,WB.DATA360:DS_DATA360(1.2),I,A,Annual,KWT,Kuwait,ITU_GCI_LEGL_SCRE,Legal Score - LS (ITU GCI),_T,Total,_T,All age ranges or no breakdown by age,_T,Total,0_TO_20,0-20 scale,_Z,Not Applicable,_Z,Not Applicable,_Z,Not Applicable,2020,17.735809400660848,MEAN,Mean,ITU_GCI,Global Cybersecurity Index,0,Units,IX,Index,602,CCYY,A,Normal value,PU,Public
datastructure,WB.DATA360:DS_DATA360(1.2),I,A,Annual,KGZ,Kyrgyz Republic,ITU_GCI_LEGL_SCRE,Legal Score - LS (ITU GCI),_T,Total,_T,All age ranges or no breakdown by age,_T,Total,0_TO_20,0-20 scale,_Z,Not Applicable,_Z,Not Applicable,_Z,Not Applicable,2020,13.434494247445496,MEAN,Mean,ITU_GCI,Global Cybersecurity Index,0,Units,IX,Index,602,CCYY,A,Normal value,PU,Public
datastructure,WB.DATA360:DS_DATA360(1.2),I,A,Annual,LAO,Lao PDR,ITU_GCI_LEGL_SCRE,Legal Score - LS (ITU GCI),_T,Total,_T,All age ranges or no breakdown by age,_T,Total,0_TO_20,0-20 scale,_Z,Not Applicable,_Z,Not Applicable,_Z,Not Applicable,2020,11.770066046731868,MEAN,Mean,ITU_GCI,Global Cybersecurity Index,0,Units,IX,Index,602,CCYY,A,Normal value,PU,Public
datastructure,WB.DATA360:DS_DATA360(1.2),I,A,Annual,LVA,Latvia,ITU_GCI_LEGL_SCRE,Legal Score - LS (ITU GCI),_T,Total,_T,All age ranges or no breakdown by age,_T,Total,0_TO_20,0-20 scale,_Z,Not Applicable,_Z,Not Applicable,_Z,Not Applicable,2020,20.0,MEAN,Mean,ITU_GCI,Global Cybersecurity Index,0,Units,IX,Index,602,CCYY,A,Normal value,PU,Public
datastructure,WB.DATA360:DS_DATA360(1.2),I,A,Annual,LBN,Lebanon,ITU_GCI_LEGL_SCRE,Legal Score - LS (ITU GCI),_T,Total,_T,All age ranges or no breakdown by age,_T,Total,0_TO_20,0-20 scale,_Z,Not Applicable,_Z,Not Applicable,_Z,Not Applicable,2020,10.239298397612943,MEAN,Mean,ITU_GCI,Global Cybersecurity Index,0,Units,IX,Index,602,CCYY,A,Normal value,PU,Public
datastructure,WB.DATA360:DS_DATA360(1.2),I,A,Annual,LSO,Lesotho,ITU_GCI_LEGL_SCRE,Legal Score - LS (ITU GCI),_T,Total,_T,All age ranges or no breakdown by age,_T,Total,0_TO_20,0-20 scale,_Z,Not Applicable,_Z,Not Applicable,_Z,Not Applicable,2020,7.817332656780954,MEAN,Mean,ITU_GCI,Global Cybersecurity Index,0,Units,IX,Index,602,CCYY,A,Normal value,PU,Public
datastructure,WB.DATA360:DS_DATA360(1.2),I,A,Annual,LBR,Liberia,ITU_GCI_LEGL_SCRE,Legal Score - LS (ITU GCI),_T,Total,_T,All age ranges or no breakdown by age,_T,Total,0_TO_20,0-20 scale,_Z,Not Applicable,_Z,Not Applicable,_Z,Not Applicable,2020,2.31424012143471,MEAN,Mean,ITU_GCI,Global Cybersecurity Index,0,Units,IX,Index,602,CCYY,A,Normal value,PU,Public
datastructure,WB.DATA360:DS_DATA360(1.2),I,A,Annual,LBY,Libya,ITU_GCI_LEGL_SCRE,Legal Score - LS (ITU GCI),_T,Total,_T,All age ranges or no breakdown by age,_T,Total,0_TO_20,0-20 scale,_Z,Not Applicable,_Z,Not Applicable,_Z,Not Applicable,2020,3.728243035382408,MEAN,Mean,ITU_GCI,Global Cybersecurity Index,0,Units,IX,Index,602,CCYY,A,Normal value,PU,Public
datastructure,WB.DATA360:DS_DATA360(1.2),I,A,Annual,LIE,Liechtenstein,ITU_GCI_LEGL_SCRE,Legal Score - LS (ITU GCI),_T,Total,_T,All age ranges or no breakdown by age,_T,Total,0_TO_20,0-20 scale,_Z,Not Applicable,_Z,Not Applicable,_Z,Not Applicable,2020,9.0423368838014,MEAN,Mean,ITU_GCI,Global Cybersecurity Index,0,Units,IX,Index,602,CCYY,A,Normal value,PU,Public
datastructure,WB.DATA360:DS_DATA360(1.2),I,A,Annual,LTU,Lithuania,ITU_GCI_LEGL_SCRE,Legal Score - LS (ITU GCI),_T,Total,_T,All age ranges or no breakdown by age,_T,Total,0_TO_20,0-20 scale,_Z,Not Applicable,_Z,Not Applicable,_Z,Not Applicable,2020,20.0,MEAN,Mean,ITU_GCI,Global Cybersecurity Index,0,Units,IX,Index,602,CCYY,A,Normal value,PU,Public
datastructure,WB.DATA360:DS_DATA360(1.2),I,A,Annual,LUX,Luxembourg,ITU_GCI_LEGL_SCRE,Legal Score - LS (ITU GCI),_T,Total,_T,All age ranges or no breakdown by age,_T,Total,0_TO_20,0-20 scale,_Z,Not Applicable,_Z,Not Applicable,_Z,Not Applicable,2020,20.0,MEAN,Mean,ITU_GCI,Global Cybersecurity Index,0,Units,IX,Index,602,CCYY,A,Normal value,PU,Public
datastructure,WB.DATA360:DS_DATA360(1.2),I,A,Annual,MDG,Madagascar,ITU_GCI_LEGL_SCRE,Legal Score - LS (ITU GCI),_T,Total,_T,All age ranges or no breakdown by age,_T,Total,0_TO_20,0-20 scale,_Z,Not Applicable,_Z,Not Applicable,_Z,Not Applicable,2020,8.962874795812969,MEAN,Mean,ITU_GCI,Global Cybersecurity Index,0,Units,IX,Index,602,CCYY,A,Normal value,PU,Public
datastructure,WB.DATA360:DS_DATA360(1.2),I,A,Annual,MWI,Malawi,ITU_GCI_LEGL_SCRE,Legal Score - LS (ITU GCI),_T,Total,_T,All age ranges or no breakdown by age,_T,Total,0_TO_20,0-20 scale,_Z,Not Applicable,_Z,Not Applicable,_Z,Not Applicable,2020,10.980648976643373,MEAN,Mean,ITU_GCI,Global Cybersecurity Index,0,Units,IX,Index,602,CCYY,A,Normal value,PU,Public
datastructure,WB.DATA360:DS_DATA360(1.2),I,A,Annual,MYS,Malaysia,ITU_GCI_LEGL_SCRE,Legal Score - LS (ITU GCI),_T,Total,_T,All age ranges or no breakdown by age,_T,Total,0_TO_20,0-20 scale,_Z,Not Applicable,_Z,Not Applicable,_Z,Not Applicable,2020,20.0,MEAN,Mean,ITU_GCI,Global Cybersecurity Index,0,Units,IX,Index,602,CCYY,A,Normal value,PU,Public
datastructure,WB.DATA360:DS_DATA360(1.2),I,A,Annual,MDV,Maldives,ITU_GCI_LEGL_SCRE,Legal Score - LS (ITU GCI),_T,Total,_T,All age ranges or no breakdown by age,_T,Total,0_TO_20,0-20 scale,_Z,Not Applicable,_Z,Not Applicable,_Z,Not Applicable,2020,0.0,MEAN,Mean,ITU_GCI,Global Cybersecurity Index,0,Units,IX,Index,602,CCYY,A,Normal value,PU,Public
datastructure,WB.DATA360:DS_DATA360(1.2),I,A,Annual,MLI,Mali,ITU_GCI_LEGL_SCRE,Legal Score - LS (ITU GCI),_T,Total,_T,All age ranges or no breakdown by age,_T,Total,0_TO_20,0-20 scale,_Z,Not Applicable,_Z,Not Applicable,_Z,Not Applicable,2020,5.8854174317512,MEAN,Mean,ITU_GCI,Global Cybersecurity Index,0,Units,IX,Index,602,CCYY,A,Normal value,PU,Public
datastructure,WB.DATA360:DS_DATA360(1.2),I,A,Annual,MLT,Malta,ITU_GCI_LEGL_SCRE,Legal Score - LS (ITU GCI),_T,Total,_T,All age ranges or no breakdown by age,_T,Total,0_TO_20,0-20 scale,_Z,Not Applicable,_Z,Not Applicable,_Z,Not Applicable,2020,20.0,MEAN,Mean,ITU_GCI,Global Cybersecurity Index,0,Units,IX,Index,602,CCYY,A,Normal value,PU,Public
datastructure,WB.DATA360:DS_DATA360(1.2),I,A,Annual,MHL,Marshall Islands,ITU_GCI_LEGL_SCRE,Legal Score - LS (ITU GCI),_T,Total,_T,All age ranges or no breakdown by age,_T,Total,0_TO_20,0-20 scale,_Z,Not Applicable,_Z,Not Applicable,_Z,Not Applicable,2020,0.8275663208669628,MEAN,Mean,ITU_GCI,Global Cybersecurity Index,0,Units,IX,Index,602,CCYY,A,Normal value,PU,Public
datastructure,WB.DATA360:DS_DATA360(1.2),I,A,Annual,MRT,Mauritania,ITU_GCI_LEGL_SCRE,Legal Score - LS (ITU GCI),_T,Total,_T,All age ranges or no breakdown by age,_T,Total,0_TO_20,0-20 scale,_Z,Not Applicable,_Z,Not Applicable,_Z,Not Applicable,2020,12.550391541977932,MEAN,Mean,ITU_GCI,Global Cybersecurity Index,0,Units,IX,Index,602,CCYY,A,Normal value,PU,Public
datastructure,WB.DATA360:DS_DATA360(1.2),I,A,Annual,MUS,Mauritius,ITU_GCI_LEGL_SCRE,Legal Score - LS (ITU GCI),_T,Total,_T,All age ranges or no breakdown by age,_T,Total,0_TO_20,0-20 scale,_Z,Not Applicable,_Z,Not Applicable,_Z,Not Applicable,2020,19.27268362319573,MEAN,Mean,ITU_GCI,Global Cybersecurity Index,0,Units,IX,Index,602,CCYY,A,Normal value,PU,Public
datastructure,WB.DATA360:DS_DATA360(1.2),I,A,Annual,MEX,Mexico,ITU_GCI_LEGL_SCRE,Legal Score - LS (ITU GCI),_T,Total,_T,All age ranges or no breakdown by age,_T,Total,0_TO_20,0-20 scale,_Z,Not Applicable,_Z,Not Applicable,_Z,Not Applicable,2020,15.61116041981424,MEAN,Mean,ITU_GCI,Global Cybersecurity Index,0,Units,IX,Index,602,CCYY,A,Normal value,PU,Public
datastructure,WB.DATA360:DS_DATA360(1.2),I,A,Annual,FSM,"Micronesia, Fed. Sts.",ITU_GCI_LEGL_SCRE,Legal Score - LS (ITU GCI),_T,Total,_T,All age ranges or no breakdown by age,_T,Total,0_TO_20,0-20 scale,_Z,Not Applicable,_Z,Not Applicable,_Z,Not Applicable,2020,0.0,MEAN,Mean,ITU_GCI,Global Cybersecurity Index,0,Units,IX,Index,602,CCYY,A,Normal value,PU,Public
datastructure,WB.DATA360:DS_DATA360(1.2),I,A,Annual,MDA,Moldova,ITU_GCI_LEGL_SCRE,Legal Score - LS (ITU GCI),_T,Total,_T,All age ranges or no breakdown by age,_T,Total,0_TO_20,0-20 scale,_Z,Not Applicable,_Z,Not Applicable,_Z,Not Applicable,2020,16.72790055552407,MEAN,Mean,ITU_GCI,Global Cybersecurity Index,0,Units,IX,Index,602,CCYY,A,Normal value,PU,Public
datastructure,WB.DATA360:DS_DATA360(1.2),I,A,Annual,MCO,Monaco,ITU_GCI_LEGL_SCRE,Legal Score - LS (ITU GCI),_T,Total,_T,All age ranges or no breakdown by age,_T,Total,0_TO_20,0-20 scale,_Z,Not Applicable,_Z,Not Applicable,_Z,Not Applicable,2020,16.003797293194808,MEAN,Mean,ITU_GCI,Global Cybersecurity Index,0,Units,IX,Index,602,CCYY,A,Normal value,PU,Public
datastructure,WB.DATA360:DS_DATA360(1.2),I,A,Annual,MNG,Mongolia,ITU_GCI_LEGL_SCRE,Legal Score - LS (ITU GCI),_T,Total,_T,All age ranges or no breakdown by age,_T,Total,0_TO_20,0-20 scale,_Z,Not Applicable,_Z,Not Applicable,_Z,Not Applicable,2020,9.003300507263601,MEAN,Mean,ITU_GCI,Global Cybersecurity Index,0,Units,IX,Index,602,CCYY,A,Normal value,PU,Public
datastructure,WB.DATA360:DS_DATA360(1.2),I,A,Annual,MNE,Montenegro,ITU_GCI_LEGL_SCRE,Legal Score - LS (ITU GCI),_T,Total,_T,All age ranges or no breakdown by age,_T,Total,0_TO_20,0-20 scale,_Z,Not Applicable,_Z,Not Applicable,_Z,Not Applicable,2020,14.608358293197348,MEAN,Mean,ITU_GCI,Global Cybersecurity Index,0,Units,IX,Index,602,CCYY,A,Normal value,PU,Public
datastructure,WB.DATA360:DS_DATA360(1.2),I,A,Annual,MAR,Morocco,ITU_GCI_LEGL_SCRE,Legal Score - LS (ITU GCI),_T,Total,_T,All age ranges or no breakdown by age,_T,Total,0_TO_20,0-20 scale,_Z,Not Applicable,_Z,Not Applicable,_Z,Not Applicable,2020,18.40473524167137,MEAN,Mean,ITU_GCI,Global Cybersecurity Index,0,Units,IX,Index,602,CCYY,A,Normal value,PU,Public
datastructure,WB.DATA360:DS_DATA360(1.2),I,A,Annual,MOZ,Mozambique,ITU_GCI_LEGL_SCRE,Legal Score - LS (ITU GCI),_T,Total,_T,All age ranges or no breakdown by age,_T,Total,0_TO_20,0-20 scale,_Z,Not Applicable,_Z,Not Applicable,_Z,Not Applicable,2020,7.455171711933236,MEAN,Mean,ITU_GCI,Global Cybersecurity Index,0,Units,IX,Index,602,CCYY,A,Normal value,PU,Public
datastructure,WB.DATA360:DS_DATA360(1.2),I,A,Annual,MMR,Myanmar,ITU_GCI_LEGL_SCRE,Legal Score - LS (ITU GCI),_T,Total,_T,All age ranges or no breakdown by age,_T,Total,0_TO_20,0-20 scale,_Z,Not Applicable,_Z,Not Applicable,_Z,Not Applicable,2020,9.391148333681576,MEAN,Mean,ITU_GCI,Global Cybersecurity Index,0,Units,IX,Index,602,CCYY,A,Normal value,PU,Public
datastructure,WB.DATA360:DS_DATA360(1.2),I,A,Annual,NAM,Namibia,ITU_GCI_LEGL_SCRE,Legal Score - LS (ITU GCI),_T,Total,_T,All age ranges or no breakdown by age,_T,Total,0_TO_20,0-20 scale,_Z,Not Applicable,_Z,Not Applicable,_Z,Not Applicable,2020,2.841431973626776,MEAN,Mean,ITU_GCI,Global Cybersecurity Index,0,Units,IX,Index,602,CCYY,A,Normal value,PU,Public
datastructure,WB.DATA360:DS_DATA360(1.2),I,A,Annual,NRU,Nauru,ITU_GCI_LEGL_SCRE,Legal Score - LS (ITU GCI),_T,Total,_T,All age ranges or no breakdown by age,_T,Total,0_TO_20,0-20 scale,_Z,Not Applicable,_Z,Not Applicable,_Z,Not Applicable,2020,9.912116317927346,MEAN,Mean,ITU_GCI,Global Cybersecurity Index,0,Units,IX,Index,602,CCYY,A,Normal value,PU,Public
datastructure,WB.DATA360:DS_DATA360(1.2),I,A,Annual,NPL,Nepal,ITU_GCI_LEGL_SCRE,Legal Score - LS (ITU GCI),_T,Total,_T,All age ranges or no breakdown by age,_T,Total,0_TO_20,0-20 scale,_Z,Not Applicable,_Z,Not Applicable,_Z,Not Applicable,2020,15.612508969531191,MEAN,Mean,ITU_GCI,Global Cybersecurity Index,0,Units,IX,Index,602,CCYY,A,Normal value,PU,Public
datastructure,WB.DATA360:DS_DATA360(1.2),I,A,Annual,NLD,Netherlands,ITU_GCI_LEGL_SCRE,Legal Score - LS (ITU GCI),_T,Total,_T,All age ranges or no breakdown by age,_T,Total,0_TO_20,0-20 scale,_Z,Not Applicable,_Z,Not Applicable,_Z,Not Applicable,2020,20.0,MEAN,Mean,ITU_GCI,Global Cybersecurity Index,0,Units,IX,Index,602,CCYY,A,Normal value,PU,Public
datastructure,WB.DATA360:DS_DATA360(1.2),I,A,Annual,NZL,New Zealand,ITU_GCI_LEGL_SCRE,Legal Score - LS (ITU GCI),_T,Total,_T,All age ranges or no breakdown by age,_T,Total,0_TO_20,0-20 scale,_Z,Not Applicable,_Z,Not Applicable,_Z,Not Applicable,2020,19.23881328357169,MEAN,Mean,ITU_GCI,Global Cybersecurity Index,0,Units,IX,Index,602,CCYY,A,Normal value,PU,Public
datastructure,WB.DATA360:DS_DATA360(1.2),I,A,Annual,NIC,Nicaragua,ITU_GCI_LEGL_SCRE,Legal Score - LS (ITU GCI),_T,Total,_T,All age ranges or no breakdown by age,_T,Total,0_TO_20,0-20 scale,_Z,Not Applicable,_Z,Not Applicable,_Z,Not Applicable,2020,4.741462109982684,MEAN,Mean,ITU_GCI,Global Cybersecurity Index,0,Units,IX,Index,602,CCYY,A,Normal value,PU,Public
datastructure,WB.DATA360:DS_DATA360(1.2),I,A,Annual,NER,Niger,ITU_GCI_LEGL_SCRE,Legal Score - LS (ITU GCI),_T,Total,_T,All age ranges or no breakdown by age,_T,Total,0_TO_20,0-20 scale,_Z,Not Applicable,_Z,Not Applicable,_Z,Not Applicable,2020,5.867857883237164,MEAN,Mean,ITU_GCI,Global Cybersecurity Index,0,Units,IX,Index,602,CCYY,A,Normal value,PU,Public
datastructure,WB.DATA360:DS_DATA360(1.2),I,A,Annual,NGA,Nigeria,ITU_GCI_LEGL_SCRE,Legal Score - LS (ITU GCI),_T,Total,_T,All age ranges or no breakdown by age,_T,Total,0_TO_20,0-20 scale,_Z,Not Applicable,_Z,Not Applicable,_Z,Not Applicable,2020,20.0,MEAN,Mean,ITU_GCI,Global Cybersecurity Index,0,Units,IX,Index,602,CCYY,A,Normal value,PU,Public
datastructure,WB.DATA360:DS_DATA360(1.2),I,A,Annual,NOR,Norway,ITU_GCI_LEGL_SCRE,Legal Score - LS (ITU GCI),_T,Total,_T,All age ranges or no breakdown by age,_T,Total,0_TO_20,0-20 scale,_Z,Not Applicable,_Z,Not Applicable,_Z,Not Applicable,2020,20.0,MEAN,Mean,ITU_GCI,Global Cybersecurity Index,0,Units,IX,Index,602,CCYY,A,Normal value,PU,Public
datastructure,WB.DATA360:DS_DATA360(1.2),I,A,Annual,OMN,Oman,ITU_GCI_LEGL_SCRE,Legal Score - LS (ITU GCI),_T,Total,_T,All age ranges or no breakdown by age,_T,Total,0_TO_20,0-20 scale,_Z,Not Applicable,_Z,Not Applicable,_Z,Not Applicable,2020,20.0,MEAN,Mean,ITU_GCI,Global Cybersecurity Index,0,Units,IX,Index,602,CCYY,A,Normal value,PU,Public
datastructure,WB.DATA360:DS_DATA360(1.2),I,A,Annual,PAK,Pakistan,ITU_GCI_LEGL_SCRE,Legal Score - LS (ITU GCI),_T,Total,_T,All age ranges or no breakdown by age,_T,Total,0_TO_20,0-20 scale,_Z,Not Applicable,_Z,Not Applicable,_Z,Not Applicable,2020,15.969196498530827,MEAN,Mean,ITU_GCI,Global Cybersecurity Index,0,Units,IX,Index,602,CCYY,A,Normal value,PU,Public
datastructure,WB.DATA360:DS_DATA360(1.2),I,A,Annual,PAN,Panama,ITU_GCI_LEGL_SCRE,Legal Score - LS (ITU GCI),_T,Total,_T,All age ranges or no breakdown by age,_T,Total,0_TO_20,0-20 scale,_Z,Not Applicable,_Z,Not Applicable,_Z,Not Applicable,2020,10.414294434946498,MEAN,Mean,ITU_GCI,Global Cybersecurity Index,0,Units,IX,Index,602,CCYY,A,Normal value,PU,Public
datastructure,WB.DATA360:DS_DATA360(1.2),I,A,Annual,PNG,Papua New Guinea,ITU_GCI_LEGL_SCRE,Legal Score - LS (ITU GCI),_T,Total,_T,All age ranges or no breakdown by age,_T,Total,0_TO_20,0-20 scale,_Z,Not Applicable,_Z,Not Applicable,_Z,Not Applicable,2020,9.264262029111508,MEAN,Mean,ITU_GCI,Global Cybersecurity Index,0,Units,IX,Index,602,CCYY,A,Normal value,PU,Public
datastructure,WB.DATA360:DS_DATA360(1.2),I,A,Annual,PRY,Paraguay,ITU_GCI_LEGL_SCRE,Legal Score - LS (ITU GCI),_T,Total,_T,All age ranges or no breakdown by age,_T,Total,0_TO_20,0-20 scale,_Z,Not Applicable,_Z,Not Applicable,_Z,Not Applicable,2020,14.15247152947082,MEAN,Mean,ITU_GCI,Global Cybersecurity Index,0,Units,IX,Index,602,CCYY,A,Normal value,PU,Public
datastructure,WB.DATA360:DS_DATA360(1.2),I,A,Annual,PER,Peru,ITU_GCI_LEGL_SCRE,Legal Score - LS (ITU GCI),_T,Total,_T,All age ranges or no breakdown by age,_T,Total,0_TO_20,0-20 scale,_Z,Not Applicable,_Z,Not Applicable,_Z,Not Applicable,2020,20.0,MEAN,Mean,ITU_GCI,Global Cybersecurity Index,0,Units,IX,Index,602,CCYY,A,Normal value,PU,Public
datastructure,WB.DATA360:DS_DATA360(1.2),I,A,Annual,PHL,Philippines,ITU_GCI_LEGL_SCRE,Legal Score - LS (ITU GCI),_T,Total,_T,All age ranges or no breakdown by age,_T,Total,0_TO_20,0-20 scale,_Z,Not Applicable,_Z,Not Applicable,_Z,Not Applicable,2020,20.0,MEAN,Mean,ITU_GCI,Global Cybersecurity Index,0,Units,IX,Index,602,CCYY,A,Normal value,PU,Public
datastructure,WB.DATA360:DS_DATA360(1.2),I,A,Annual,POL,Poland,ITU_GCI_LEGL_SCRE,Legal Score - LS (ITU GCI),_T,Total,_T,All age ranges or no breakdown by age,_T,Total,0_TO_20,0-20 scale,_Z,Not Applicable,_Z,Not Applicable,_Z,Not Applicable,2020,19.35214571118416,MEAN,Mean,ITU_GCI,Global Cybersecurity Index,0,Units,IX,Index,602,CCYY,A,Normal value,PU,Public
datastructure,WB.DATA360:DS_DATA360(1.2),I,A,Annual,PRT,Portugal,ITU_GCI_LEGL_SCRE,Legal Score - LS (ITU GCI),_T,Total,_T,All age ranges or no breakdown by age,_T,Total,0_TO_20,0-20 scale,_Z,Not Applicable,_Z,Not Applicable,_Z,Not Applicable,2020,20.0,MEAN,Mean,ITU_GCI,Global Cybersecurity Index,0,Units,IX,Index,602,CCYY,A,Normal value,PU,Public
datastructure,WB.DATA360:DS_DATA360(1.2),I,A,Annual,QAT,Qatar,ITU_GCI_LEGL_SCRE,Legal Score - LS (ITU GCI),_T,Total,_T,All age ranges or no breakdown by age,_T,Total,0_TO_20,0-20 scale,_Z,Not Applicable,_Z,Not Applicable,_Z,Not Applicable,2020,20.0,MEAN,Mean,ITU_GCI,Global Cybersecurity Index,0,Units,IX,Index,602,CCYY,A,Normal value,PU,Public
datastructure,WB.DATA360:DS_DATA360(1.2),I,A,Annual,KOR,"Korea, Rep.",ITU_GCI_LEGL_SCRE,Legal Score - LS (ITU GCI),_T,Total,_T,All age ranges or no breakdown by age,_T,Total,0_TO_20,0-20 scale,_Z,Not Applicable,_Z,Not Applicable,_Z,Not Applicable,2020,20.0,MEAN,Mean,ITU_GCI,Global Cybersecurity Index,0,Units,IX,Index,602,CCYY,A,Normal value,PU,Public
datastructure,WB.DATA360:DS_DATA360(1.2),I,A,Annual,ROU,Romania,ITU_GCI_LEGL_SCRE,Legal Score - LS (ITU GCI),_T,Total,_T,All age ranges or no breakdown by age,_T,Total,0_TO_20,0-20 scale,_Z,Not Applicable,_Z,Not Applicable,_Z,Not Applicable,2020,18.599325483588057,MEAN,Mean,ITU_GCI,Global Cybersecurity Index,0,Units,IX,Index,602,CCYY,A,Normal value,PU,Public
datastructure,WB.DATA360:DS_DATA360(1.2),I,A,Annual,RUS,Russian Federation,ITU_GCI_LEGL_SCRE,Legal Score - LS (ITU GCI),_T,Total,_T,All age ranges or no breakdown by age,_T,Total,0_TO_20,0-20 scale,_Z,Not Applicable,_Z,Not Applicable,_Z,Not Applicable,2020,20.0,MEAN,Mean,ITU_GCI,Global Cybersecurity Index,0,Units,IX,Index,602,CCYY,A,Normal value,PU,Public
datastructure,WB.DATA360:DS_DATA360(1.2),I,A,Annual,RWA,Rwanda,ITU_GCI_LEGL_SCRE,Legal Score - LS (ITU GCI),_T,Total,_T,All age ranges or no breakdown by age,_T,Total,0_TO_20,0-20 scale,_Z,Not Applicable,_Z,Not Applicable,_Z,Not Applicable,2020,20.0,MEAN,Mean,ITU_GCI,Global Cybersecurity Index,0,Units,IX,Index,602,CCYY,A,Normal value,PU,Public
datastructure,WB.DATA360:DS_DATA360(1.2),I,A,Annual,KNA,St. Kitts and Nevis,ITU_GCI_LEGL_SCRE,Legal Score - LS (ITU GCI),_T,Total,_T,All age ranges or no breakdown by age,_T,Total,0_TO_20,0-20 scale,_Z,Not Applicable,_Z,Not Applicable,_Z,Not Applicable,2020,5.003657303212768,MEAN,Mean,ITU_GCI,Global Cybersecurity Index,0,Units,IX,Index,602,CCYY,A,Normal value,PU,Public
datastructure,WB.DATA360:DS_DATA360(1.2),I,A,Annual,LCA,St. Lucia,ITU_GCI_LEGL_SCRE,Legal Score - LS (ITU GCI),_T,Total,_T,All age ranges or no breakdown by age,_T,Total,0_TO_20,0-20 scale,_Z,Not Applicable,_Z,Not Applicable,_Z,Not Applicable,2020,6.6962553350602345,MEAN,Mean,ITU_GCI,Global Cybersecurity Index,0,Units,IX,Index,602,CCYY,A,Normal value,PU,Public
datastructure,WB.DATA360:DS_DATA360(1.2),I,A,Annual,VCT,St. Vincent and the Grenadines,ITU_GCI_LEGL_SCRE,Legal Score - LS (ITU GCI),_T,Total,_T,All age ranges or no breakdown by age,_T,Total,0_TO_20,0-20 scale,_Z,Not Applicable,_Z,Not Applicable,_Z,Not Applicable,2020,10.94600815680126,MEAN,Mean,ITU_GCI,Global Cybersecurity Index,0,Units,IX,Index,602,CCYY,A,Normal value,PU,Public
datastructure,WB.DATA360:DS_DATA360(1.2),I,A,Annual,WSM,Samoa,ITU_GCI_LEGL_SCRE,Legal Score - LS (ITU GCI),_T,Total,_T,All age ranges or no breakdown by age,_T,Total,0_TO_20,0-20 scale,_Z,Not Applicable,_Z,Not Applicable,_Z,Not Applicable,2020,11.151400809859052,MEAN,Mean,ITU_GCI,Global Cybersecurity Index,0,Units,IX,Index,602,CCYY,A,Normal value,PU,Public
datastructure,WB.DATA360:DS_DATA360(1.2),I,A,Annual,SMR,San Marino,ITU_GCI_LEGL_SCRE,Legal Score - LS (ITU GCI),_T,Total,_T,All age ranges or no breakdown by age,_T,Total,0_TO_20,0-20 scale,_Z,Not Applicable,_Z,Not Applicable,_Z,Not Applicable,2020,3.7742775614950848,MEAN,Mean,ITU_GCI,Global Cybersecurity Index,0,Units,IX,Index,602,CCYY,A,Normal value,PU,Public
datastructure,WB.DATA360:DS_DATA360(1.2),I,A,Annual,STP,Sao Tome and Principe,ITU_GCI_LEGL_SCRE,Legal Score - LS (ITU GCI),_T,Total,_T,All age ranges or no breakdown by age,_T,Total,0_TO_20,0-20 scale,_Z,Not Applicable,_Z,Not Applicable,_Z,Not Applicable,2020,9.9378360851351,MEAN,Mean,ITU_GCI,Global Cybersecurity Index,0,Units,IX,Index,602,CCYY,A,Normal value,PU,Public
datastructure,WB.DATA360:DS_DATA360(1.2),I,A,Annual,SAU,Saudi Arabia,ITU_GCI_LEGL_SCRE,Legal Score - LS (ITU GCI),_T,Total,_T,All age ranges or no breakdown by age,_T,Total,0_TO_20,0-20 scale,_Z,Not Applicable,_Z,Not Applicable,_Z,Not Applicable,2020,20.0,MEAN,Mean,ITU_GCI,Global Cybersecurity Index,0,Units,IX,Index,602,CCYY,A,Normal value,PU,Public
datastructure,WB.DATA360:DS_DATA360(1.2),I,A,Annual,SEN,Senegal,ITU_GCI_LEGL_SCRE,Legal Score - LS (ITU GCI),_T,Total,_T,All age ranges or no breakdown by age,_T,Total,0_TO_20,0-20 scale,_Z,Not Applicable,_Z,Not Applicable,_Z,Not Applicable,2020,7.818766244553249,MEAN,Mean,ITU_GCI,Global Cybersecurity Index,0,Units,IX,Index,602,CCYY,A,Normal value,PU,Public
datastructure,WB.DATA360:DS_DATA360(1.2),I,A,Annual,SRB,Serbia,ITU_GCI_LEGL_SCRE,Legal Score - LS (ITU GCI),_T,Total,_T,All age ranges or no breakdown by age,_T,Total,0_TO_20,0-20 scale,_Z,Not Applicable,_Z,Not Applicable,_Z,Not Applicable,2020,19.09768758586218,MEAN,Mean,ITU_GCI,Global Cybersecurity Index,0,Units,IX,Index,602,CCYY,A,Normal value,PU,Public
datastructure,WB.DATA360:DS_DATA360(1.2),I,A,Annual,SYC,Seychelles,ITU_GCI_LEGL_SCRE,Legal Score - LS (ITU GCI),_T,Total,_T,All age ranges or no breakdown by age,_T,Total,0_TO_20,0-20 scale,_Z,Not Applicable,_Z,Not Applicable,_Z,Not Applicable,2020,7.730090327911045,MEAN,Mean,ITU_GCI,Global Cybersecurity Index,0,Units,IX,Index,602,CCYY,A,Normal value,PU,Public
datastructure,WB.DATA360:DS_DATA360(1.2),I,A,Annual,SLE,Sierra Leone,ITU_GCI_LEGL_SCRE,Legal Score - LS (ITU GCI),_T,Total,_T,All age ranges or no breakdown by age,_T,Total,0_TO_20,0-20 scale,_Z,Not Applicable,_Z,Not Applicable,_Z,Not Applicable,2020,6.543506347562486,MEAN,Mean,ITU_GCI,Global Cybersecurity Index,0,Units,IX,Index,602,CCYY,A,Normal value,PU,Public
datastructure,WB.DATA360:DS_DATA360(1.2),I,A,Annual,SGP,Singapore,ITU_GCI_LEGL_SCRE,Legal Score - LS (ITU GCI),_T,Total,_T,All age ranges or no breakdown by age,_T,Total,0_TO_20,0-20 scale,_Z,Not Applicable,_Z,Not Applicable,_Z,Not Applicable,2020,20.0,MEAN,Mean,ITU_GCI,Global Cybersecurity Index,0,Units,IX,Index,602,CCYY,A,Normal value,PU,Public
datastructure,WB.DATA360:DS_DATA360(1.2),I,A,Annual,SVK,Slovak Republic,ITU_GCI_LEGL_SCRE,Legal Score - LS (ITU GCI),_T,Total,_T,All age ranges or no breakdown by age,_T,Total,0_TO_20,0-20 scale,_Z,Not Applicable,_Z,Not Applicable,_Z,Not Applicable,2020,20.0,MEAN,Mean,ITU_GCI,Global Cybersecurity Index,0,Units,IX,Index,602,CCYY,A,Normal value,PU,Public
datastructure,WB.DATA360:DS_DATA360(1.2),I,A,Annual,SVN,Slovenia,ITU_GCI_LEGL_SCRE,Legal Score - LS (ITU GCI),_T,Total,_T,All age ranges or no breakdown by age,_T,Total,0_TO_20,0-20 scale,_Z,Not Applicable,_Z,Not Applicable,_Z,Not Applicable,2020,20.0,MEAN,Mean,ITU_GCI,Global Cybersecurity Index,0,Units,IX,Index,602,CCYY,A,Normal value,PU,Public
datastructure,WB.DATA360:DS_DATA360(1.2),I,A,Annual,SLB,Solomon Islands,ITU_GCI_LEGL_SCRE,Legal Score - LS (ITU GCI),_T,Total,_T,All age ranges or no breakdown by age,_T,Total,0_TO_20,0-20 scale,_Z,Not Applicable,_Z,Not Applicable,_Z,Not Applicable,2020,3.002703796181586,MEAN,Mean,ITU_GCI,Global Cybersecurity Index,0,Units,IX,Index,602,CCYY,A,Normal value,PU,Public
datastructure,WB.DATA360:DS_DATA360(1.2),I,A,Annual,SOM,Somalia,ITU_GCI_LEGL_SCRE,Legal Score - LS (ITU GCI),_T,Total,_T,All age ranges or no breakdown by age,_T,Total,0_TO_20,0-20 scale,_Z,Not Applicable,_Z,Not Applicable,_Z,Not Applicable,2020,0.0,MEAN,Mean,ITU_GCI,Global Cybersecurity Index,0,Units,IX,Index,602,CCYY,A,Normal value,PU,Public
datastructure,WB.DATA360:DS_DATA360(1.2),I,A,Annual,ZAF,South Africa,ITU_GCI_LEGL_SCRE,Legal Score - LS (ITU GCI),_T,Total,_T,All age ranges or no breakdown by age,_T,Total,0_TO_20,0-20 scale,_Z,Not Applicable,_Z,Not Applicable,_Z,Not Applicable,2020,16.822052923459157,MEAN,Mean,ITU_GCI,Global Cybersecurity Index,0,Units,IX,Index,602,CCYY,A,Normal value,PU,Public
datastructure,WB.DATA360:DS_DATA360(1.2),I,A,Annual,SSD,South Sudan,ITU_GCI_LEGL_SCRE,Legal Score - LS (ITU GCI),_T,Total,_T,All age ranges or no breakdown by age,_T,Total,0_TO_20,0-20 scale,_Z,Not Applicable,_Z,Not Applicable,_Z,Not Applicable,2020,2.630270174545544,MEAN,Mean,ITU_GCI,Global Cybersecurity Index,0,Units,IX,Index,602,CCYY,A,Normal value,PU,Public
datastructure,WB.DATA360:DS_DATA360(1.2),I,A,Annual,ESP,Spain,ITU_GCI_LEGL_SCRE,Legal Score - LS (ITU GCI),_T,Total,_T,All age ranges or no breakdown by age,_T,Total,0_TO_20,0-20 scale,_Z,Not Applicable,_Z,Not Applicable,_Z,Not Applicable,2020,20.0,MEAN,Mean,ITU_GCI,Global Cybersecurity Index,0,Units,IX,Index,602,CCYY,A,Normal value,PU,Public
datastructure,WB.DATA360:DS_DATA360(1.2),I,A,Annual,LKA,Sri Lanka,ITU_GCI_LEGL_SCRE,Legal Score - LS (ITU GCI),_T,Total,_T,All age ranges or no breakdown by age,_T,Total,0_TO_20,0-20 scale,_Z,Not Applicable,_Z,Not Applicable,_Z,Not Applicable,2020,13.047396489151549,MEAN,Mean,ITU_GCI,Global Cybersecurity Index,0,Units,IX,Index,602,CCYY,A,Normal value,PU,Public
datastructure,WB.DATA360:DS_DATA360(1.2),I,A,Annual,PSE,West Bank and Gaza,ITU_GCI_LEGL_SCRE,Legal Score - LS (ITU GCI),_T,Total,_T,All age ranges or no breakdown by age,_T,Total,0_TO_20,0-20 scale,_Z,Not Applicable,_Z,Not Applicable,_Z,Not Applicable,2020,9.016086769600475,MEAN,Mean,ITU_GCI,Global Cybersecurity Index,0,Units,IX,Index,602,CCYY,A,Normal value,PU,Public
datastructure,WB.DATA360:DS_DATA360(1.2),I,A,Annual,SDN,Sudan,ITU_GCI_LEGL_SCRE,Legal Score - LS (ITU GCI),_T,Total,_T,All age ranges or no breakdown by age,_T,Total,0_TO_20,0-20 scale,_Z,Not Applicable,_Z,Not Applicable,_Z,Not Applicable,2020,12.427965962651433,MEAN,Mean,ITU_GCI,Global Cybersecurity Index,0,Units,IX,Index,602,CCYY,A,Normal value,PU,Public
datastructure,WB.DATA360:DS_DATA360(1.2),I,A,Annual,SUR,Suriname,ITU_GCI_LEGL_SCRE,Legal Score - LS (ITU GCI),_T,Total,_T,All age ranges or no breakdown by age,_T,Total,0_TO_20,0-20 scale,_Z,Not Applicable,_Z,Not Applicable,_Z,Not Applicable,2020,11.13490668594618,MEAN,Mean,ITU_GCI,Global Cybersecurity Index,0,Units,IX,Index,602,CCYY,A,Normal value,PU,Public
datastructure,WB.DATA360:DS_DATA360(1.2),I,A,Annual,SWE,Sweden,ITU_GCI_LEGL_SCRE,Legal Score - LS (ITU GCI),_T,Total,_T,All age ranges or no breakdown by age,_T,Total,0_TO_20,0-20 scale,_Z,Not Applicable,_Z,Not Applicable,_Z,Not Applicable,2020,20.0,MEAN,Mean,ITU_GCI,Global Cybersecurity Index,0,Units,IX,Index,602,CCYY,A,Normal value,PU,Public
datastructure,WB.DATA360:DS_DATA360(1.2),I,A,Annual,CHE,Switzerland,ITU_GCI_LEGL_SCRE,Legal Score - LS (ITU GCI),_T,Total,_T,All age ranges or no breakdown by age,_T,Total,0_TO_20,0-20 scale,_Z,Not Applicable,_Z,Not Applicable,_Z,Not Applicable,2020,13.624954529129486,MEAN,Mean,ITU_GCI,Global Cybersecurity Index,0,Units,IX,Index,602,CCYY,A,Normal value,PU,Public
datastructure,WB.DATA360:DS_DATA360(1.2),I,A,Annual,SYR,Syrian Arab Republic,ITU_GCI_LEGL_SCRE,Legal Score - LS (ITU GCI),_T,Total,_T,All age ranges or no breakdown by age,_T,Total,0_TO_20,0-20 scale,_Z,Not Applicable,_Z,Not Applicable,_Z,Not Applicable,2020,9.80422908571266,MEAN,Mean,ITU_GCI,Global Cybersecurity Index,0,Units,IX,Index,602,CCYY,A,Normal value,PU,Public
datastructure,WB.DATA360:DS_DATA360(1.2),I,A,Annual,TJK,Tajikistan,ITU_GCI_LEGL_SCRE,Legal Score - LS (ITU GCI),_T,Total,_T,All age ranges or no breakdown by age,_T,Total,0_TO_20,0-20 scale,_Z,Not Applicable,_Z,Not Applicable,_Z,Not Applicable,2020,10.219984490879575,MEAN,Mean,ITU_GCI,Global Cybersecurity Index,0,Units,IX,Index,602,CCYY,A,Normal value,PU,Public
datastructure,WB.DATA360:DS_DATA360(1.2),I,A,Annual,TZA,Tanzania,ITU_GCI_LEGL_SCRE,Legal Score - LS (ITU GCI),_T,Total,_T,All age ranges or no breakdown by age,_T,Total,0_TO_20,0-20 scale,_Z,Not Applicable,_Z,Not Applicable,_Z,Not Applicable,2020,18.539962559939628,MEAN,Mean,ITU_GCI,Global Cybersecurity Index,0,Units,IX,Index,602,CCYY,A,Normal value,PU,Public
datastructure,WB.DATA360:DS_DATA360(1.2),I,A,Annual,THA,Thailand,ITU_GCI_LEGL_SCRE,Legal Score - LS (ITU GCI),_T,Total,_T,All age ranges or no breakdown by age,_T,Total,0_TO_20,0-20 scale,_Z,Not Applicable,_Z,Not Applicable,_Z,Not Applicable,2020,19.11098006628095,MEAN,Mean,ITU_GCI,Global Cybersecurity Index,0,Units,IX,Index,602,CCYY,A,Normal value,PU,Public
datastructure,WB.DATA360:DS_DATA360(1.2),I,A,Annual,MKD,North Macedonia,ITU_GCI_LEGL_SCRE,Legal Score - LS (ITU GCI),_T,Total,_T,All age ranges or no breakdown by age,_T,Total,0_TO_20,0-20 scale,_Z,Not Applicable,_Z,Not Applicable,_Z,Not Applicable,2020,20.0,MEAN,Mean,ITU_GCI,Global Cybersecurity Index,0,Units,IX,Index,602,CCYY,A,Normal value,PU,Public
datastructure,WB.DATA360:DS_DATA360(1.2),I,A,Annual,TLS,Timor-Leste,ITU_GCI_LEGL_SCRE,Legal Score - LS (ITU GCI),_T,Total,_T,All age ranges or no breakdown by age,_T,Total,0_TO_20,0-20 scale,_Z,Not Applicable,_Z,Not Applicable,_Z,Not Applicable,2020,0.0,MEAN,Mean,ITU_GCI,Global Cybersecurity Index,0,Units,IX,Index,602,CCYY,A,Normal value,PU,Public
datastructure,WB.DATA360:DS_DATA360(1.2),I,A,Annual,TGO,Togo,ITU_GCI_LEGL_SCRE,Legal Score - LS (ITU GCI),_T,Total,_T,All age ranges or no breakdown by age,_T,Total,0_TO_20,0-20 scale,_Z,Not Applicable,_Z,Not Applicable,_Z,Not Applicable,2020,19.19183184473834,MEAN,Mean,ITU_GCI,Global Cybersecurity Index,0,Units,IX,Index,602,CCYY,A,Normal value,PU,Public
datastructure,WB.DATA360:DS_DATA360(1.2),I,A,Annual,TON,Tonga,ITU_GCI_LEGL_SCRE,Legal Score - LS (ITU GCI),_T,Total,_T,All age ranges or no breakdown by age,_T,Total,0_TO_20,0-20 scale,_Z,Not Applicable,_Z,Not Applicable,_Z,Not Applicable,2020,2.630270174545544,MEAN,Mean,ITU_GCI,Global Cybersecurity Index,0,Units,IX,Index,602,CCYY,A,Normal value,PU,Public
datastructure,WB.DATA360:DS_DATA360(1.2),I,A,Annual,TTO,Trinidad and Tobago,ITU_GCI_LEGL_SCRE,Legal Score - LS (ITU GCI),_T,Total,_T,All age ranges or no breakdown by age,_T,Total,0_TO_20,0-20 scale,_Z,Not Applicable,_Z,Not Applicable,_Z,Not Applicable,2020,7.93840051396762,MEAN,Mean,ITU_GCI,Global Cybersecurity Index,0,Units,IX,Index,602,CCYY,A,Normal value,PU,Public
datastructure,WB.DATA360:DS_DATA360(1.2),I,A,Annual,TUN,Tunisia,ITU_GCI_LEGL_SCRE,Legal Score - LS (ITU GCI),_T,Total,_T,All age ranges or no breakdown by age,_T,Total,0_TO_20,0-20 scale,_Z,Not Applicable,_Z,Not Applicable,_Z,Not Applicable,2020,20.0,MEAN,Mean,ITU_GCI,Global Cybersecurity Index,0,Units,IX,Index,602,CCYY,A,Normal value,PU,Public
datastructure,WB.DATA360:DS_DATA360(1.2),I,A,Annual,TUR,Turkiye,ITU_GCI_LEGL_SCRE,Legal Score - LS (ITU GCI),_T,Total,_T,All age ranges or no breakdown by age,_T,Total,0_TO_20,0-20 scale,_Z,Not Applicable,_Z,Not Applicable,_Z,Not Applicable,2020,20.0,MEAN,Mean,ITU_GCI,Global Cybersecurity Index,0,Units,IX,Index,602,CCYY,A,Normal value,PU,Public
datastructure,WB.DATA360:DS_DATA360(1.2),I,A,Annual,TKM,Turkmenistan,ITU_GCI_LEGL_SCRE,Legal Score - LS (ITU GCI),_T,Total,_T,All age ranges or no breakdown by age,_T,Total,0_TO_20,0-20 scale,_Z,Not Applicable,_Z,Not Applicable,_Z,Not Applicable,2020,10.219984490879575,MEAN,Mean,ITU_GCI,Global Cybersecurity Index,0,Units,IX,Index,602,CCYY,A,Normal value,PU,Public
datastructure,WB.DATA360:DS_DATA360(1.2),I,A,Annual,TUV,Tuvalu,ITU_GCI_LEGL_SCRE,Legal Score - LS (ITU GCI),_T,Total,_T,All age ranges or no breakdown by age,_T,Total,0_TO_20,0-20 scale,_Z,Not Applicable,_Z,Not Applicable,_Z,Not Applicable,2020,0.0,MEAN,Mean,ITU_GCI,Global Cybersecurity Index,0,Units,IX,Index,602,CCYY,A,Normal value,PU,Public
datastructure,WB.DATA360:DS_DATA360(1.2),I,A,Annual,UGA,Uganda,ITU_GCI_LEGL_SCRE,Legal Score - LS (ITU GCI),_T,Total,_T,All age ranges or no breakdown by age,_T,Total,0_TO_20,0-20 scale,_Z,Not Applicable,_Z,Not Applicable,_Z,Not Applicable,2020,15.642988249411866,MEAN,Mean,ITU_GCI,Global Cybersecurity Index,0,Units,IX,Index,602,CCYY,A,Normal value,PU,Public
datastructure,WB.DATA360:DS_DATA360(1.2),I,A,Annual,UKR,Ukraine,ITU_GCI_LEGL_SCRE,Legal Score - LS (ITU GCI),_T,Total,_T,All age ranges or no breakdown by age,_T,Total,0_TO_20,0-20 scale,_Z,Not Applicable,_Z,Not Applicable,_Z,Not Applicable,2020,17.45521693232834,MEAN,Mean,ITU_GCI,Global Cybersecurity Index,0,Units,IX,Index,602,CCYY,A,Normal value,PU,Public
datastructure,WB.DATA360:DS_DATA360(1.2),I,A,Annual,ARE,United Arab Emirates,ITU_GCI_LEGL_SCRE,Legal Score - LS (ITU GCI),_T,Total,_T,All age ranges or no breakdown by age,_T,Total,0_TO_20,0-20 scale,_Z,Not Applicable,_Z,Not Applicable,_Z,Not Applicable,2020,20.0,MEAN,Mean,ITU_GCI,Global Cybersecurity Index,0,Units,IX,Index,602,CCYY,A,Normal value,PU,Public
datastructure,WB.DATA360:DS_DATA360(1.2),I,A,Annual,GBR,United Kingdom,ITU_GCI_LEGL_SCRE,Legal Score - LS (ITU GCI),_T,Total,_T,All age ranges or no breakdown by age,_T,Total,0_TO_20,0-20 scale,_Z,Not Applicable,_Z,Not Applicable,_Z,Not Applicable,2020,20.0,MEAN,Mean,ITU_GCI,Global Cybersecurity Index,0,Units,IX,Index,602,CCYY,A,Normal value,PU,Public
datastructure,WB.DATA360:DS_DATA360(1.2),I,A,Annual,USA,United States,ITU_GCI_LEGL_SCRE,Legal Score - LS (ITU GCI),_T,Total,_T,All age ranges or no breakdown by age,_T,Total,0_TO_20,0-20 scale,_Z,Not Applicable,_Z,Not Applicable,_Z,Not Applicable,2020,20.0,MEAN,Mean,ITU_GCI,Global Cybersecurity Index,0,Units,IX,Index,602,CCYY,A,Normal value,PU,Public
datastructure,WB.DATA360:DS_DATA360(1.2),I,A,Annual,URY,Uruguay,ITU_GCI_LEGL_SCRE,Legal Score - LS (ITU GCI),_T,Total,_T,All age ranges or no breakdown by age,_T,Total,0_TO_20,0-20 scale,_Z,Not Applicable,_Z,Not Applicable,_Z,Not Applicable,2020,13.904611605949489,MEAN,Mean,ITU_GCI,Global Cybersecurity Index,0,Units,IX,Index,602,CCYY,A,Normal value,PU,Public
datastructure,WB.DATA360:DS_DATA360(1.2),I,A,Annual,UZB,Uzbekistan,ITU_GCI_LEGL_SCRE,Legal Score - LS (ITU GCI),_T,Total,_T,All age ranges or no breakdown by age,_T,Total,0_TO_20,0-20 scale,_Z,Not Applicable,_Z,Not Applicable,_Z,Not Applicable,2020,19.27268362319573,MEAN,Mean,ITU_GCI,Global Cybersecurity Index,0,Units,IX,Index,602,CCYY,A,Normal value,PU,Public
datastructure,WB.DATA360:DS_DATA360(1.2),I,A,Annual,VUT,Vanuatu,ITU_GCI_LEGL_SCRE,Legal Score - LS (ITU GCI),_T,Total,_T,All age ranges or no breakdown by age,_T,Total,0_TO_20,0-20 scale,_Z,Not Applicable,_Z,Not Applicable,_Z,Not Applicable,2020,3.686439099817532,MEAN,Mean,ITU_GCI,Global Cybersecurity Index,0,Units,IX,Index,602,CCYY,A,Normal value,PU,Public
datastructure,WB.DATA360:DS_DATA360(1.2),I,A,Annual,VAT,Holy See (Vatican City State),ITU_GCI_LEGL_SCRE,Legal Score - LS (ITU GCI),_T,Total,_T,All age ranges or no breakdown by age,_T,Total,0_TO_20,0-20 scale,_Z,Not Applicable,_Z,Not Applicable,_Z,Not Applicable,2020,0.0,MEAN,Mean,ITU_GCI,Global Cybersecurity Index,0,Units,IX,Index,602,CCYY,A,Normal value,PU,Public
datastructure,WB.DATA360:DS_DATA360(1.2),I,A,Annual,VEN,"Venezuela, RB",ITU_GCI_LEGL_SCRE,Legal Score - LS (ITU GCI),_T,Total,_T,All age ranges or no breakdown by age,_T,Total,0_TO_20,0-20 scale,_Z,Not Applicable,_Z,Not Applicable,_Z,Not Applicable,2020,8.800601450949221,MEAN,Mean,ITU_GCI,Global Cybersecurity Index,0,Units,IX,Index,602,CCYY,A,Normal value,PU,Public
datastructure,WB.DATA360:DS_DATA360(1.2),I,A,Annual,VNM,Viet Nam,ITU_GCI_LEGL_SCRE,Legal Score - LS (ITU GCI),_T,Total,_T,All age ranges or no breakdown by age,_T,Total,0_TO_20,0-20 scale,_Z,Not Applicable,_Z,Not Applicable,_Z,Not Applicable,2020,20.0,MEAN,Mean,ITU_GCI,Global Cybersecurity Index,0,Units,IX,Index,602,CCYY,A,Normal value,PU,Public
datastructure,WB.DATA360:DS_DATA360(1.2),I,A,Annual,YEM,"Yemen, Rep.",ITU_GCI_LEGL_SCRE,Legal Score - LS (ITU GCI),_T,Total,_T,All age ranges or no breakdown by age,_T,Total,0_TO_20,0-20 scale,_Z,Not Applicable,_Z,Not Applicable,_Z,Not Applicable,2020,0.0,MEAN,Mean,ITU_GCI,Global Cybersecurity Index,0,Units,IX,Index,602,CCYY,A,Normal value,PU,Public
datastructure,WB.DATA360:DS_DATA360(1.2),I,A,Annual,ZMB,Zambia,ITU_GCI_LEGL_SCRE,Legal Score - LS (ITU GCI),_T,Total,_T,All age ranges or no breakdown by age,_T,Total,0_TO_20,0-20 scale,_Z,Not Applicable,_Z,Not Applicable,_Z,Not Applicable,2020,20.0,MEAN,Mean,ITU_GCI,Global Cybersecurity Index,0,Units,IX,Index,602,CCYY,A,Normal value,PU,Public
datastructure,WB.DATA360:DS_DATA360(1.2),I,A,Annual,ZWE,Zimbabwe,ITU_GCI_LEGL_SCRE,Legal Score - LS (ITU GCI),_T,Total,_T,All age ranges or no breakdown by age,_T,Total,0_TO_20,0-20 scale,_Z,Not Applicable,_Z,Not Applicable,_Z,Not Applicable,2020,16.73440395204999,MEAN,Mean,ITU_GCI,Global Cybersecurity Index,0,Units,IX,Index,602,CCYY,A,Normal value,PU,Public
datastructure,WB.DATA360:DS_DATA360(1.2),I,A,Annual,AFG,Afghanistan,ITU_GCI_LEGL_SCRE,Legal Score - LS (ITU GCI),_T,Total,_T,All age ranges or no breakdown by age,_T,Total,0_TO_20,0-20 scale,_Z,Not Applicable,_Z,Not Applicable,_Z,Not Applicable,2024,5.812230204081633,MEAN,Mean,ITU_GCI,Global Cybersecurity Index,0,Units,IX,Index,602,CCYY,A,Normal value,PU,Public
datastructure,WB.DATA360:DS_DATA360(1.2),I,A,Annual,ALB,Albania,ITU_GCI_LEGL_SCRE,Legal Score - LS (ITU GCI),_T,Total,_T,All age ranges or no breakdown by age,_T,Total,0_TO_20,0-20 scale,_Z,Not Applicable,_Z,Not Applicable,_Z,Not Applicable,2024,20.0,MEAN,Mean,ITU_GCI,Global Cybersecurity Index,0,Units,IX,Index,602,CCYY,A,Normal value,PU,Public
datastructure,WB.DATA360:DS_DATA360(1.2),I,A,Annual,DZA,Algeria,ITU_GCI_LEGL_SCRE,Legal Score - LS (ITU GCI),_T,Total,_T,All age ranges or no breakdown by age,_T,Total,0_TO_20,0-20 scale,_Z,Not Applicable,_Z,Not Applicable,_Z,Not Applicable,2024,19.179699591836737,MEAN,Mean,ITU_GCI,Global Cybersecurity Index,0,Units,IX,Index,602,CCYY,A,Normal value,PU,Public
datastructure,WB.DATA360:DS_DATA360(1.2),I,A,Annual,AND,Andorra,ITU_GCI_LEGL_SCRE,Legal Score - LS (ITU GCI),_T,Total,_T,All age ranges or no breakdown by age,_T,Total,0_TO_20,0-20 scale,_Z,Not Applicable,_Z,Not Applicable,_Z,Not Applicable,2024,18.041570612244897,MEAN,Mean,ITU_GCI,Global Cybersecurity Index,0,Units,IX,Index,602,CCYY,A,Normal value,PU,Public
datastructure,WB.DATA360:DS_DATA360(1.2),I,A,Annual,AGO,Angola,ITU_GCI_LEGL_SCRE,Legal Score - LS (ITU GCI),_T,Total,_T,All age ranges or no breakdown by age,_T,Total,0_TO_20,0-20 scale,_Z,Not Applicable,_Z,Not Applicable,_Z,Not Applicable,2024,13.666458775510204,MEAN,Mean,ITU_GCI,Global Cybersecurity Index,0,Units,IX,Index,602,CCYY,A,Normal value,PU,Public
datastructure,WB.DATA360:DS_DATA360(1.2),I,A,Annual,ATG,Antigua and Barbuda,ITU_GCI_LEGL_SCRE,Legal Score - LS (ITU GCI),_T,Total,_T,All age ranges or no breakdown by age,_T,Total,0_TO_20,0-20 scale,_Z,Not Applicable,_Z,Not Applicable,_Z,Not Applicable,2024,11.839915939825072,MEAN,Mean,ITU_GCI,Global Cybersecurity Index,0,Units,IX,Index,602,CCYY,A,Normal value,PU,Public
datastructure,WB.DATA360:DS_DATA360(1.2),I,A,Annual,ARG,Argentina,ITU_GCI_LEGL_SCRE,Legal Score - LS (ITU GCI),_T,Total,_T,All age ranges or no breakdown by age,_T,Total,0_TO_20,0-20 scale,_Z,Not Applicable,_Z,Not Applicable,_Z,Not Applicable,2024,16.958575907638483,MEAN,Mean,ITU_GCI,Global Cybersecurity Index,0,Units,IX,Index,602,CCYY,A,Normal value,PU,Public
datastructure,WB.DATA360:DS_DATA360(1.2),I,A,Annual,ARM,Armenia,ITU_GCI_LEGL_SCRE,Legal Score - LS (ITU GCI),_T,Total,_T,All age ranges or no breakdown by age,_T,Total,0_TO_20,0-20 scale,_Z,Not Applicable,_Z,Not Applicable,_Z,Not Applicable,2024,17.21824326530612,MEAN,Mean,ITU_GCI,Global Cybersecurity Index,0,Units,IX,Index,602,CCYY,A,Normal value,PU,Public
datastructure,WB.DATA360:DS_DATA360(1.2),I,A,Annual,AUS,Australia,ITU_GCI_LEGL_SCRE,Legal Score - LS (ITU GCI),_T,Total,_T,All age ranges or no breakdown by age,_T,Total,0_TO_20,0-20 scale,_Z,Not Applicable,_Z,Not Applicable,_Z,Not Applicable,2024,20.0,MEAN,Mean,ITU_GCI,Global Cybersecurity Index,0,Units,IX,Index,602,CCYY,A,Normal value,PU,Public
datastructure,WB.DATA360:DS_DATA360(1.2),I,A,Annual,AUT,Austria,ITU_GCI_LEGL_SCRE,Legal Score - LS (ITU GCI),_T,Total,_T,All age ranges or no breakdown by age,_T,Total,0_TO_20,0-20 scale,_Z,Not Applicable,_Z,Not Applicable,_Z,Not Applicable,2024,18.42145142857143,MEAN,Mean,ITU_GCI,Global Cybersecurity Index,0,Units,IX,Index,602,CCYY,A,Normal value,PU,Public
datastructure,WB.DATA360:DS_DATA360(1.2),I,A,Annual,AZE,Azerbaijan,ITU_GCI_LEGL_SCRE,Legal Score - LS (ITU GCI),_T,Total,_T,All age ranges or no breakdown by age,_T,Total,0_TO_20,0-20 scale,_Z,Not Applicable,_Z,Not Applicable,_Z,Not Applicable,2024,20.0,MEAN,Mean,ITU_GCI,Global Cybersecurity Index,0,Units,IX,Index,602,CCYY,A,Normal value,PU,Public
datastructure,WB.DATA360:DS_DATA360(1.2),I,A,Annual,BHS,"Bahamas, The",ITU_GCI_LEGL_SCRE,Legal Score - LS (ITU GCI),_T,Total,_T,All age ranges or no breakdown by age,_T,Total,0_TO_20,0-20 scale,_Z,Not Applicable,_Z,Not Applicable,_Z,Not Applicable,2024,11.26004244897959,MEAN,Mean,ITU_GCI,Global Cybersecurity Index,0,Units,IX,Index,602,CCYY,A,Normal value,PU,Public
datastructure,WB.DATA360:DS_DATA360(1.2),I,A,Annual,BHR,Bahrain,ITU_GCI_LEGL_SCRE,Legal Score - LS (ITU GCI),_T,Total,_T,All age ranges or no breakdown by age,_T,Total,0_TO_20,0-20 scale,_Z,Not Applicable,_Z,Not Applicable,_Z,Not Applicable,2024,20.0,MEAN,Mean,ITU_GCI,Global Cybersecurity Index,0,Units,IX,Index,602,CCYY,A,Normal value,PU,Public
datastructure,WB.DATA360:DS_DATA360(1.2),I,A,Annual,BGD,Bangladesh,ITU_GCI_LEGL_SCRE,Legal Score - LS (ITU GCI),_T,Total,_T,All age ranges or no breakdown by age,_T,Total,0_TO_20,0-20 scale,_Z,Not Applicable,_Z,Not Applicable,_Z,Not Applicable,2024,17.44375020408163,MEAN,Mean,ITU_GCI,Global Cybersecurity Index,0,Units,IX,Index,602,CCYY,A,Normal value,PU,Public
datastructure,WB.DATA360:DS_DATA360(1.2),I,A,Annual,BRB,Barbados,ITU_GCI_LEGL_SCRE,Legal Score - LS (ITU GCI),_T,Total,_T,All age ranges or no breakdown by age,_T,Total,0_TO_20,0-20 scale,_Z,Not Applicable,_Z,Not Applicable,_Z,Not Applicable,2024,14.91528573574344,MEAN,Mean,ITU_GCI,Global Cybersecurity Index,0,Units,IX,Index,602,CCYY,A,Normal value,PU,Public
datastructure,WB.DATA360:DS_DATA360(1.2),I,A,Annual,BLR,Belarus,ITU_GCI_LEGL_SCRE,Legal Score - LS (ITU GCI),_T,Total,_T,All age ranges or no breakdown by age,_T,Total,0_TO_20,0-20 scale,_Z,Not Applicable,_Z,Not Applicable,_Z,Not Applicable,2024,18.610635102040817,MEAN,Mean,ITU_GCI,Global Cybersecurity Index,0,Units,IX,Index,602,CCYY,A,Normal value,PU,Public
datastructure,WB.DATA360:DS_DATA360(1.2),I,A,Annual,BEL,Belgium,ITU_GCI_LEGL_SCRE,Legal Score - LS (ITU GCI),_T,Total,_T,All age ranges or no breakdown by age,_T,Total,0_TO_20,0-20 scale,_Z,Not Applicable,_Z,Not Applicable,_Z,Not Applicable,2024,20.0,MEAN,Mean,ITU_GCI,Global Cybersecurity Index,0,Units,IX,Index,602,CCYY,A,Normal value,PU,Public
datastructure,WB.DATA360:DS_DATA360(1.2),I,A,Annual,BLZ,Belize,ITU_GCI_LEGL_SCRE,Legal Score - LS (ITU GCI),_T,Total,_T,All age ranges or no breakdown by age,_T,Total,0_TO_20,0-20 scale,_Z,Not Applicable,_Z,Not Applicable,_Z,Not Applicable,2024,14.128281654110786,MEAN,Mean,ITU_GCI,Global Cybersecurity Index,0,Units,IX,Index,602,CCYY,A,Normal value,PU,Public
datastructure,WB.DATA360:DS_DATA360(1.2),I,A,Annual,BEN,Benin,ITU_GCI_LEGL_SCRE,Legal Score - LS (ITU GCI),_T,Total,_T,All age ranges or no breakdown by age,_T,Total,0_TO_20,0-20 scale,_Z,Not Applicable,_Z,Not Applicable,_Z,Not Applicable,2024,20.0,MEAN,Mean,ITU_GCI,Global Cybersecurity Index,0,Units,IX,Index,602,CCYY,A,Normal value,PU,Public
datastructure,WB.DATA360:DS_DATA360(1.2),I,A,Annual,BTN,Bhutan,ITU_GCI_LEGL_SCRE,Legal Score - LS (ITU GCI),_T,Total,_T,All age ranges or no breakdown by age,_T,Total,0_TO_20,0-20 scale,_Z,Not Applicable,_Z,Not Applicable,_Z,Not Applicable,2024,14.176169795918367,MEAN,Mean,ITU_GCI,Global Cybersecurity Index,0,Units,IX,Index,602,CCYY,A,Normal value,PU,Public
datastructure,WB.DATA360:DS_DATA360(1.2),I,A,Annual,BOL,Bolivia,ITU_GCI_LEGL_SCRE,Legal Score - LS (ITU GCI),_T,Total,_T,All age ranges or no breakdown by age,_T,Total,0_TO_20,0-20 scale,_Z,Not Applicable,_Z,Not Applicable,_Z,Not Applicable,2024,13.696566452244898,MEAN,Mean,ITU_GCI,Global Cybersecurity Index,0,Units,IX,Index,602,CCYY,A,Normal value,PU,Public
datastructure,WB.DATA360:DS_DATA360(1.2),I,A,Annual,BIH,Bosnia and Herzegovina,ITU_GCI_LEGL_SCRE,Legal Score - LS (ITU GCI),_T,Total,_T,All age ranges or no breakdown by age,_T,Total,0_TO_20,0-20 scale,_Z,Not Applicable,_Z,Not Applicable,_Z,Not Applicable,2024,12.080342857142856,MEAN,Mean,ITU_GCI,Global Cybersecurity Index,0,Units,IX,Index,602,CCYY,A,Normal value,PU,Public
datastructure,WB.DATA360:DS_DATA360(1.2),I,A,Annual,BWA,Botswana,ITU_GCI_LEGL_SCRE,Legal Score - LS (ITU GCI),_T,Total,_T,All age ranges or no breakdown by age,_T,Total,0_TO_20,0-20 scale,_Z,Not Applicable,_Z,Not Applicable,_Z,Not Applicable,2024,19.51871673469388,MEAN,Mean,ITU_GCI,Global Cybersecurity Index,0,Units,IX,Index,602,CCYY,A,Normal value,PU,Public
datastructure,WB.DATA360:DS_DATA360(1.2),I,A,Annual,BRA,Brazil,ITU_GCI_LEGL_SCRE,Legal Score - LS (ITU GCI),_T,Total,_T,All age ranges or no breakdown by age,_T,Total,0_TO_20,0-20 scale,_Z,Not Applicable,_Z,Not Applicable,_Z,Not Applicable,2024,20.0,MEAN,Mean,ITU_GCI,Global Cybersecurity Index,0,Units,IX,Index,602,CCYY,A,Normal value,PU,Public
datastructure,WB.DATA360:DS_DATA360(1.2),I,A,Annual,BRN,Brunei Darussalam,ITU_GCI_LEGL_SCRE,Legal Score - LS (ITU GCI),_T,Total,_T,All age ranges or no breakdown by age,_T,Total,0_TO_20,0-20 scale,_Z,Not Applicable,_Z,Not Applicable,_Z,Not Applicable,2024,17.198568163265307,MEAN,Mean,ITU_GCI,Global Cybersecurity Index,0,Units,IX,Index,602,CCYY,A,Normal value,PU,Public
datastructure,WB.DATA360:DS_DATA360(1.2),I,A,Annual,BGR,Bulgaria,ITU_GCI_LEGL_SCRE,Legal Score - LS (ITU GCI),_T,Total,_T,All age ranges or no breakdown by age,_T,Total,0_TO_20,0-20 scale,_Z,Not Applicable,_Z,Not Applicable,_Z,Not Applicable,2024,20.0,MEAN,Mean,ITU_GCI,Global Cybersecurity Index,0,Units,IX,Index,602,CCYY,A,Normal value,PU,Public
datastructure,WB.DATA360:DS_DATA360(1.2),I,A,Annual,BFA,Burkina Faso,ITU_GCI_LEGL_SCRE,Legal Score - LS (ITU GCI),_T,Total,_T,All age ranges or no breakdown by age,_T,Total,0_TO_20,0-20 scale,_Z,Not Applicable,_Z,Not Applicable,_Z,Not Applicable,2024,14.176169795918367,MEAN,Mean,ITU_GCI,Global Cybersecurity Index,0,Units,IX,Index,602,CCYY,A,Normal value,PU,Public
datastructure,WB.DATA360:DS_DATA360(1.2),I,A,Annual,BDI,Burundi,ITU_GCI_LEGL_SCRE,Legal Score - LS (ITU GCI),_T,Total,_T,All age ranges or no breakdown by age,_T,Total,0_TO_20,0-20 scale,_Z,Not Applicable,_Z,Not Applicable,_Z,Not Applicable,2024,9.903944189387754,MEAN,Mean,ITU_GCI,Global Cybersecurity Index,0,Units,IX,Index,602,CCYY,A,Normal value,PU,Public
datastructure,WB.DATA360:DS_DATA360(1.2),I,A,Annual,CPV,Cabo Verde,ITU_GCI_LEGL_SCRE,Legal Score - LS (ITU GCI),_T,Total,_T,All age ranges or no breakdown by age,_T,Total,0_TO_20,0-20 scale,_Z,Not Applicable,_Z,Not Applicable,_Z,Not Applicable,2024,17.35813182600583,MEAN,Mean,ITU_GCI,Global Cybersecurity Index,0,Units,IX,Index,602,CCYY,A,Normal value,PU,Public
datastructure,WB.DATA360:DS_DATA360(1.2),I,A,Annual,KHM,Cambodia,ITU_GCI_LEGL_SCRE,Legal Score - LS (ITU GCI),_T,Total,_T,All age ranges or no breakdown by age,_T,Total,0_TO_20,0-20 scale,_Z,Not Applicable,_Z,Not Applicable,_Z,Not Applicable,2024,11.817213899008744,MEAN,Mean,ITU_GCI,Global Cybersecurity Index,0,Units,IX,Index,602,CCYY,A,Normal value,PU,Public
datastructure,WB.DATA360:DS_DATA360(1.2),I,A,Annual,CMR,Cameroon,ITU_GCI_LEGL_SCRE,Legal Score - LS (ITU GCI),_T,Total,_T,All age ranges or no breakdown by age,_T,Total,0_TO_20,0-20 scale,_Z,Not Applicable,_Z,Not Applicable,_Z,Not Applicable,2024,17.917466122448978,MEAN,Mean,ITU_GCI,Global Cybersecurity Index,0,Units,IX,Index,602,CCYY,A,Normal value,PU,Public
datastructure,WB.DATA360:DS_DATA360(1.2),I,A,Annual,CAN,Canada,ITU_GCI_LEGL_SCRE,Legal Score - LS (ITU GCI),_T,Total,_T,All age ranges or no breakdown by age,_T,Total,0_TO_20,0-20 scale,_Z,Not Applicable,_Z,Not Applicable,_Z,Not Applicable,2024,18.902734693877548,MEAN,Mean,ITU_GCI,Global Cybersecurity Index,0,Units,IX,Index,602,CCYY,A,Normal value,PU,Public
datastructure,WB.DATA360:DS_DATA360(1.2),I,A,Annual,CAF,Central African Republic,ITU_GCI_LEGL_SCRE,Legal Score - LS (ITU GCI),_T,Total,_T,All age ranges or no breakdown by age,_T,Total,0_TO_20,0-20 scale,_Z,Not Applicable,_Z,Not Applicable,_Z,Not Applicable,2024,4.757965714285714,MEAN,Mean,ITU_GCI,Global Cybersecurity Index,0,Units,IX,Index,602,CCYY,A,Normal value,PU,Public
datastructure,WB.DATA360:DS_DATA360(1.2),I,A,Annual,TCD,Chad,ITU_GCI_LEGL_SCRE,Legal Score - LS (ITU GCI),_T,Total,_T,All age ranges or no breakdown by age,_T,Total,0_TO_20,0-20 scale,_Z,Not Applicable,_Z,Not Applicable,_Z,Not Applicable,2024,12.939832631603498,MEAN,Mean,ITU_GCI,Global Cybersecurity Index,0,Units,IX,Index,602,CCYY,A,Normal value,PU,Public
datastructure,WB.DATA360:DS_DATA360(1.2),I,A,Annual,CHL,Chile,ITU_GCI_LEGL_SCRE,Legal Score - LS (ITU GCI),_T,Total,_T,All age ranges or no breakdown by age,_T,Total,0_TO_20,0-20 scale,_Z,Not Applicable,_Z,Not Applicable,_Z,Not Applicable,2024,14.688914704606413,MEAN,Mean,ITU_GCI,Global Cybersecurity Index,0,Units,IX,Index,602,CCYY,A,Normal value,PU,Public
datastructure,WB.DATA360:DS_DATA360(1.2),I,A,Annual,CHN,China,ITU_GCI_LEGL_SCRE,Legal Score - LS (ITU GCI),_T,Total,_T,All age ranges or no breakdown by age,_T,Total,0_TO_20,0-20 scale,_Z,Not Applicable,_Z,Not Applicable,_Z,Not Applicable,2024,20.0,MEAN,Mean,ITU_GCI,Global Cybersecurity Index,0,Units,IX,Index,602,CCYY,A,Normal value,PU,Public
datastructure,WB.DATA360:DS_DATA360(1.2),I,A,Annual,COL,Colombia,ITU_GCI_LEGL_SCRE,Legal Score - LS (ITU GCI),_T,Total,_T,All age ranges or no breakdown by age,_T,Total,0_TO_20,0-20 scale,_Z,Not Applicable,_Z,Not Applicable,_Z,Not Applicable,2024,13.372845714285711,MEAN,Mean,ITU_GCI,Global Cybersecurity Index,0,Units,IX,Index,602,CCYY,A,Normal value,PU,Public
datastructure,WB.DATA360:DS_DATA360(1.2),I,A,Annual,COM,Comoros,ITU_GCI_LEGL_SCRE,Legal Score - LS (ITU GCI),_T,Total,_T,All age ranges or no breakdown by age,_T,Total,0_TO_20,0-20 scale,_Z,Not Applicable,_Z,Not Applicable,_Z,Not Applicable,2024,18.029462857142857,MEAN,Mean,ITU_GCI,Global Cybersecurity Index,0,Units,IX,Index,602,CCYY,A,Normal value,PU,Public
datastructure,WB.DATA360:DS_DATA360(1.2),I,A,Annual,COG,"Congo, Rep.",ITU_GCI_LEGL_SCRE,Legal Score - LS (ITU GCI),_T,Total,_T,All age ranges or no breakdown by age,_T,Total,0_TO_20,0-20 scale,_Z,Not Applicable,_Z,Not Applicable,_Z,Not Applicable,2024,14.117526530612244,MEAN,Mean,ITU_GCI,Global Cybersecurity Index,0,Units,IX,Index,602,CCYY,A,Normal value,PU,Public
datastructure,WB.DATA360:DS_DATA360(1.2),I,A,Annual,CRI,Costa Rica,ITU_GCI_LEGL_SCRE,Legal Score - LS (ITU GCI),_T,Total,_T,All age ranges or no breakdown by age,_T,Total,0_TO_20,0-20 scale,_Z,Not Applicable,_Z,Not Applicable,_Z,Not Applicable,2024,18.684795102040816,MEAN,Mean,ITU_GCI,Global Cybersecurity Index,0,Units,IX,Index,602,CCYY,A,Normal value,PU,Public
datastructure,WB.DATA360:DS_DATA360(1.2),I,A,Annual,CIV,Cote d'Ivoire,ITU_GCI_LEGL_SCRE,Legal Score - LS (ITU GCI),_T,Total,_T,All age ranges or no breakdown by age,_T,Total,0_TO_20,0-20 scale,_Z,Not Applicable,_Z,Not Applicable,_Z,Not Applicable,2024,19.43093551020408,MEAN,Mean,ITU_GCI,Global Cybersecurity Index,0,Units,IX,Index,602,CCYY,A,Normal value,PU,Public
datastructure,WB.DATA360:DS_DATA360(1.2),I,A,Annual,HRV,Croatia,ITU_GCI_LEGL_SCRE,Legal Score - LS (ITU GCI),_T,Total,_T,All age ranges or no breakdown by age,_T,Total,0_TO_20,0-20 scale,_Z,Not Applicable,_Z,Not Applicable,_Z,Not Applicable,2024,20.0,MEAN,Mean,ITU_GCI,Global Cybersecurity Index,0,Units,IX,Index,602,CCYY,A,Normal value,PU,Public
datastructure,WB.DATA360:DS_DATA360(1.2),I,A,Annual,CUB,Cuba,ITU_GCI_LEGL_SCRE,Legal Score - LS (ITU GCI),_T,Total,_T,All age ranges or no breakdown by age,_T,Total,0_TO_20,0-20 scale,_Z,Not Applicable,_Z,Not Applicable,_Z,Not Applicable,2024,20.0,MEAN,Mean,ITU_GCI,Global Cybersecurity Index,0,Units,IX,Index,602,CCYY,A,Normal value,PU,Public
datastructure,WB.DATA360:DS_DATA360(1.2),I,A,Annual,CYP,Cyprus,ITU_GCI_LEGL_SCRE,Legal Score - LS (ITU GCI),_T,Total,_T,All age ranges or no breakdown by age,_T,Total,0_TO_20,0-20 scale,_Z,Not Applicable,_Z,Not Applicable,_Z,Not Applicable,2024,20.0,MEAN,Mean,ITU_GCI,Global Cybersecurity Index,0,Units,IX,Index,602,CCYY,A,Normal value,PU,Public
datastructure,WB.DATA360:DS_DATA360(1.2),I,A,Annual,CZE,Czechia,ITU_GCI_LEGL_SCRE,Legal Score - LS (ITU GCI),_T,Total,_T,All age ranges or no breakdown by age,_T,Total,0_TO_20,0-20 scale,_Z,Not Applicable,_Z,Not Applicable,_Z,Not Applicable,2024,20.0,MEAN,Mean,ITU_GCI,Global Cybersecurity Index,0,Units,IX,Index,602,CCYY,A,Normal value,PU,Public
datastructure,WB.DATA360:DS_DATA360(1.2),I,A,Annual,PRK,"Korea, Dem. People's Rep.",ITU_GCI_LEGL_SCRE,Legal Score - LS (ITU GCI),_T,Total,_T,All age ranges or no breakdown by age,_T,Total,0_TO_20,0-20 scale,_Z,Not Applicable,_Z,Not Applicable,_Z,Not Applicable,2024,0.0,MEAN,Mean,ITU_GCI,Global Cybersecurity Index,0,Units,IX,Index,602,CCYY,A,Normal value,PU,Public
datastructure,WB.DATA360:DS_DATA360(1.2),I,A,Annual,COD,"Congo, Dem. Rep.",ITU_GCI_LEGL_SCRE,Legal Score - LS (ITU GCI),_T,Total,_T,All age ranges or no breakdown by age,_T,Total,0_TO_20,0-20 scale,_Z,Not Applicable,_Z,Not Applicable,_Z,Not Applicable,2024,17.275755102040815,MEAN,Mean,ITU_GCI,Global Cybersecurity Index,0,Units,IX,Index,602,CCYY,A,Normal value,PU,Public
datastructure,WB.DATA360:DS_DATA360(1.2),I,A,Annual,DNK,Denmark,ITU_GCI_LEGL_SCRE,Legal Score - LS (ITU GCI),_T,Total,_T,All age ranges or no breakdown by age,_T,Total,0_TO_20,0-20 scale,_Z,Not Applicable,_Z,Not Applicable,_Z,Not Applicable,2024,20.0,MEAN,Mean,ITU_GCI,Global Cybersecurity Index,0,Units,IX,Index,602,CCYY,A,Normal value,PU,Public
datastructure,WB.DATA360:DS_DATA360(1.2),I,A,Annual,DJI,Djibouti,ITU_GCI_LEGL_SCRE,Legal Score - LS (ITU GCI),_T,Total,_T,All age ranges or no breakdown by age,_T,Total,0_TO_20,0-20 scale,_Z,Not Applicable,_Z,Not Applicable,_Z,Not Applicable,2024,11.83533699265306,MEAN,Mean,ITU_GCI,Global Cybersecurity Index,0,Units,IX,Index,602,CCYY,A,Normal value,PU,Public
datastructure,WB.DATA360:DS_DATA360(1.2),I,A,Annual,DMA,Dominica,ITU_GCI_LEGL_SCRE,Legal Score - LS (ITU GCI),_T,Total,_T,All age ranges or no breakdown by age,_T,Total,0_TO_20,0-20 scale,_Z,Not Applicable,_Z,Not Applicable,_Z,Not Applicable,2024,6.69020119510204,MEAN,Mean,ITU_GCI,Global Cybersecurity Index,0,Units,IX,Index,602,CCYY,A,Normal value,PU,Public
datastructure,WB.DATA360:DS_DATA360(1.2),I,A,Annual,DOM,Dominican Republic,ITU_GCI_LEGL_SCRE,Legal Score - LS (ITU GCI),_T,Total,_T,All age ranges or no breakdown by age,_T,Total,0_TO_20,0-20 scale,_Z,Not Applicable,_Z,Not Applicable,_Z,Not Applicable,2024,18.48377511276968,MEAN,Mean,ITU_GCI,Global Cybersecurity Index,0,Units,IX,Index,602,CCYY,A,Normal value,PU,Public
datastructure,WB.DATA360:DS_DATA360(1.2),I,A,Annual,ECU,Ecuador,ITU_GCI_LEGL_SCRE,Legal Score - LS (ITU GCI),_T,Total,_T,All age ranges or no breakdown by age,_T,Total,0_TO_20,0-20 scale,_Z,Not Applicable,_Z,Not Applicable,_Z,Not Applicable,2024,19.212995918367348,MEAN,Mean,ITU_GCI,Global Cybersecurity Index,0,Units,IX,Index,602,CCYY,A,Normal value,PU,Public
datastructure,WB.DATA360:DS_DATA360(1.2),I,A,Annual,EGY,"Egypt, Arab Rep.",ITU_GCI_LEGL_SCRE,Legal Score - LS (ITU GCI),_T,Total,_T,All age ranges or no breakdown by age,_T,Total,0_TO_20,0-20 scale,_Z,Not Applicable,_Z,Not Applicable,_Z,Not Applicable,2024,20.0,MEAN,Mean,ITU_GCI,Global Cybersecurity Index,0,Units,IX,Index,602,CCYY,A,Normal value,PU,Public
datastructure,WB.DATA360:DS_DATA360(1.2),I,A,Annual,SLV,El Salvador,ITU_GCI_LEGL_SCRE,Legal Score - LS (ITU GCI),_T,Total,_T,All age ranges or no breakdown by age,_T,Total,0_TO_20,0-20 scale,_Z,Not Applicable,_Z,Not Applicable,_Z,Not Applicable,2024,12.99923349084548,MEAN,Mean,ITU_GCI,Global Cybersecurity Index,0,Units,IX,Index,602,CCYY,A,Normal value,PU,Public
datastructure,WB.DATA360:DS_DATA360(1.2),I,A,Annual,GNQ,Equatorial Guinea,ITU_GCI_LEGL_SCRE,Legal Score - LS (ITU GCI),_T,Total,_T,All age ranges or no breakdown by age,_T,Total,0_TO_20,0-20 scale,_Z,Not Applicable,_Z,Not Applicable,_Z,Not Applicable,2024,6.616265168979592,MEAN,Mean,ITU_GCI,Global Cybersecurity Index,0,Units,IX,Index,602,CCYY,A,Normal value,PU,Public
datastructure,WB.DATA360:DS_DATA360(1.2),I,A,Annual,ERI,Eritrea,ITU_GCI_LEGL_SCRE,Legal Score - LS (ITU GCI),_T,Total,_T,All age ranges or no breakdown by age,_T,Total,0_TO_20,0-20 scale,_Z,Not Applicable,_Z,Not Applicable,_Z,Not Applicable,2024,1.7578151314285717,MEAN,Mean,ITU_GCI,Global Cybersecurity Index,0,Units,IX,Index,602,CCYY,A,Normal value,PU,Public
datastructure,WB.DATA360:DS_DATA360(1.2),I,A,Annual,EST,Estonia,ITU_GCI_LEGL_SCRE,Legal Score - LS (ITU GCI),_T,Total,_T,All age ranges or no breakdown by age,_T,Total,0_TO_20,0-20 scale,_Z,Not Applicable,_Z,Not Applicable,_Z,Not Applicable,2024,20.0,MEAN,Mean,ITU_GCI,Global Cybersecurity Index,0,Units,IX,Index,602,CCYY,A,Normal value,PU,Public
datastructure,WB.DATA360:DS_DATA360(1.2),I,A,Annual,SWZ,Eswatini,ITU_GCI_LEGL_SCRE,Legal Score - LS (ITU GCI),_T,Total,_T,All age ranges or no breakdown by age,_T,Total,0_TO_20,0-20 scale,_Z,Not Applicable,_Z,Not Applicable,_Z,Not Applicable,2024,18.20351183673469,MEAN,Mean,ITU_GCI,Global Cybersecurity Index,0,Units,IX,Index,602,CCYY,A,Normal value,PU,Public
datastructure,WB.DATA360:DS_DATA360(1.2),I,A,Annual,ETH,Ethiopia,ITU_GCI_LEGL_SCRE,Legal Score - LS (ITU GCI),_T,Total,_T,All age ranges or no breakdown by age,_T,Total,0_TO_20,0-20 scale,_Z,Not Applicable,_Z,Not Applicable,_Z,Not Applicable,2024,18.83311510204081,MEAN,Mean,ITU_GCI,Global Cybersecurity Index,0,Units,IX,Index,602,CCYY,A,Normal value,PU,Public
datastructure,WB.DATA360:DS_DATA360(1.2),I,A,Annual,FJI,Fiji,ITU_GCI_LEGL_SCRE,Legal Score - LS (ITU GCI),_T,Total,_T,All age ranges or no breakdown by age,_T,Total,0_TO_20,0-20 scale,_Z,Not Applicable,_Z,Not Applicable,_Z,Not Applicable,2024,13.421854543673469,MEAN,Mean,ITU_GCI,Global Cybersecurity Index,0,Units,IX,Index,602,CCYY,A,Normal value,PU,Public
datastructure,WB.DATA360:DS_DATA360(1.2),I,A,Annual,FIN,Finland,ITU_GCI_LEGL_SCRE,Legal Score - LS (ITU GCI),_T,Total,_T,All age ranges or no breakdown by age,_T,Total,0_TO_20,0-20 scale,_Z,Not Applicable,_Z,Not Applicable,_Z,Not Applicable,2024,20.0,MEAN,Mean,ITU_GCI,Global Cybersecurity Index,0,Units,IX,Index,602,CCYY,A,Normal value,PU,Public
datastructure,WB.DATA360:DS_DATA360(1.2),I,A,Annual,FRA,France,ITU_GCI_LEGL_SCRE,Legal Score - LS (ITU GCI),_T,Total,_T,All age ranges or no breakdown by age,_T,Total,0_TO_20,0-20 scale,_Z,Not Applicable,_Z,Not Applicable,_Z,Not Applicable,2024,20.0,MEAN,Mean,ITU_GCI,Global Cybersecurity Index,0,Units,IX,Index,602,CCYY,A,Normal value,PU,Public
datastructure,WB.DATA360:DS_DATA360(1.2),I,A,Annual,GAB,Gabon,ITU_GCI_LEGL_SCRE,Legal Score - LS (ITU GCI),_T,Total,_T,All age ranges or no breakdown by age,_T,Total,0_TO_20,0-20 scale,_Z,Not Applicable,_Z,Not Applicable,_Z,Not Applicable,2024,20.0,MEAN,Mean,ITU_GCI,Global Cybersecurity Index,0,Units,IX,Index,602,CCYY,A,Normal value,PU,Public
datastructure,WB.DATA360:DS_DATA360(1.2),I,A,Annual,GMB,"Gambia, The",ITU_GCI_LEGL_SCRE,Legal Score - LS (ITU GCI),_T,Total,_T,All age ranges or no breakdown by age,_T,Total,0_TO_20,0-20 scale,_Z,Not Applicable,_Z,Not Applicable,_Z,Not Applicable,2024,14.773925585539358,MEAN,Mean,ITU_GCI,Global Cybersecurity Index,0,Units,IX,Index,602,CCYY,A,Normal value,PU,Public
datastructure,WB.DATA360:DS_DATA360(1.2),I,A,Annual,GEO,Georgia,ITU_GCI_LEGL_SCRE,Legal Score - LS (ITU GCI),_T,Total,_T,All age ranges or no breakdown by age,_T,Total,0_TO_20,0-20 scale,_Z,Not Applicable,_Z,Not Applicable,_Z,Not Applicable,2024,20.0,MEAN,Mean,ITU_GCI,Global Cybersecurity Index,0,Units,IX,Index,602,CCYY,A,Normal value,PU,Public
datastructure,WB.DATA360:DS_DATA360(1.2),I,A,Annual,DEU,Germany,ITU_GCI_LEGL_SCRE,Legal Score - LS (ITU GCI),_T,Total,_T,All age ranges or no breakdown by age,_T,Total,0_TO_20,0-20 scale,_Z,Not Applicable,_Z,Not Applicable,_Z,Not Applicable,2024,20.0,MEAN,Mean,ITU_GCI,Global Cybersecurity Index,0,Units,IX,Index,602,CCYY,A,Normal value,PU,Public
datastructure,WB.DATA360:DS_DATA360(1.2),I,A,Annual,GHA,Ghana,ITU_GCI_LEGL_SCRE,Legal Score - LS (ITU GCI),_T,Total,_T,All age ranges or no breakdown by age,_T,Total,0_TO_20,0-20 scale,_Z,Not Applicable,_Z,Not Applicable,_Z,Not Applicable,2024,20.0,MEAN,Mean,ITU_GCI,Global Cybersecurity Index,0,Units,IX,Index,602,CCYY,A,Normal value,PU,Public
datastructure,WB.DATA360:DS_DATA360(1.2),I,A,Annual,GRC,Greece,ITU_GCI_LEGL_SCRE,Legal Score - LS (ITU GCI),_T,Total,_T,All age ranges or no breakdown by age,_T,Total,0_TO_20,0-20 scale,_Z,Not Applicable,_Z,Not Applicable,_Z,Not Applicable,2024,20.0,MEAN,Mean,ITU_GCI,Global Cybersecurity Index,0,Units,IX,Index,602,CCYY,A,Normal value,PU,Public
datastructure,WB.DATA360:DS_DATA360(1.2),I,A,Annual,GRD,Grenada,ITU_GCI_LEGL_SCRE,Legal Score - LS (ITU GCI),_T,Total,_T,All age ranges or no breakdown by age,_T,Total,0_TO_20,0-20 scale,_Z,Not Applicable,_Z,Not Applicable,_Z,Not Applicable,2024,13.798345327580176,MEAN,Mean,ITU_GCI,Global Cybersecurity Index,0,Units,IX,Index,602,CCYY,A,Normal value,PU,Public
datastructure,WB.DATA360:DS_DATA360(1.2),I,A,Annual,GTM,Guatemala,ITU_GCI_LEGL_SCRE,Legal Score - LS (ITU GCI),_T,Total,_T,All age ranges or no breakdown by age,_T,Total,0_TO_20,0-20 scale,_Z,Not Applicable,_Z,Not Applicable,_Z,Not Applicable,2024,6.992707813877551,MEAN,Mean,ITU_GCI,Global Cybersecurity Index,0,Units,IX,Index,602,CCYY,A,Normal value,PU,Public
datastructure,WB.DATA360:DS_DATA360(1.2),I,A,Annual,GIN,Guinea,ITU_GCI_LEGL_SCRE,Legal Score - LS (ITU GCI),_T,Total,_T,All age ranges or no breakdown by age,_T,Total,0_TO_20,0-20 scale,_Z,Not Applicable,_Z,Not Applicable,_Z,Not Applicable,2024,16.266271020408162,MEAN,Mean,ITU_GCI,Global Cybersecurity Index,0,Units,IX,Index,602,CCYY,A,Normal value,PU,Public
datastructure,WB.DATA360:DS_DATA360(1.2),I,A,Annual,GNB,Guinea-Bissau,ITU_GCI_LEGL_SCRE,Legal Score - LS (ITU GCI),_T,Total,_T,All age ranges or no breakdown by age,_T,Total,0_TO_20,0-20 scale,_Z,Not Applicable,_Z,Not Applicable,_Z,Not Applicable,2024,0.0,MEAN,Mean,ITU_GCI,Global Cybersecurity Index,0,Units,IX,Index,602,CCYY,A,Normal value,PU,Public
datastructure,WB.DATA360:DS_DATA360(1.2),I,A,Annual,GUY,Guyana,ITU_GCI_LEGL_SCRE,Legal Score - LS (ITU GCI),_T,Total,_T,All age ranges or no breakdown by age,_T,Total,0_TO_20,0-20 scale,_Z,Not Applicable,_Z,Not Applicable,_Z,Not Applicable,2024,16.52259022553936,MEAN,Mean,ITU_GCI,Global Cybersecurity Index,0,Units,IX,Index,602,CCYY,A,Normal value,PU,Public
datastructure,WB.DATA360:DS_DATA360(1.2),I,A,Annual,HTI,Haiti,ITU_GCI_LEGL_SCRE,Legal Score - LS (ITU GCI),_T,Total,_T,All age ranges or no breakdown by age,_T,Total,0_TO_20,0-20 scale,_Z,Not Applicable,_Z,Not Applicable,_Z,Not Applicable,2024,6.490589688163265,MEAN,Mean,ITU_GCI,Global Cybersecurity Index,0,Units,IX,Index,602,CCYY,A,Normal value,PU,Public
datastructure,WB.DATA360:DS_DATA360(1.2),I,A,Annual,HND,Honduras,ITU_GCI_LEGL_SCRE,Legal Score - LS (ITU GCI),_T,Total,_T,All age ranges or no breakdown by age,_T,Total,0_TO_20,0-20 scale,_Z,Not Applicable,_Z,Not Applicable,_Z,Not Applicable,2024,17.436182857142857,MEAN,Mean,ITU_GCI,Global Cybersecurity Index,0,Units,IX,Index,602,CCYY,A,Normal value,PU,Public
datastructure,WB.DATA360:DS_DATA360(1.2),I,A,Annual,HUN,Hungary,ITU_GCI_LEGL_SCRE,Legal Score - LS (ITU GCI),_T,Total,_T,All age ranges or no breakdown by age,_T,Total,0_TO_20,0-20 scale,_Z,Not Applicable,_Z,Not Applicable,_Z,Not Applicable,2024,20.0,MEAN,Mean,ITU_GCI,Global Cybersecurity Index,0,Units,IX,Index,602,CCYY,A,Normal value,PU,Public
datastructure,WB.DATA360:DS_DATA360(1.2),I,A,Annual,ISL,Iceland,ITU_GCI_LEGL_SCRE,Legal Score - LS (ITU GCI),_T,Total,_T,All age ranges or no breakdown by age,_T,Total,0_TO_20,0-20 scale,_Z,Not Applicable,_Z,Not Applicable,_Z,Not Applicable,2024,20.0,MEAN,Mean,ITU_GCI,Global Cybersecurity Index,0,Units,IX,Index,602,CCYY,A,Normal value,PU,Public
datastructure,WB.DATA360:DS_DATA360(1.2),I,A,Annual,IND,India,ITU_GCI_LEGL_SCRE,Legal Score - LS (ITU GCI),_T,Total,_T,All age ranges or no breakdown by age,_T,Total,0_TO_20,0-20 scale,_Z,Not Applicable,_Z,Not Applicable,_Z,Not Applicable,2024,20.0,MEAN,Mean,ITU_GCI,Global Cybersecurity Index,0,Units,IX,Index,602,CCYY,A,Normal value,PU,Public
datastructure,WB.DATA360:DS_DATA360(1.2),I,A,Annual,IDN,Indonesia,ITU_GCI_LEGL_SCRE,Legal Score - LS (ITU GCI),_T,Total,_T,All age ranges or no breakdown by age,_T,Total,0_TO_20,0-20 scale,_Z,Not Applicable,_Z,Not Applicable,_Z,Not Applicable,2024,20.0,MEAN,Mean,ITU_GCI,Global Cybersecurity Index,0,Units,IX,Index,602,CCYY,A,Normal value,PU,Public
datastructure,WB.DATA360:DS_DATA360(1.2),I,A,Annual,IRN,"Iran, Islamic Rep.",ITU_GCI_LEGL_SCRE,Legal Score - LS (ITU GCI),_T,Total,_T,All age ranges or no breakdown by age,_T,Total,0_TO_20,0-20 scale,_Z,Not Applicable,_Z,Not Applicable,_Z,Not Applicable,2024,17.79336163265306,MEAN,Mean,ITU_GCI,Global Cybersecurity Index,0,Units,IX,Index,602,CCYY,A,Normal value,PU,Public
datastructure,WB.DATA360:DS_DATA360(1.2),I,A,Annual,IRQ,Iraq,ITU_GCI_LEGL_SCRE,Legal Score - LS (ITU GCI),_T,Total,_T,All age ranges or no breakdown by age,_T,Total,0_TO_20,0-20 scale,_Z,Not Applicable,_Z,Not Applicable,_Z,Not Applicable,2024,11.206002201749271,MEAN,Mean,ITU_GCI,Global Cybersecurity Index,0,Units,IX,Index,602,CCYY,A,Normal value,PU,Public
datastructure,WB.DATA360:DS_DATA360(1.2),I,A,Annual,IRL,Ireland,ITU_GCI_LEGL_SCRE,Legal Score - LS (ITU GCI),_T,Total,_T,All age ranges or no breakdown by age,_T,Total,0_TO_20,0-20 scale,_Z,Not Applicable,_Z,Not Applicable,_Z,Not Applicable,2024,20.0,MEAN,Mean,ITU_GCI,Global Cybersecurity Index,0,Units,IX,Index,602,CCYY,A,Normal value,PU,Public
datastructure,WB.DATA360:DS_DATA360(1.2),I,A,Annual,ISR,Israel,ITU_GCI_LEGL_SCRE,Legal Score - LS (ITU GCI),_T,Total,_T,All age ranges or no breakdown by age,_T,Total,0_TO_20,0-20 scale,_Z,Not Applicable,_Z,Not Applicable,_Z,Not Applicable,2024,19.27077919440233,MEAN,Mean,ITU_GCI,Global Cybersecurity Index,0,Units,IX,Index,602,CCYY,A,Normal value,PU,Public
datastructure,WB.DATA360:DS_DATA360(1.2),I,A,Annual,ITA,Italy,ITU_GCI_LEGL_SCRE,Legal Score - LS (ITU GCI),_T,Total,_T,All age ranges or no breakdown by age,_T,Total,0_TO_20,0-20 scale,_Z,Not Applicable,_Z,Not Applicable,_Z,Not Applicable,2024,20.0,MEAN,Mean,ITU_GCI,Global Cybersecurity Index,0,Units,IX,Index,602,CCYY,A,Normal value,PU,Public
datastructure,WB.DATA360:DS_DATA360(1.2),I,A,Annual,JAM,Jamaica,ITU_GCI_LEGL_SCRE,Legal Score - LS (ITU GCI),_T,Total,_T,All age ranges or no breakdown by age,_T,Total,0_TO_20,0-20 scale,_Z,Not Applicable,_Z,Not Applicable,_Z,Not Applicable,2024,16.407023673469386,MEAN,Mean,ITU_GCI,Global Cybersecurity Index,0,Units,IX,Index,602,CCYY,A,Normal value,PU,Public
datastructure,WB.DATA360:DS_DATA360(1.2),I,A,Annual,JPN,Japan,ITU_GCI_LEGL_SCRE,Legal Score - LS (ITU GCI),_T,Total,_T,All age ranges or no breakdown by age,_T,Total,0_TO_20,0-20 scale,_Z,Not Applicable,_Z,Not Applicable,_Z,Not Applicable,2024,20.0,MEAN,Mean,ITU_GCI,Global Cybersecurity Index,0,Units,IX,Index,602,CCYY,A,Normal value,PU,Public
datastructure,WB.DATA360:DS_DATA360(1.2),I,A,Annual,JOR,Jordan,ITU_GCI_LEGL_SCRE,Legal Score - LS (ITU GCI),_T,Total,_T,All age ranges or no breakdown by age,_T,Total,0_TO_20,0-20 scale,_Z,Not Applicable,_Z,Not Applicable,_Z,Not Applicable,2024,20.0,MEAN,Mean,ITU_GCI,Global Cybersecurity Index,0,Units,IX,Index,602,CCYY,A,Normal value,PU,Public
datastructure,WB.DATA360:DS_DATA360(1.2),I,A,Annual,KAZ,Kazakhstan,ITU_GCI_LEGL_SCRE,Legal Score - LS (ITU GCI),_T,Total,_T,All age ranges or no breakdown by age,_T,Total,0_TO_20,0-20 scale,_Z,Not Applicable,_Z,Not Applicable,_Z,Not Applicable,2024,20.0,MEAN,Mean,ITU_GCI,Global Cybersecurity Index,0,Units,IX,Index,602,CCYY,A,Normal value,PU,Public
datastructure,WB.DATA360:DS_DATA360(1.2),I,A,Annual,KEN,Kenya,ITU_GCI_LEGL_SCRE,Legal Score - LS (ITU GCI),_T,Total,_T,All age ranges or no breakdown by age,_T,Total,0_TO_20,0-20 scale,_Z,Not Applicable,_Z,Not Applicable,_Z,Not Applicable,2024,19.51871673469388,MEAN,Mean,ITU_GCI,Global Cybersecurity Index,0,Units,IX,Index,602,CCYY,A,Normal value,PU,Public
datastructure,WB.DATA360:DS_DATA360(1.2),I,A,Annual,KIR,Kiribati,ITU_GCI_LEGL_SCRE,Legal Score - LS (ITU GCI),_T,Total,_T,All age ranges or no breakdown by age,_T,Total,0_TO_20,0-20 scale,_Z,Not Applicable,_Z,Not Applicable,_Z,Not Applicable,2024,16.79625674542274,MEAN,Mean,ITU_GCI,Global Cybersecurity Index,0,Units,IX,Index,602,CCYY,A,Normal value,PU,Public
datastructure,WB.DATA360:DS_DATA360(1.2),I,A,Annual,KWT,Kuwait,ITU_GCI_LEGL_SCRE,Legal Score - LS (ITU GCI),_T,Total,_T,All age ranges or no breakdown by age,_T,Total,0_TO_20,0-20 scale,_Z,Not Applicable,_Z,Not Applicable,_Z,Not Applicable,2024,16.901928163265303,MEAN,Mean,ITU_GCI,Global Cybersecurity Index,0,Units,IX,Index,602,CCYY,A,Normal value,PU,Public
datastructure,WB.DATA360:DS_DATA360(1.2),I,A,Annual,KGZ,Kyrgyz Republic,ITU_GCI_LEGL_SCRE,Legal Score - LS (ITU GCI),_T,Total,_T,All age ranges or no breakdown by age,_T,Total,0_TO_20,0-20 scale,_Z,Not Applicable,_Z,Not Applicable,_Z,Not Applicable,2024,16.714257959183673,MEAN,Mean,ITU_GCI,Global Cybersecurity Index,0,Units,IX,Index,602,CCYY,A,Normal value,PU,Public
datastructure,WB.DATA360:DS_DATA360(1.2),I,A,Annual,LAO,Lao PDR,ITU_GCI_LEGL_SCRE,Legal Score - LS (ITU GCI),_T,Total,_T,All age ranges or no breakdown by age,_T,Total,0_TO_20,0-20 scale,_Z,Not Applicable,_Z,Not Applicable,_Z,Not Applicable,2024,10.381015209795915,MEAN,Mean,ITU_GCI,Global Cybersecurity Index,0,Units,IX,Index,602,CCYY,A,Normal value,PU,Public
datastructure,WB.DATA360:DS_DATA360(1.2),I,A,Annual,LVA,Latvia,ITU_GCI_LEGL_SCRE,Legal Score - LS (ITU GCI),_T,Total,_T,All age ranges or no breakdown by age,_T,Total,0_TO_20,0-20 scale,_Z,Not Applicable,_Z,Not Applicable,_Z,Not Applicable,2024,20.0,MEAN,Mean,ITU_GCI,Global Cybersecurity Index,0,Units,IX,Index,602,CCYY,A,Normal value,PU,Public
datastructure,WB.DATA360:DS_DATA360(1.2),I,A,Annual,LBN,Lebanon,ITU_GCI_LEGL_SCRE,Legal Score - LS (ITU GCI),_T,Total,_T,All age ranges or no breakdown by age,_T,Total,0_TO_20,0-20 scale,_Z,Not Applicable,_Z,Not Applicable,_Z,Not Applicable,2024,12.080342857142856,MEAN,Mean,ITU_GCI,Global Cybersecurity Index,0,Units,IX,Index,602,CCYY,A,Normal value,PU,Public
datastructure,WB.DATA360:DS_DATA360(1.2),I,A,Annual,LSO,Lesotho,ITU_GCI_LEGL_SCRE,Legal Score - LS (ITU GCI),_T,Total,_T,All age ranges or no breakdown by age,_T,Total,0_TO_20,0-20 scale,_Z,Not Applicable,_Z,Not Applicable,_Z,Not Applicable,2024,7.53758530612245,MEAN,Mean,ITU_GCI,Global Cybersecurity Index,0,Units,IX,Index,602,CCYY,A,Normal value,PU,Public
datastructure,WB.DATA360:DS_DATA360(1.2),I,A,Annual,LBR,Liberia,ITU_GCI_LEGL_SCRE,Legal Score - LS (ITU GCI),_T,Total,_T,All age ranges or no breakdown by age,_T,Total,0_TO_20,0-20 scale,_Z,Not Applicable,_Z,Not Applicable,_Z,Not Applicable,2024,8.154174844081632,MEAN,Mean,ITU_GCI,Global Cybersecurity Index,0,Units,IX,Index,602,CCYY,A,Normal value,PU,Public
datastructure,WB.DATA360:DS_DATA360(1.2),I,A,Annual,LBY,Libya,ITU_GCI_LEGL_SCRE,Legal Score - LS (ITU GCI),_T,Total,_T,All age ranges or no breakdown by age,_T,Total,0_TO_20,0-20 scale,_Z,Not Applicable,_Z,Not Applicable,_Z,Not Applicable,2024,16.750581224489796,MEAN,Mean,ITU_GCI,Global Cybersecurity Index,0,Units,IX,Index,602,CCYY,A,Normal value,PU,Public
datastructure,WB.DATA360:DS_DATA360(1.2),I,A,Annual,LIE,Liechtenstein,ITU_GCI_LEGL_SCRE,Legal Score - LS (ITU GCI),_T,Total,_T,All age ranges or no breakdown by age,_T,Total,0_TO_20,0-20 scale,_Z,Not Applicable,_Z,Not Applicable,_Z,Not Applicable,2024,18.7425783780758,MEAN,Mean,ITU_GCI,Global Cybersecurity Index,0,Units,IX,Index,602,CCYY,A,Normal value,PU,Public
datastructure,WB.DATA360:DS_DATA360(1.2),I,A,Annual,LTU,Lithuania,ITU_GCI_LEGL_SCRE,Legal Score - LS (ITU GCI),_T,Total,_T,All age ranges or no breakdown by age,_T,Total,0_TO_20,0-20 scale,_Z,Not Applicable,_Z,Not Applicable,_Z,Not Applicable,2024,17.79336163265306,MEAN,Mean,ITU_GCI,Global Cybersecurity Index,0,Units,IX,Index,602,CCYY,A,Normal value,PU,Public
datastructure,WB.DATA360:DS_DATA360(1.2),I,A,Annual,LUX,Luxembourg,ITU_GCI_LEGL_SCRE,Legal Score - LS (ITU GCI),_T,Total,_T,All age ranges or no breakdown by age,_T,Total,0_TO_20,0-20 scale,_Z,Not Applicable,_Z,Not Applicable,_Z,Not Applicable,2024,20.0,MEAN,Mean,ITU_GCI,Global Cybersecurity Index,0,Units,IX,Index,602,CCYY,A,Normal value,PU,Public
datastructure,WB.DATA360:DS_DATA360(1.2),I,A,Annual,MDG,Madagascar,ITU_GCI_LEGL_SCRE,Legal Score - LS (ITU GCI),_T,Total,_T,All age ranges or no breakdown by age,_T,Total,0_TO_20,0-20 scale,_Z,Not Applicable,_Z,Not Applicable,_Z,Not Applicable,2024,13.545351536326532,MEAN,Mean,ITU_GCI,Global Cybersecurity Index,0,Units,IX,Index,602,CCYY,A,Normal value,PU,Public
datastructure,WB.DATA360:DS_DATA360(1.2),I,A,Annual,MWI,Malawi,ITU_GCI_LEGL_SCRE,Legal Score - LS (ITU GCI),_T,Total,_T,All age ranges or no breakdown by age,_T,Total,0_TO_20,0-20 scale,_Z,Not Applicable,_Z,Not Applicable,_Z,Not Applicable,2024,18.156594285714284,MEAN,Mean,ITU_GCI,Global Cybersecurity Index,0,Units,IX,Index,602,CCYY,A,Normal value,PU,Public
datastructure,WB.DATA360:DS_DATA360(1.2),I,A,Annual,MYS,Malaysia,ITU_GCI_LEGL_SCRE,Legal Score - LS (ITU GCI),_T,Total,_T,All age ranges or no breakdown by age,_T,Total,0_TO_20,0-20 scale,_Z,Not Applicable,_Z,Not Applicable,_Z,Not Applicable,2024,20.0,MEAN,Mean,ITU_GCI,Global Cybersecurity Index,0,Units,IX,Index,602,CCYY,A,Normal value,PU,Public
datastructure,WB.DATA360:DS_DATA360(1.2),I,A,Annual,MDV,Maldives,ITU_GCI_LEGL_SCRE,Legal Score - LS (ITU GCI),_T,Total,_T,All age ranges or no breakdown by age,_T,Total,0_TO_20,0-20 scale,_Z,Not Applicable,_Z,Not Applicable,_Z,Not Applicable,2024,4.515894177959184,MEAN,Mean,ITU_GCI,Global Cybersecurity Index,0,Units,IX,Index,602,CCYY,A,Normal value,PU,Public
datastructure,WB.DATA360:DS_DATA360(1.2),I,A,Annual,MLI,Mali,ITU_GCI_LEGL_SCRE,Legal Score - LS (ITU GCI),_T,Total,_T,All age ranges or no breakdown by age,_T,Total,0_TO_20,0-20 scale,_Z,Not Applicable,_Z,Not Applicable,_Z,Not Applicable,2024,12.355251407113702,MEAN,Mean,ITU_GCI,Global Cybersecurity Index,0,Units,IX,Index,602,CCYY,A,Normal value,PU,Public
datastructure,WB.DATA360:DS_DATA360(1.2),I,A,Annual,MLT,Malta,ITU_GCI_LEGL_SCRE,Legal Score - LS (ITU GCI),_T,Total,_T,All age ranges or no breakdown by age,_T,Total,0_TO_20,0-20 scale,_Z,Not Applicable,_Z,Not Applicable,_Z,Not Applicable,2024,20.0,MEAN,Mean,ITU_GCI,Global Cybersecurity Index,0,Units,IX,Index,602,CCYY,A,Normal value,PU,Public
datastructure,WB.DATA360:DS_DATA360(1.2),I,A,Annual,MHL,Marshall Islands,ITU_GCI_LEGL_SCRE,Legal Score - LS (ITU GCI),_T,Total,_T,All age ranges or no breakdown by age,_T,Total,0_TO_20,0-20 scale,_Z,Not Applicable,_Z,Not Applicable,_Z,Not Applicable,2024,6.7536310614577255,MEAN,Mean,ITU_GCI,Global Cybersecurity Index,0,Units,IX,Index,602,CCYY,A,Normal value,PU,Public
datastructure,WB.DATA360:DS_DATA360(1.2),I,A,Annual,MRT,Mauritania,ITU_GCI_LEGL_SCRE,Legal Score - LS (ITU GCI),_T,Total,_T,All age ranges or no breakdown by age,_T,Total,0_TO_20,0-20 scale,_Z,Not Applicable,_Z,Not Applicable,_Z,Not Applicable,2024,17.394711686530613,MEAN,Mean,ITU_GCI,Global Cybersecurity Index,0,Units,IX,Index,602,CCYY,A,Normal value,PU,Public
datastructure,WB.DATA360:DS_DATA360(1.2),I,A,Annual,MUS,Mauritius,ITU_GCI_LEGL_SCRE,Legal Score - LS (ITU GCI),_T,Total,_T,All age ranges or no breakdown by age,_T,Total,0_TO_20,0-20 scale,_Z,Not Applicable,_Z,Not Applicable,_Z,Not Applicable,2024,20.0,MEAN,Mean,ITU_GCI,Global Cybersecurity Index,0,Units,IX,Index,602,CCYY,A,Normal value,PU,Public
datastructure,WB.DATA360:DS_DATA360(1.2),I,A,Annual,MEX,Mexico,ITU_GCI_LEGL_SCRE,Legal Score - LS (ITU GCI),_T,Total,_T,All age ranges or no breakdown by age,_T,Total,0_TO_20,0-20 scale,_Z,Not Applicable,_Z,Not Applicable,_Z,Not Applicable,2024,18.39269551020408,MEAN,Mean,ITU_GCI,Global Cybersecurity Index,0,Units,IX,Index,602,CCYY,A,Normal value,PU,Public
datastructure,WB.DATA360:DS_DATA360(1.2),I,A,Annual,FSM,"Micronesia, Fed. Sts.",ITU_GCI_LEGL_SCRE,Legal Score - LS (ITU GCI),_T,Total,_T,All age ranges or no breakdown by age,_T,Total,0_TO_20,0-20 scale,_Z,Not Applicable,_Z,Not Applicable,_Z,Not Applicable,2024,2.805590204081633,MEAN,Mean,ITU_GCI,Global Cybersecurity Index,0,Units,IX,Index,602,CCYY,A,Normal value,PU,Public
datastructure,WB.DATA360:DS_DATA360(1.2),I,A,Annual,MDA,Moldova,ITU_GCI_LEGL_SCRE,Legal Score - LS (ITU GCI),_T,Total,_T,All age ranges or no breakdown by age,_T,Total,0_TO_20,0-20 scale,_Z,Not Applicable,_Z,Not Applicable,_Z,Not Applicable,2024,18.28199752956268,MEAN,Mean,ITU_GCI,Global Cybersecurity Index,0,Units,IX,Index,602,CCYY,A,Normal value,PU,Public
datastructure,WB.DATA360:DS_DATA360(1.2),I,A,Annual,MCO,Monaco,ITU_GCI_LEGL_SCRE,Legal Score - LS (ITU GCI),_T,Total,_T,All age ranges or no breakdown by age,_T,Total,0_TO_20,0-20 scale,_Z,Not Applicable,_Z,Not Applicable,_Z,Not Applicable,2024,18.6045812244898,MEAN,Mean,ITU_GCI,Global Cybersecurity Index,0,Units,IX,Index,602,CCYY,A,Normal value,PU,Public
datastructure,WB.DATA360:DS_DATA360(1.2),I,A,Annual,MNG,Mongolia,ITU_GCI_LEGL_SCRE,Legal Score - LS (ITU GCI),_T,Total,_T,All age ranges or no breakdown by age,_T,Total,0_TO_20,0-20 scale,_Z,Not Applicable,_Z,Not Applicable,_Z,Not Applicable,2024,19.179699591836737,MEAN,Mean,ITU_GCI,Global Cybersecurity Index,0,Units,IX,Index,602,CCYY,A,Normal value,PU,Public
datastructure,WB.DATA360:DS_DATA360(1.2),I,A,Annual,MNE,Montenegro,ITU_GCI_LEGL_SCRE,Legal Score - LS (ITU GCI),_T,Total,_T,All age ranges or no breakdown by age,_T,Total,0_TO_20,0-20 scale,_Z,Not Applicable,_Z,Not Applicable,_Z,Not Applicable,2024,18.943598367346937,MEAN,Mean,ITU_GCI,Global Cybersecurity Index,0,Units,IX,Index,602,CCYY,A,Normal value,PU,Public
datastructure,WB.DATA360:DS_DATA360(1.2),I,A,Annual,MAR,Morocco,ITU_GCI_LEGL_SCRE,Legal Score - LS (ITU GCI),_T,Total,_T,All age ranges or no breakdown by age,_T,Total,0_TO_20,0-20 scale,_Z,Not Applicable,_Z,Not Applicable,_Z,Not Applicable,2024,20.0,MEAN,Mean,ITU_GCI,Global Cybersecurity Index,0,Units,IX,Index,602,CCYY,A,Normal value,PU,Public
datastructure,WB.DATA360:DS_DATA360(1.2),I,A,Annual,MOZ,Mozambique,ITU_GCI_LEGL_SCRE,Legal Score - LS (ITU GCI),_T,Total,_T,All age ranges or no breakdown by age,_T,Total,0_TO_20,0-20 scale,_Z,Not Applicable,_Z,Not Applicable,_Z,Not Applicable,2024,13.923748571428568,MEAN,Mean,ITU_GCI,Global Cybersecurity Index,0,Units,IX,Index,602,CCYY,A,Normal value,PU,Public
datastructure,WB.DATA360:DS_DATA360(1.2),I,A,Annual,MMR,Myanmar,ITU_GCI_LEGL_SCRE,Legal Score - LS (ITU GCI),_T,Total,_T,All age ranges or no breakdown by age,_T,Total,0_TO_20,0-20 scale,_Z,Not Applicable,_Z,Not Applicable,_Z,Not Applicable,2024,15.341541224489797,MEAN,Mean,ITU_GCI,Global Cybersecurity Index,0,Units,IX,Index,602,CCYY,A,Normal value,PU,Public
datastructure,WB.DATA360:DS_DATA360(1.2),I,A,Annual,NAM,Namibia,ITU_GCI_LEGL_SCRE,Legal Score - LS (ITU GCI),_T,Total,_T,All age ranges or no breakdown by age,_T,Total,0_TO_20,0-20 scale,_Z,Not Applicable,_Z,Not Applicable,_Z,Not Applicable,2024,5.663074285714286,MEAN,Mean,ITU_GCI,Global Cybersecurity Index,0,Units,IX,Index,602,CCYY,A,Normal value,PU,Public
datastructure,WB.DATA360:DS_DATA360(1.2),I,A,Annual,NRU,Nauru,ITU_GCI_LEGL_SCRE,Legal Score - LS (ITU GCI),_T,Total,_T,All age ranges or no breakdown by age,_T,Total,0_TO_20,0-20 scale,_Z,Not Applicable,_Z,Not Applicable,_Z,Not Applicable,2024,10.473008679183671,MEAN,Mean,ITU_GCI,Global Cybersecurity Index,0,Units,IX,Index,602,CCYY,A,Normal value,PU,Public
datastructure,WB.DATA360:DS_DATA360(1.2),I,A,Annual,NPL,Nepal,ITU_GCI_LEGL_SCRE,Legal Score - LS (ITU GCI),_T,Total,_T,All age ranges or no breakdown by age,_T,Total,0_TO_20,0-20 scale,_Z,Not Applicable,_Z,Not Applicable,_Z,Not Applicable,2024,19.212995918367348,MEAN,Mean,ITU_GCI,Global Cybersecurity Index,0,Units,IX,Index,602,CCYY,A,Normal value,PU,Public
datastructure,WB.DATA360:DS_DATA360(1.2),I,A,Annual,NLD,Netherlands,ITU_GCI_LEGL_SCRE,Legal Score - LS (ITU GCI),_T,Total,_T,All age ranges or no breakdown by age,_T,Total,0_TO_20,0-20 scale,_Z,Not Applicable,_Z,Not Applicable,_Z,Not Applicable,2024,20.0,MEAN,Mean,ITU_GCI,Global Cybersecurity Index,0,Units,IX,Index,602,CCYY,A,Normal value,PU,Public
datastructure,WB.DATA360:DS_DATA360(1.2),I,A,Annual,NZL,New Zealand,ITU_GCI_LEGL_SCRE,Legal Score - LS (ITU GCI),_T,Total,_T,All age ranges or no breakdown by age,_T,Total,0_TO_20,0-20 scale,_Z,Not Applicable,_Z,Not Applicable,_Z,Not Applicable,2024,19.47179918367347,MEAN,Mean,ITU_GCI,Global Cybersecurity Index,0,Units,IX,Index,602,CCYY,A,Normal value,PU,Public
datastructure,WB.DATA360:DS_DATA360(1.2),I,A,Annual,NIC,Nicaragua,ITU_GCI_LEGL_SCRE,Legal Score - LS (ITU GCI),_T,Total,_T,All age ranges or no breakdown by age,_T,Total,0_TO_20,0-20 scale,_Z,Not Applicable,_Z,Not Applicable,_Z,Not Applicable,2024,12.32703836734694,MEAN,Mean,ITU_GCI,Global Cybersecurity Index,0,Units,IX,Index,602,CCYY,A,Normal value,PU,Public
datastructure,WB.DATA360:DS_DATA360(1.2),I,A,Annual,NER,Niger,ITU_GCI_LEGL_SCRE,Legal Score - LS (ITU GCI),_T,Total,_T,All age ranges or no breakdown by age,_T,Total,0_TO_20,0-20 scale,_Z,Not Applicable,_Z,Not Applicable,_Z,Not Applicable,2024,16.78417602612245,MEAN,Mean,ITU_GCI,Global Cybersecurity Index,0,Units,IX,Index,602,CCYY,A,Normal value,PU,Public
datastructure,WB.DATA360:DS_DATA360(1.2),I,A,Annual,NGA,Nigeria,ITU_GCI_LEGL_SCRE,Legal Score - LS (ITU GCI),_T,Total,_T,All age ranges or no breakdown by age,_T,Total,0_TO_20,0-20 scale,_Z,Not Applicable,_Z,Not Applicable,_Z,Not Applicable,2024,19.51871673469388,MEAN,Mean,ITU_GCI,Global Cybersecurity Index,0,Units,IX,Index,602,CCYY,A,Normal value,PU,Public
datastructure,WB.DATA360:DS_DATA360(1.2),I,A,Annual,NOR,Norway,ITU_GCI_LEGL_SCRE,Legal Score - LS (ITU GCI),_T,Total,_T,All age ranges or no breakdown by age,_T,Total,0_TO_20,0-20 scale,_Z,Not Applicable,_Z,Not Applicable,_Z,Not Applicable,2024,20.0,MEAN,Mean,ITU_GCI,Global Cybersecurity Index,0,Units,IX,Index,602,CCYY,A,Normal value,PU,Public
datastructure,WB.DATA360:DS_DATA360(1.2),I,A,Annual,OMN,Oman,ITU_GCI_LEGL_SCRE,Legal Score - LS (ITU GCI),_T,Total,_T,All age ranges or no breakdown by age,_T,Total,0_TO_20,0-20 scale,_Z,Not Applicable,_Z,Not Applicable,_Z,Not Applicable,2024,19.58984979591837,MEAN,Mean,ITU_GCI,Global Cybersecurity Index,0,Units,IX,Index,602,CCYY,A,Normal value,PU,Public
datastructure,WB.DATA360:DS_DATA360(1.2),I,A,Annual,PAK,Pakistan,ITU_GCI_LEGL_SCRE,Legal Score - LS (ITU GCI),_T,Total,_T,All age ranges or no breakdown by age,_T,Total,0_TO_20,0-20 scale,_Z,Not Applicable,_Z,Not Applicable,_Z,Not Applicable,2024,20.0,MEAN,Mean,ITU_GCI,Global Cybersecurity Index,0,Units,IX,Index,602,CCYY,A,Normal value,PU,Public
datastructure,WB.DATA360:DS_DATA360(1.2),I,A,Annual,PAN,Panama,ITU_GCI_LEGL_SCRE,Legal Score - LS (ITU GCI),_T,Total,_T,All age ranges or no breakdown by age,_T,Total,0_TO_20,0-20 scale,_Z,Not Applicable,_Z,Not Applicable,_Z,Not Applicable,2024,14.017583673469389,MEAN,Mean,ITU_GCI,Global Cybersecurity Index,0,Units,IX,Index,602,CCYY,A,Normal value,PU,Public
datastructure,WB.DATA360:DS_DATA360(1.2),I,A,Annual,PNG,Papua New Guinea,ITU_GCI_LEGL_SCRE,Legal Score - LS (ITU GCI),_T,Total,_T,All age ranges or no breakdown by age,_T,Total,0_TO_20,0-20 scale,_Z,Not Applicable,_Z,Not Applicable,_Z,Not Applicable,2024,14.975824511253643,MEAN,Mean,ITU_GCI,Global Cybersecurity Index,0,Units,IX,Index,602,CCYY,A,Normal value,PU,Public
datastructure,WB.DATA360:DS_DATA360(1.2),I,A,Annual,PRY,Paraguay,ITU_GCI_LEGL_SCRE,Legal Score - LS (ITU GCI),_T,Total,_T,All age ranges or no breakdown by age,_T,Total,0_TO_20,0-20 scale,_Z,Not Applicable,_Z,Not Applicable,_Z,Not Applicable,2024,17.806982857142856,MEAN,Mean,ITU_GCI,Global Cybersecurity Index,0,Units,IX,Index,602,CCYY,A,Normal value,PU,Public
datastructure,WB.DATA360:DS_DATA360(1.2),I,A,Annual,PER,Peru,ITU_GCI_LEGL_SCRE,Legal Score - LS (ITU GCI),_T,Total,_T,All age ranges or no breakdown by age,_T,Total,0_TO_20,0-20 scale,_Z,Not Applicable,_Z,Not Applicable,_Z,Not Applicable,2024,20.0,MEAN,Mean,ITU_GCI,Global Cybersecurity Index,0,Units,IX,Index,602,CCYY,A,Normal value,PU,Public
datastructure,WB.DATA360:DS_DATA360(1.2),I,A,Annual,PHL,Philippines,ITU_GCI_LEGL_SCRE,Legal Score - LS (ITU GCI),_T,Total,_T,All age ranges or no breakdown by age,_T,Total,0_TO_20,0-20 scale,_Z,Not Applicable,_Z,Not Applicable,_Z,Not Applicable,2024,20.0,MEAN,Mean,ITU_GCI,Global Cybersecurity Index,0,Units,IX,Index,602,CCYY,A,Normal value,PU,Public
datastructure,WB.DATA360:DS_DATA360(1.2),I,A,Annual,POL,Poland,ITU_GCI_LEGL_SCRE,Legal Score - LS (ITU GCI),_T,Total,_T,All age ranges or no breakdown by age,_T,Total,0_TO_20,0-20 scale,_Z,Not Applicable,_Z,Not Applicable,_Z,Not Applicable,2024,20.0,MEAN,Mean,ITU_GCI,Global Cybersecurity Index,0,Units,IX,Index,602,CCYY,A,Normal value,PU,Public
datastructure,WB.DATA360:DS_DATA360(1.2),I,A,Annual,PRT,Portugal,ITU_GCI_LEGL_SCRE,Legal Score - LS (ITU GCI),_T,Total,_T,All age ranges or no breakdown by age,_T,Total,0_TO_20,0-20 scale,_Z,Not Applicable,_Z,Not Applicable,_Z,Not Applicable,2024,20.0,MEAN,Mean,ITU_GCI,Global Cybersecurity Index,0,Units,IX,Index,602,CCYY,A,Normal value,PU,Public
datastructure,WB.DATA360:DS_DATA360(1.2),I,A,Annual,QAT,Qatar,ITU_GCI_LEGL_SCRE,Legal Score - LS (ITU GCI),_T,Total,_T,All age ranges or no breakdown by age,_T,Total,0_TO_20,0-20 scale,_Z,Not Applicable,_Z,Not Applicable,_Z,Not Applicable,2024,20.0,MEAN,Mean,ITU_GCI,Global Cybersecurity Index,0,Units,IX,Index,602,CCYY,A,Normal value,PU,Public
datastructure,WB.DATA360:DS_DATA360(1.2),I,A,Annual,KOR,"Korea, Rep.",ITU_GCI_LEGL_SCRE,Legal Score - LS (ITU GCI),_T,Total,_T,All age ranges or no breakdown by age,_T,Total,0_TO_20,0-20 scale,_Z,Not Applicable,_Z,Not Applicable,_Z,Not Applicable,2024,20.0,MEAN,Mean,ITU_GCI,Global Cybersecurity Index,0,Units,IX,Index,602,CCYY,A,Normal value,PU,Public
datastructure,WB.DATA360:DS_DATA360(1.2),I,A,Annual,ROU,Romania,ITU_GCI_LEGL_SCRE,Legal Score - LS (ITU GCI),_T,Total,_T,All age ranges or no breakdown by age,_T,Total,0_TO_20,0-20 scale,_Z,Not Applicable,_Z,Not Applicable,_Z,Not Applicable,2024,20.0,MEAN,Mean,ITU_GCI,Global Cybersecurity Index,0,Units,IX,Index,602,CCYY,A,Normal value,PU,Public
datastructure,WB.DATA360:DS_DATA360(1.2),I,A,Annual,RUS,Russian Federation,ITU_GCI_LEGL_SCRE,Legal Score - LS (ITU GCI),_T,Total,_T,All age ranges or no breakdown by age,_T,Total,0_TO_20,0-20 scale,_Z,Not Applicable,_Z,Not Applicable,_Z,Not Applicable,2024,20.0,MEAN,Mean,ITU_GCI,Global Cybersecurity Index,0,Units,IX,Index,602,CCYY,A,Normal value,PU,Public
datastructure,WB.DATA360:DS_DATA360(1.2),I,A,Annual,RWA,Rwanda,ITU_GCI_LEGL_SCRE,Legal Score - LS (ITU GCI),_T,Total,_T,All age ranges or no breakdown by age,_T,Total,0_TO_20,0-20 scale,_Z,Not Applicable,_Z,Not Applicable,_Z,Not Applicable,2024,20.0,MEAN,Mean,ITU_GCI,Global Cybersecurity Index,0,Units,IX,Index,602,CCYY,A,Normal value,PU,Public
datastructure,WB.DATA360:DS_DATA360(1.2),I,A,Annual,KNA,St. Kitts and Nevis,ITU_GCI_LEGL_SCRE,Legal Score - LS (ITU GCI),_T,Total,_T,All age ranges or no breakdown by age,_T,Total,0_TO_20,0-20 scale,_Z,Not Applicable,_Z,Not Applicable,_Z,Not Applicable,2024,13.35277783043732,MEAN,Mean,ITU_GCI,Global Cybersecurity Index,0,Units,IX,Index,602,CCYY,A,Normal value,PU,Public
datastructure,WB.DATA360:DS_DATA360(1.2),I,A,Annual,LCA,St. Lucia,ITU_GCI_LEGL_SCRE,Legal Score - LS (ITU GCI),_T,Total,_T,All age ranges or no breakdown by age,_T,Total,0_TO_20,0-20 scale,_Z,Not Applicable,_Z,Not Applicable,_Z,Not Applicable,2024,12.047046530612242,MEAN,Mean,ITU_GCI,Global Cybersecurity Index,0,Units,IX,Index,602,CCYY,A,Normal value,PU,Public
datastructure,WB.DATA360:DS_DATA360(1.2),I,A,Annual,VCT,St. Vincent and the Grenadines,ITU_GCI_LEGL_SCRE,Legal Score - LS (ITU GCI),_T,Total,_T,All age ranges or no breakdown by age,_T,Total,0_TO_20,0-20 scale,_Z,Not Applicable,_Z,Not Applicable,_Z,Not Applicable,2024,11.578085735743445,MEAN,Mean,ITU_GCI,Global Cybersecurity Index,0,Units,IX,Index,602,CCYY,A,Normal value,PU,Public
datastructure,WB.DATA360:DS_DATA360(1.2),I,A,Annual,WSM,Samoa,ITU_GCI_LEGL_SCRE,Legal Score - LS (ITU GCI),_T,Total,_T,All age ranges or no breakdown by age,_T,Total,0_TO_20,0-20 scale,_Z,Not Applicable,_Z,Not Applicable,_Z,Not Applicable,2024,10.986319205131196,MEAN,Mean,ITU_GCI,Global Cybersecurity Index,0,Units,IX,Index,602,CCYY,A,Normal value,PU,Public
datastructure,WB.DATA360:DS_DATA360(1.2),I,A,Annual,SMR,San Marino,ITU_GCI_LEGL_SCRE,Legal Score - LS (ITU GCI),_T,Total,_T,All age ranges or no breakdown by age,_T,Total,0_TO_20,0-20 scale,_Z,Not Applicable,_Z,Not Applicable,_Z,Not Applicable,2024,16.11492408163265,MEAN,Mean,ITU_GCI,Global Cybersecurity Index,0,Units,IX,Index,602,CCYY,A,Normal value,PU,Public
datastructure,WB.DATA360:DS_DATA360(1.2),I,A,Annual,STP,Sao Tome and Principe,ITU_GCI_LEGL_SCRE,Legal Score - LS (ITU GCI),_T,Total,_T,All age ranges or no breakdown by age,_T,Total,0_TO_20,0-20 scale,_Z,Not Applicable,_Z,Not Applicable,_Z,Not Applicable,2024,9.828598883265306,MEAN,Mean,ITU_GCI,Global Cybersecurity Index,0,Units,IX,Index,602,CCYY,A,Normal value,PU,Public
datastructure,WB.DATA360:DS_DATA360(1.2),I,A,Annual,SAU,Saudi Arabia,ITU_GCI_LEGL_SCRE,Legal Score - LS (ITU GCI),_T,Total,_T,All age ranges or no breakdown by age,_T,Total,0_TO_20,0-20 scale,_Z,Not Applicable,_Z,Not Applicable,_Z,Not Applicable,2024,20.0,MEAN,Mean,ITU_GCI,Global Cybersecurity Index,0,Units,IX,Index,602,CCYY,A,Normal value,PU,Public
datastructure,WB.DATA360:DS_DATA360(1.2),I,A,Annual,SEN,Senegal,ITU_GCI_LEGL_SCRE,Legal Score - LS (ITU GCI),_T,Total,_T,All age ranges or no breakdown by age,_T,Total,0_TO_20,0-20 scale,_Z,Not Applicable,_Z,Not Applicable,_Z,Not Applicable,2024,15.564319699591834,MEAN,Mean,ITU_GCI,Global Cybersecurity Index,0,Units,IX,Index,602,CCYY,A,Normal value,PU,Public
datastructure,WB.DATA360:DS_DATA360(1.2),I,A,Annual,SRB,Serbia,ITU_GCI_LEGL_SCRE,Legal Score - LS (ITU GCI),_T,Total,_T,All age ranges or no breakdown by age,_T,Total,0_TO_20,0-20 scale,_Z,Not Applicable,_Z,Not Applicable,_Z,Not Applicable,2024,20.0,MEAN,Mean,ITU_GCI,Global Cybersecurity Index,0,Units,IX,Index,602,CCYY,A,Normal value,PU,Public
datastructure,WB.DATA360:DS_DATA360(1.2),I,A,Annual,SYC,Seychelles,ITU_GCI_LEGL_SCRE,Legal Score - LS (ITU GCI),_T,Total,_T,All age ranges or no breakdown by age,_T,Total,0_TO_20,0-20 scale,_Z,Not Applicable,_Z,Not Applicable,_Z,Not Applicable,2024,16.745070225539358,MEAN,Mean,ITU_GCI,Global Cybersecurity Index,0,Units,IX,Index,602,CCYY,A,Normal value,PU,Public
datastructure,WB.DATA360:DS_DATA360(1.2),I,A,Annual,SLE,Sierra Leone,ITU_GCI_LEGL_SCRE,Legal Score - LS (ITU GCI),_T,Total,_T,All age ranges or no breakdown by age,_T,Total,0_TO_20,0-20 scale,_Z,Not Applicable,_Z,Not Applicable,_Z,Not Applicable,2024,17.29240326530612,MEAN,Mean,ITU_GCI,Global Cybersecurity Index,0,Units,IX,Index,602,CCYY,A,Normal value,PU,Public
datastructure,WB.DATA360:DS_DATA360(1.2),I,A,Annual,SGP,Singapore,ITU_GCI_LEGL_SCRE,Legal Score - LS (ITU GCI),_T,Total,_T,All age ranges or no breakdown by age,_T,Total,0_TO_20,0-20 scale,_Z,Not Applicable,_Z,Not Applicable,_Z,Not Applicable,2024,20.0,MEAN,Mean,ITU_GCI,Global Cybersecurity Index,0,Units,IX,Index,602,CCYY,A,Normal value,PU,Public
datastructure,WB.DATA360:DS_DATA360(1.2),I,A,Annual,SVK,Slovak Republic,ITU_GCI_LEGL_SCRE,Legal Score - LS (ITU GCI),_T,Total,_T,All age ranges or no breakdown by age,_T,Total,0_TO_20,0-20 scale,_Z,Not Applicable,_Z,Not Applicable,_Z,Not Applicable,2024,20.0,MEAN,Mean,ITU_GCI,Global Cybersecurity Index,0,Units,IX,Index,602,CCYY,A,Normal value,PU,Public
datastructure,WB.DATA360:DS_DATA360(1.2),I,A,Annual,SVN,Slovenia,ITU_GCI_LEGL_SCRE,Legal Score - LS (ITU GCI),_T,Total,_T,All age ranges or no breakdown by age,_T,Total,0_TO_20,0-20 scale,_Z,Not Applicable,_Z,Not Applicable,_Z,Not Applicable,2024,20.0,MEAN,Mean,ITU_GCI,Global Cybersecurity Index,0,Units,IX,Index,602,CCYY,A,Normal value,PU,Public
datastructure,WB.DATA360:DS_DATA360(1.2),I,A,Annual,SLB,Solomon Islands,ITU_GCI_LEGL_SCRE,Legal Score - LS (ITU GCI),_T,Total,_T,All age ranges or no breakdown by age,_T,Total,0_TO_20,0-20 scale,_Z,Not Applicable,_Z,Not Applicable,_Z,Not Applicable,2024,5.779285056559766,MEAN,Mean,ITU_GCI,Global Cybersecurity Index,0,Units,IX,Index,602,CCYY,A,Normal value,PU,Public
datastructure,WB.DATA360:DS_DATA360(1.2),I,A,Annual,SOM,Somalia,ITU_GCI_LEGL_SCRE,Legal Score - LS (ITU GCI),_T,Total,_T,All age ranges or no breakdown by age,_T,Total,0_TO_20,0-20 scale,_Z,Not Applicable,_Z,Not Applicable,_Z,Not Applicable,2024,6.4918097772594745,MEAN,Mean,ITU_GCI,Global Cybersecurity Index,0,Units,IX,Index,602,CCYY,A,Normal value,PU,Public
datastructure,WB.DATA360:DS_DATA360(1.2),I,A,Annual,ZAF,South Africa,ITU_GCI_LEGL_SCRE,Legal Score - LS (ITU GCI),_T,Total,_T,All age ranges or no breakdown by age,_T,Total,0_TO_20,0-20 scale,_Z,Not Applicable,_Z,Not Applicable,_Z,Not Applicable,2024,20.0,MEAN,Mean,ITU_GCI,Global Cybersecurity Index,0,Units,IX,Index,602,CCYY,A,Normal value,PU,Public
datastructure,WB.DATA360:DS_DATA360(1.2),I,A,Annual,SSD,South Sudan,ITU_GCI_LEGL_SCRE,Legal Score - LS (ITU GCI),_T,Total,_T,All age ranges or no breakdown by age,_T,Total,0_TO_20,0-20 scale,_Z,Not Applicable,_Z,Not Applicable,_Z,Not Applicable,2024,12.470788271020409,MEAN,Mean,ITU_GCI,Global Cybersecurity Index,0,Units,IX,Index,602,CCYY,A,Normal value,PU,Public
datastructure,WB.DATA360:DS_DATA360(1.2),I,A,Annual,ESP,Spain,ITU_GCI_LEGL_SCRE,Legal Score - LS (ITU GCI),_T,Total,_T,All age ranges or no breakdown by age,_T,Total,0_TO_20,0-20 scale,_Z,Not Applicable,_Z,Not Applicable,_Z,Not Applicable,2024,20.0,MEAN,Mean,ITU_GCI,Global Cybersecurity Index,0,Units,IX,Index,602,CCYY,A,Normal value,PU,Public
datastructure,WB.DATA360:DS_DATA360(1.2),I,A,Annual,LKA,Sri Lanka,ITU_GCI_LEGL_SCRE,Legal Score - LS (ITU GCI),_T,Total,_T,All age ranges or no breakdown by age,_T,Total,0_TO_20,0-20 scale,_Z,Not Applicable,_Z,Not Applicable,_Z,Not Applicable,2024,19.212995918367348,MEAN,Mean,ITU_GCI,Global Cybersecurity Index,0,Units,IX,Index,602,CCYY,A,Normal value,PU,Public
datastructure,WB.DATA360:DS_DATA360(1.2),I,A,Annual,PSE,West Bank and Gaza,ITU_GCI_LEGL_SCRE,Legal Score - LS (ITU GCI),_T,Total,_T,All age ranges or no breakdown by age,_T,Total,0_TO_20,0-20 scale,_Z,Not Applicable,_Z,Not Applicable,_Z,Not Applicable,2024,14.241248979591838,MEAN,Mean,ITU_GCI,Global Cybersecurity Index,0,Units,IX,Index,602,CCYY,A,Normal value,PU,Public
datastructure,WB.DATA360:DS_DATA360(1.2),I,A,Annual,SDN,Sudan,ITU_GCI_LEGL_SCRE,Legal Score - LS (ITU GCI),_T,Total,_T,All age ranges or no breakdown by age,_T,Total,0_TO_20,0-20 scale,_Z,Not Applicable,_Z,Not Applicable,_Z,Not Applicable,2024,15.573102040816329,MEAN,Mean,ITU_GCI,Global Cybersecurity Index,0,Units,IX,Index,602,CCYY,A,Normal value,PU,Public
datastructure,WB.DATA360:DS_DATA360(1.2),I,A,Annual,SUR,Suriname,ITU_GCI_LEGL_SCRE,Legal Score - LS (ITU GCI),_T,Total,_T,All age ranges or no breakdown by age,_T,Total,0_TO_20,0-20 scale,_Z,Not Applicable,_Z,Not Applicable,_Z,Not Applicable,2024,15.212896326530617,MEAN,Mean,ITU_GCI,Global Cybersecurity Index,0,Units,IX,Index,602,CCYY,A,Normal value,PU,Public
datastructure,WB.DATA360:DS_DATA360(1.2),I,A,Annual,SWE,Sweden,ITU_GCI_LEGL_SCRE,Legal Score - LS (ITU GCI),_T,Total,_T,All age ranges or no breakdown by age,_T,Total,0_TO_20,0-20 scale,_Z,Not Applicable,_Z,Not Applicable,_Z,Not Applicable,2024,20.0,MEAN,Mean,ITU_GCI,Global Cybersecurity Index,0,Units,IX,Index,602,CCYY,A,Normal value,PU,Public
datastructure,WB.DATA360:DS_DATA360(1.2),I,A,Annual,CHE,Switzerland,ITU_GCI_LEGL_SCRE,Legal Score - LS (ITU GCI),_T,Total,_T,All age ranges or no breakdown by age,_T,Total,0_TO_20,0-20 scale,_Z,Not Applicable,_Z,Not Applicable,_Z,Not Applicable,2024,20.0,MEAN,Mean,ITU_GCI,Global Cybersecurity Index,0,Units,IX,Index,602,CCYY,A,Normal value,PU,Public
datastructure,WB.DATA360:DS_DATA360(1.2),I,A,Annual,SYR,Syrian Arab Republic,ITU_GCI_LEGL_SCRE,Legal Score - LS (ITU GCI),_T,Total,_T,All age ranges or no breakdown by age,_T,Total,0_TO_20,0-20 scale,_Z,Not Applicable,_Z,Not Applicable,_Z,Not Applicable,2024,15.600344489795916,MEAN,Mean,ITU_GCI,Global Cybersecurity Index,0,Units,IX,Index,602,CCYY,A,Normal value,PU,Public
datastructure,WB.DATA360:DS_DATA360(1.2),I,A,Annual,TJK,Tajikistan,ITU_GCI_LEGL_SCRE,Legal Score - LS (ITU GCI),_T,Total,_T,All age ranges or no breakdown by age,_T,Total,0_TO_20,0-20 scale,_Z,Not Applicable,_Z,Not Applicable,_Z,Not Applicable,2024,13.298357551020407,MEAN,Mean,ITU_GCI,Global Cybersecurity Index,0,Units,IX,Index,602,CCYY,A,Normal value,PU,Public
datastructure,WB.DATA360:DS_DATA360(1.2),I,A,Annual,TZA,Tanzania,ITU_GCI_LEGL_SCRE,Legal Score - LS (ITU GCI),_T,Total,_T,All age ranges or no breakdown by age,_T,Total,0_TO_20,0-20 scale,_Z,Not Applicable,_Z,Not Applicable,_Z,Not Applicable,2024,20.0,MEAN,Mean,ITU_GCI,Global Cybersecurity Index,0,Units,IX,Index,602,CCYY,A,Normal value,PU,Public
datastructure,WB.DATA360:DS_DATA360(1.2),I,A,Annual,THA,Thailand,ITU_GCI_LEGL_SCRE,Legal Score - LS (ITU GCI),_T,Total,_T,All age ranges or no breakdown by age,_T,Total,0_TO_20,0-20 scale,_Z,Not Applicable,_Z,Not Applicable,_Z,Not Applicable,2024,20.0,MEAN,Mean,ITU_GCI,Global Cybersecurity Index,0,Units,IX,Index,602,CCYY,A,Normal value,PU,Public
datastructure,WB.DATA360:DS_DATA360(1.2),I,A,Annual,MKD,North Macedonia,ITU_GCI_LEGL_SCRE,Legal Score - LS (ITU GCI),_T,Total,_T,All age ranges or no breakdown by age,_T,Total,0_TO_20,0-20 scale,_Z,Not Applicable,_Z,Not Applicable,_Z,Not Applicable,2024,19.212995918367348,MEAN,Mean,ITU_GCI,Global Cybersecurity Index,0,Units,IX,Index,602,CCYY,A,Normal value,PU,Public
datastructure,WB.DATA360:DS_DATA360(1.2),I,A,Annual,TLS,Timor-Leste,ITU_GCI_LEGL_SCRE,Legal Score - LS (ITU GCI),_T,Total,_T,All age ranges or no breakdown by age,_T,Total,0_TO_20,0-20 scale,_Z,Not Applicable,_Z,Not Applicable,_Z,Not Applicable,2024,6.222380408163265,MEAN,Mean,ITU_GCI,Global Cybersecurity Index,0,Units,IX,Index,602,CCYY,A,Normal value,PU,Public
datastructure,WB.DATA360:DS_DATA360(1.2),I,A,Annual,TGO,Togo,ITU_GCI_LEGL_SCRE,Legal Score - LS (ITU GCI),_T,Total,_T,All age ranges or no breakdown by age,_T,Total,0_TO_20,0-20 scale,_Z,Not Applicable,_Z,Not Applicable,_Z,Not Applicable,2024,20.0,MEAN,Mean,ITU_GCI,Global Cybersecurity Index,0,Units,IX,Index,602,CCYY,A,Normal value,PU,Public
datastructure,WB.DATA360:DS_DATA360(1.2),I,A,Annual,TON,Tonga,ITU_GCI_LEGL_SCRE,Legal Score - LS (ITU GCI),_T,Total,_T,All age ranges or no breakdown by age,_T,Total,0_TO_20,0-20 scale,_Z,Not Applicable,_Z,Not Applicable,_Z,Not Applicable,2024,7.009411149620991,MEAN,Mean,ITU_GCI,Global Cybersecurity Index,0,Units,IX,Index,602,CCYY,A,Normal value,PU,Public
datastructure,WB.DATA360:DS_DATA360(1.2),I,A,Annual,TTO,Trinidad and Tobago,ITU_GCI_LEGL_SCRE,Legal Score - LS (ITU GCI),_T,Total,_T,All age ranges or no breakdown by age,_T,Total,0_TO_20,0-20 scale,_Z,Not Applicable,_Z,Not Applicable,_Z,Not Applicable,2024,8.87524746542274,MEAN,Mean,ITU_GCI,Global Cybersecurity Index,0,Units,IX,Index,602,CCYY,A,Normal value,PU,Public
datastructure,WB.DATA360:DS_DATA360(1.2),I,A,Annual,TUN,Tunisia,ITU_GCI_LEGL_SCRE,Legal Score - LS (ITU GCI),_T,Total,_T,All age ranges or no breakdown by age,_T,Total,0_TO_20,0-20 scale,_Z,Not Applicable,_Z,Not Applicable,_Z,Not Applicable,2024,19.179699591836737,MEAN,Mean,ITU_GCI,Global Cybersecurity Index,0,Units,IX,Index,602,CCYY,A,Normal value,PU,Public
datastructure,WB.DATA360:DS_DATA360(1.2),I,A,Annual,TUR,Turkiye,ITU_GCI_LEGL_SCRE,Legal Score - LS (ITU GCI),_T,Total,_T,All age ranges or no breakdown by age,_T,Total,0_TO_20,0-20 scale,_Z,Not Applicable,_Z,Not Applicable,_Z,Not Applicable,2024,20.0,MEAN,Mean,ITU_GCI,Global Cybersecurity Index,0,Units,IX,Index,602,CCYY,A,Normal value,PU,Public
datastructure,WB.DATA360:DS_DATA360(1.2),I,A,Annual,TKM,Turkmenistan,ITU_GCI_LEGL_SCRE,Legal Score - LS (ITU GCI),_T,Total,_T,All age ranges or no breakdown by age,_T,Total,0_TO_20,0-20 scale,_Z,Not Applicable,_Z,Not Applicable,_Z,Not Applicable,2024,10.121913469387756,MEAN,Mean,ITU_GCI,Global Cybersecurity Index,0,Units,IX,Index,602,CCYY,A,Normal value,PU,Public
datastructure,WB.DATA360:DS_DATA360(1.2),I,A,Annual,TUV,Tuvalu,ITU_GCI_LEGL_SCRE,Legal Score - LS (ITU GCI),_T,Total,_T,All age ranges or no breakdown by age,_T,Total,0_TO_20,0-20 scale,_Z,Not Applicable,_Z,Not Applicable,_Z,Not Applicable,2024,7.279266718600583,MEAN,Mean,ITU_GCI,Global Cybersecurity Index,0,Units,IX,Index,602,CCYY,A,Normal value,PU,Public
datastructure,WB.DATA360:DS_DATA360(1.2),I,A,Annual,UGA,Uganda,ITU_GCI_LEGL_SCRE,Legal Score - LS (ITU GCI),_T,Total,_T,All age ranges or no breakdown by age,_T,Total,0_TO_20,0-20 scale,_Z,Not Applicable,_Z,Not Applicable,_Z,Not Applicable,2024,16.407023673469386,MEAN,Mean,ITU_GCI,Global Cybersecurity Index,0,Units,IX,Index,602,CCYY,A,Normal value,PU,Public
datastructure,WB.DATA360:DS_DATA360(1.2),I,A,Annual,UKR,Ukraine,ITU_GCI_LEGL_SCRE,Legal Score - LS (ITU GCI),_T,Total,_T,All age ranges or no breakdown by age,_T,Total,0_TO_20,0-20 scale,_Z,Not Applicable,_Z,Not Applicable,_Z,Not Applicable,2024,19.42488163265306,MEAN,Mean,ITU_GCI,Global Cybersecurity Index,0,Units,IX,Index,602,CCYY,A,Normal value,PU,Public
datastructure,WB.DATA360:DS_DATA360(1.2),I,A,Annual,ARE,United Arab Emirates,ITU_GCI_LEGL_SCRE,Legal Score - LS (ITU GCI),_T,Total,_T,All age ranges or no breakdown by age,_T,Total,0_TO_20,0-20 scale,_Z,Not Applicable,_Z,Not Applicable,_Z,Not Applicable,2024,20.0,MEAN,Mean,ITU_GCI,Global Cybersecurity Index,0,Units,IX,Index,602,CCYY,A,Normal value,PU,Public
datastructure,WB.DATA360:DS_DATA360(1.2),I,A,Annual,GBR,United Kingdom,ITU_GCI_LEGL_SCRE,Legal Score - LS (ITU GCI),_T,Total,_T,All age ranges or no breakdown by age,_T,Total,0_TO_20,0-20 scale,_Z,Not Applicable,_Z,Not Applicable,_Z,Not Applicable,2024,20.0,MEAN,Mean,ITU_GCI,Global Cybersecurity Index,0,Units,IX,Index,602,CCYY,A,Normal value,PU,Public
datastructure,WB.DATA360:DS_DATA360(1.2),I,A,Annual,USA,United States,ITU_GCI_LEGL_SCRE,Legal Score - LS (ITU GCI),_T,Total,_T,All age ranges or no breakdown by age,_T,Total,0_TO_20,0-20 scale,_Z,Not Applicable,_Z,Not Applicable,_Z,Not Applicable,2024,20.0,MEAN,Mean,ITU_GCI,Global Cybersecurity Index,0,Units,IX,Index,602,CCYY,A,Normal value,PU,Public
datastructure,WB.DATA360:DS_DATA360(1.2),I,A,Annual,URY,Uruguay,ITU_GCI_LEGL_SCRE,Legal Score - LS (ITU GCI),_T,Total,_T,All age ranges or no breakdown by age,_T,Total,0_TO_20,0-20 scale,_Z,Not Applicable,_Z,Not Applicable,_Z,Not Applicable,2024,19.146727784489794,MEAN,Mean,ITU_GCI,Global Cybersecurity Index,0,Units,IX,Index,602,CCYY,A,Normal value,PU,Public
datastructure,WB.DATA360:DS_DATA360(1.2),I,A,Annual,UZB,Uzbekistan,ITU_GCI_LEGL_SCRE,Legal Score - LS (ITU GCI),_T,Total,_T,All age ranges or no breakdown by age,_T,Total,0_TO_20,0-20 scale,_Z,Not Applicable,_Z,Not Applicable,_Z,Not Applicable,2024,19.58984979591837,MEAN,Mean,ITU_GCI,Global Cybersecurity Index,0,Units,IX,Index,602,CCYY,A,Normal value,PU,Public
datastructure,WB.DATA360:DS_DATA360(1.2),I,A,Annual,VUT,Vanuatu,ITU_GCI_LEGL_SCRE,Legal Score - LS (ITU GCI),_T,Total,_T,All age ranges or no breakdown by age,_T,Total,0_TO_20,0-20 scale,_Z,Not Applicable,_Z,Not Applicable,_Z,Not Applicable,2024,15.634546788571429,MEAN,Mean,ITU_GCI,Global Cybersecurity Index,0,Units,IX,Index,602,CCYY,A,Normal value,PU,Public
datastructure,WB.DATA360:DS_DATA360(1.2),I,A,Annual,VAT,Holy See (Vatican City State),ITU_GCI_LEGL_SCRE,Legal Score - LS (ITU GCI),_T,Total,_T,All age ranges or no breakdown by age,_T,Total,0_TO_20,0-20 scale,_Z,Not Applicable,_Z,Not Applicable,_Z,Not Applicable,2024,1.4060130612244897,MEAN,Mean,ITU_GCI,Global Cybersecurity Index,0,Units,IX,Index,602,CCYY,A,Normal value,PU,Public
datastructure,WB.DATA360:DS_DATA360(1.2),I,A,Annual,VEN,"Venezuela, RB",ITU_GCI_LEGL_SCRE,Legal Score - LS (ITU GCI),_T,Total,_T,All age ranges or no breakdown by age,_T,Total,0_TO_20,0-20 scale,_Z,Not Applicable,_Z,Not Applicable,_Z,Not Applicable,2024,15.01463183673469,MEAN,Mean,ITU_GCI,Global Cybersecurity Index,0,Units,IX,Index,602,CCYY,A,Normal value,PU,Public
datastructure,WB.DATA360:DS_DATA360(1.2),I,A,Annual,VNM,Viet Nam,ITU_GCI_LEGL_SCRE,Legal Score - LS (ITU GCI),_T,Total,_T,All age ranges or no breakdown by age,_T,Total,0_TO_20,0-20 scale,_Z,Not Applicable,_Z,Not Applicable,_Z,Not Applicable,2024,20.0,MEAN,Mean,ITU_GCI,Global Cybersecurity Index,0,Units,IX,Index,602,CCYY,A,Normal value,PU,Public
datastructure,WB.DATA360:DS_DATA360(1.2),I,A,Annual,YEM,"Yemen, Rep.",ITU_GCI_LEGL_SCRE,Legal Score - LS (ITU GCI),_T,Total,_T,All age ranges or no breakdown by age,_T,Total,0_TO_20,0-20 scale,_Z,Not Applicable,_Z,Not Applicable,_Z,Not Applicable,2024,5.292220408163265,MEAN,Mean,ITU_GCI,Global Cybersecurity Index,0,Units,IX,Index,602,CCYY,A,Normal value,PU,Public
datastructure,WB.DATA360:DS_DATA360(1.2),I,A,Annual,ZMB,Zambia,ITU_GCI_LEGL_SCRE,Legal Score - LS (ITU GCI),_T,Total,_T,All age ranges or no breakdown by age,_T,Total,0_TO_20,0-20 scale,_Z,Not Applicable,_Z,Not Applicable,_Z,Not Applicable,2024,20.0,MEAN,Mean,ITU_GCI,Global Cybersecurity Index,0,Units,IX,Index,602,CCYY,A,Normal value,PU,Public
datastructure,WB.DATA360:DS_DATA360(1.2),I,A,Annual,ZWE,Zimbabwe,ITU_GCI_LEGL_SCRE,Legal Score - LS (ITU GCI),_T,Total,_T,All age ranges or no breakdown by age,_T,Total,0_TO_20,0-20 scale,_Z,Not Applicable,_Z,Not Applicable,_Z,Not Applicable,2024,16.302892760816327,MEAN,Mean,ITU_GCI,Global Cybersecurity Index,0,Units,IX,Index,602,CCYY,A,Normal value,PU,Public
