STRUCTURE,STRUCTURE_ID,ACTION,FREQ,FREQ_LABEL,REF_AREA,REF_AREA_LABEL,INDICATOR,INDICATOR_LABEL,SEX,SEX_LABEL,AGE,AGE_LABEL,URBANISATION,URBANISATION_LABEL,UNIT_MEASURE,UNIT_MEASURE_LABEL,COMP_BREAKDOWN_1,COMP_BREAKDOWN_1_LABEL,COMP_BREAKDOWN_2,COMP_BREAKDOWN_2_LABEL,COMP_BREAKDOWN_3,COMP_BREAKDOWN_3_LABEL,TIME_PERIOD,OBS_VALUE,AGG_METHOD,AGG_METHOD_LABEL,DATABASE_ID,DATABASE_ID_LABEL,UNIT_MULT,UNIT_MULT_LABEL,UNIT_TYPE,UNIT_TYPE_LABEL,TIME_FORMAT,TIME_FORMAT_LABEL,OBS_STATUS,OBS_STATUS_LABEL,OBS_CONF,OBS_CONF_LABEL
datastructure,WB.DATA360:DS_DATA360(1.2),I,A,Annual,AFG,Afghanistan,ITU_GCI_CDS_SCORE,Capacity Development Score - CDS (ITU GCI),_T,Total,_T,All age ranges or no breakdown by age,_T,Total,0_TO_20,0-20 scale,_Z,Not Applicable,_Z,Not Applicable,_Z,Not Applicable,2020,0.0,MEAN,Mean,ITU_GCI,Global Cybersecurity Index,0,Units,IX,Index,602,CCYY,A,Normal value,PU,Public
datastructure,WB.DATA360:DS_DATA360(1.2),I,A,Annual,ALB,Albania,ITU_GCI_CDS_SCORE,Capacity Development Score - CDS (ITU GCI),_T,Total,_T,All age ranges or no breakdown by age,_T,Total,0_TO_20,0-20 scale,_Z,Not Applicable,_Z,Not Applicable,_Z,Not Applicable,2020,12.119803212801132,MEAN,Mean,ITU_GCI,Global Cybersecurity Index,0,Units,IX,Index,602,CCYY,A,Normal value,PU,Public
datastructure,WB.DATA360:DS_DATA360(1.2),I,A,Annual,DZA,Algeria,ITU_GCI_CDS_SCORE,Capacity Development Score - CDS (ITU GCI),_T,Total,_T,All age ranges or no breakdown by age,_T,Total,0_TO_20,0-20 scale,_Z,Not Applicable,_Z,Not Applicable,_Z,Not Applicable,2020,10.074038038080246,MEAN,Mean,ITU_GCI,Global Cybersecurity Index,0,Units,IX,Index,602,CCYY,A,Normal value,PU,Public
datastructure,WB.DATA360:DS_DATA360(1.2),I,A,Annual,AND,Andorra,ITU_GCI_CDS_SCORE,Capacity Development Score - CDS (ITU GCI),_T,Total,_T,All age ranges or no breakdown by age,_T,Total,0_TO_20,0-20 scale,_Z,Not Applicable,_Z,Not Applicable,_Z,Not Applicable,2020,4.412430895223103,MEAN,Mean,ITU_GCI,Global Cybersecurity Index,0,Units,IX,Index,602,CCYY,A,Normal value,PU,Public
datastructure,WB.DATA360:DS_DATA360(1.2),I,A,Annual,AGO,Angola,ITU_GCI_CDS_SCORE,Capacity Development Score - CDS (ITU GCI),_T,Total,_T,All age ranges or no breakdown by age,_T,Total,0_TO_20,0-20 scale,_Z,Not Applicable,_Z,Not Applicable,_Z,Not Applicable,2020,0.0,MEAN,Mean,ITU_GCI,Global Cybersecurity Index,0,Units,IX,Index,602,CCYY,A,Normal value,PU,Public
datastructure,WB.DATA360:DS_DATA360(1.2),I,A,Annual,ATG,Antigua and Barbuda,ITU_GCI_CDS_SCORE,Capacity Development Score - CDS (ITU GCI),_T,Total,_T,All age ranges or no breakdown by age,_T,Total,0_TO_20,0-20 scale,_Z,Not Applicable,_Z,Not Applicable,_Z,Not Applicable,2020,0.0,MEAN,Mean,ITU_GCI,Global Cybersecurity Index,0,Units,IX,Index,602,CCYY,A,Normal value,PU,Public
datastructure,WB.DATA360:DS_DATA360(1.2),I,A,Annual,ARG,Argentina,ITU_GCI_CDS_SCORE,Capacity Development Score - CDS (ITU GCI),_T,Total,_T,All age ranges or no breakdown by age,_T,Total,0_TO_20,0-20 scale,_Z,Not Applicable,_Z,Not Applicable,_Z,Not Applicable,2020,4.380956597515039,MEAN,Mean,ITU_GCI,Global Cybersecurity Index,0,Units,IX,Index,602,CCYY,A,Normal value,PU,Public
datastructure,WB.DATA360:DS_DATA360(1.2),I,A,Annual,ARM,Armenia,ITU_GCI_CDS_SCORE,Capacity Development Score - CDS (ITU GCI),_T,Total,_T,All age ranges or no breakdown by age,_T,Total,0_TO_20,0-20 scale,_Z,Not Applicable,_Z,Not Applicable,_Z,Not Applicable,2020,7.854585230054488,MEAN,Mean,ITU_GCI,Global Cybersecurity Index,0,Units,IX,Index,602,CCYY,A,Normal value,PU,Public
datastructure,WB.DATA360:DS_DATA360(1.2),I,A,Annual,AUS,Australia,ITU_GCI_CDS_SCORE,Capacity Development Score - CDS (ITU GCI),_T,Total,_T,All age ranges or no breakdown by age,_T,Total,0_TO_20,0-20 scale,_Z,Not Applicable,_Z,Not Applicable,_Z,Not Applicable,2020,20.0,MEAN,Mean,ITU_GCI,Global Cybersecurity Index,0,Units,IX,Index,602,CCYY,A,Normal value,PU,Public
datastructure,WB.DATA360:DS_DATA360(1.2),I,A,Annual,AUT,Austria,ITU_GCI_CDS_SCORE,Capacity Development Score - CDS (ITU GCI),_T,Total,_T,All age ranges or no breakdown by age,_T,Total,0_TO_20,0-20 scale,_Z,Not Applicable,_Z,Not Applicable,_Z,Not Applicable,2020,19.12838259830448,MEAN,Mean,ITU_GCI,Global Cybersecurity Index,0,Units,IX,Index,602,CCYY,A,Normal value,PU,Public
datastructure,WB.DATA360:DS_DATA360(1.2),I,A,Annual,AZE,Azerbaijan,ITU_GCI_CDS_SCORE,Capacity Development Score - CDS (ITU GCI),_T,Total,_T,All age ranges or no breakdown by age,_T,Total,0_TO_20,0-20 scale,_Z,Not Applicable,_Z,Not Applicable,_Z,Not Applicable,2020,16.98787712248295,MEAN,Mean,ITU_GCI,Global Cybersecurity Index,0,Units,IX,Index,602,CCYY,A,Normal value,PU,Public
datastructure,WB.DATA360:DS_DATA360(1.2),I,A,Annual,BHS,"Bahamas, The",ITU_GCI_CDS_SCORE,Capacity Development Score - CDS (ITU GCI),_T,Total,_T,All age ranges or no breakdown by age,_T,Total,0_TO_20,0-20 scale,_Z,Not Applicable,_Z,Not Applicable,_Z,Not Applicable,2020,0.5166863146773861,MEAN,Mean,ITU_GCI,Global Cybersecurity Index,0,Units,IX,Index,602,CCYY,A,Normal value,PU,Public
datastructure,WB.DATA360:DS_DATA360(1.2),I,A,Annual,BHR,Bahrain,ITU_GCI_CDS_SCORE,Capacity Development Score - CDS (ITU GCI),_T,Total,_T,All age ranges or no breakdown by age,_T,Total,0_TO_20,0-20 scale,_Z,Not Applicable,_Z,Not Applicable,_Z,Not Applicable,2020,16.76938236727198,MEAN,Mean,ITU_GCI,Global Cybersecurity Index,0,Units,IX,Index,602,CCYY,A,Normal value,PU,Public
datastructure,WB.DATA360:DS_DATA360(1.2),I,A,Annual,BGD,Bangladesh,ITU_GCI_CDS_SCORE,Capacity Development Score - CDS (ITU GCI),_T,Total,_T,All age ranges or no breakdown by age,_T,Total,0_TO_20,0-20 scale,_Z,Not Applicable,_Z,Not Applicable,_Z,Not Applicable,2020,17.026551493746606,MEAN,Mean,ITU_GCI,Global Cybersecurity Index,0,Units,IX,Index,602,CCYY,A,Normal value,PU,Public
datastructure,WB.DATA360:DS_DATA360(1.2),I,A,Annual,BRB,Barbados,ITU_GCI_CDS_SCORE,Capacity Development Score - CDS (ITU GCI),_T,Total,_T,All age ranges or no breakdown by age,_T,Total,0_TO_20,0-20 scale,_Z,Not Applicable,_Z,Not Applicable,_Z,Not Applicable,2020,0.0,MEAN,Mean,ITU_GCI,Global Cybersecurity Index,0,Units,IX,Index,602,CCYY,A,Normal value,PU,Public
datastructure,WB.DATA360:DS_DATA360(1.2),I,A,Annual,BLR,Belarus,ITU_GCI_CDS_SCORE,Capacity Development Score - CDS (ITU GCI),_T,Total,_T,All age ranges or no breakdown by age,_T,Total,0_TO_20,0-20 scale,_Z,Not Applicable,_Z,Not Applicable,_Z,Not Applicable,2020,7.884972075520981,MEAN,Mean,ITU_GCI,Global Cybersecurity Index,0,Units,IX,Index,602,CCYY,A,Normal value,PU,Public
datastructure,WB.DATA360:DS_DATA360(1.2),I,A,Annual,BEL,Belgium,ITU_GCI_CDS_SCORE,Capacity Development Score - CDS (ITU GCI),_T,Total,_T,All age ranges or no breakdown by age,_T,Total,0_TO_20,0-20 scale,_Z,Not Applicable,_Z,Not Applicable,_Z,Not Applicable,2020,20.0,MEAN,Mean,ITU_GCI,Global Cybersecurity Index,0,Units,IX,Index,602,CCYY,A,Normal value,PU,Public
datastructure,WB.DATA360:DS_DATA360(1.2),I,A,Annual,BLZ,Belize,ITU_GCI_CDS_SCORE,Capacity Development Score - CDS (ITU GCI),_T,Total,_T,All age ranges or no breakdown by age,_T,Total,0_TO_20,0-20 scale,_Z,Not Applicable,_Z,Not Applicable,_Z,Not Applicable,2020,1.51534114334439,MEAN,Mean,ITU_GCI,Global Cybersecurity Index,0,Units,IX,Index,602,CCYY,A,Normal value,PU,Public
datastructure,WB.DATA360:DS_DATA360(1.2),I,A,Annual,BEN,Benin,ITU_GCI_CDS_SCORE,Capacity Development Score - CDS (ITU GCI),_T,Total,_T,All age ranges or no breakdown by age,_T,Total,0_TO_20,0-20 scale,_Z,Not Applicable,_Z,Not Applicable,_Z,Not Applicable,2020,13.603454817920625,MEAN,Mean,ITU_GCI,Global Cybersecurity Index,0,Units,IX,Index,602,CCYY,A,Normal value,PU,Public
datastructure,WB.DATA360:DS_DATA360(1.2),I,A,Annual,BTN,Bhutan,ITU_GCI_CDS_SCORE,Capacity Development Score - CDS (ITU GCI),_T,Total,_T,All age ranges or no breakdown by age,_T,Total,0_TO_20,0-20 scale,_Z,Not Applicable,_Z,Not Applicable,_Z,Not Applicable,2020,2.454167018046888,MEAN,Mean,ITU_GCI,Global Cybersecurity Index,0,Units,IX,Index,602,CCYY,A,Normal value,PU,Public
datastructure,WB.DATA360:DS_DATA360(1.2),I,A,Annual,BOL,Bolivia,ITU_GCI_CDS_SCORE,Capacity Development Score - CDS (ITU GCI),_T,Total,_T,All age ranges or no breakdown by age,_T,Total,0_TO_20,0-20 scale,_Z,Not Applicable,_Z,Not Applicable,_Z,Not Applicable,2020,4.576544176985532,MEAN,Mean,ITU_GCI,Global Cybersecurity Index,0,Units,IX,Index,602,CCYY,A,Normal value,PU,Public
datastructure,WB.DATA360:DS_DATA360(1.2),I,A,Annual,BIH,Bosnia and Herzegovina,ITU_GCI_CDS_SCORE,Capacity Development Score - CDS (ITU GCI),_T,Total,_T,All age ranges or no breakdown by age,_T,Total,0_TO_20,0-20 scale,_Z,Not Applicable,_Z,Not Applicable,_Z,Not Applicable,2020,3.115646617204044,MEAN,Mean,ITU_GCI,Global Cybersecurity Index,0,Units,IX,Index,602,CCYY,A,Normal value,PU,Public
datastructure,WB.DATA360:DS_DATA360(1.2),I,A,Annual,BWA,Botswana,ITU_GCI_CDS_SCORE,Capacity Development Score - CDS (ITU GCI),_T,Total,_T,All age ranges or no breakdown by age,_T,Total,0_TO_20,0-20 scale,_Z,Not Applicable,_Z,Not Applicable,_Z,Not Applicable,2020,13.234945711023736,MEAN,Mean,ITU_GCI,Global Cybersecurity Index,0,Units,IX,Index,602,CCYY,A,Normal value,PU,Public
datastructure,WB.DATA360:DS_DATA360(1.2),I,A,Annual,BRA,Brazil,ITU_GCI_CDS_SCORE,Capacity Development Score - CDS (ITU GCI),_T,Total,_T,All age ranges or no breakdown by age,_T,Total,0_TO_20,0-20 scale,_Z,Not Applicable,_Z,Not Applicable,_Z,Not Applicable,2020,19.482637483368,MEAN,Mean,ITU_GCI,Global Cybersecurity Index,0,Units,IX,Index,602,CCYY,A,Normal value,PU,Public
datastructure,WB.DATA360:DS_DATA360(1.2),I,A,Annual,BRN,Brunei Darussalam,ITU_GCI_CDS_SCORE,Capacity Development Score - CDS (ITU GCI),_T,Total,_T,All age ranges or no breakdown by age,_T,Total,0_TO_20,0-20 scale,_Z,Not Applicable,_Z,Not Applicable,_Z,Not Applicable,2020,12.850394695154232,MEAN,Mean,ITU_GCI,Global Cybersecurity Index,0,Units,IX,Index,602,CCYY,A,Normal value,PU,Public
datastructure,WB.DATA360:DS_DATA360(1.2),I,A,Annual,BGR,Bulgaria,ITU_GCI_CDS_SCORE,Capacity Development Score - CDS (ITU GCI),_T,Total,_T,All age ranges or no breakdown by age,_T,Total,0_TO_20,0-20 scale,_Z,Not Applicable,_Z,Not Applicable,_Z,Not Applicable,2020,14.923266652347923,MEAN,Mean,ITU_GCI,Global Cybersecurity Index,0,Units,IX,Index,602,CCYY,A,Normal value,PU,Public
datastructure,WB.DATA360:DS_DATA360(1.2),I,A,Annual,BFA,Burkina Faso,ITU_GCI_CDS_SCORE,Capacity Development Score - CDS (ITU GCI),_T,Total,_T,All age ranges or no breakdown by age,_T,Total,0_TO_20,0-20 scale,_Z,Not Applicable,_Z,Not Applicable,_Z,Not Applicable,2020,3.473605020520605,MEAN,Mean,ITU_GCI,Global Cybersecurity Index,0,Units,IX,Index,602,CCYY,A,Normal value,PU,Public
datastructure,WB.DATA360:DS_DATA360(1.2),I,A,Annual,BDI,Burundi,ITU_GCI_CDS_SCORE,Capacity Development Score - CDS (ITU GCI),_T,Total,_T,All age ranges or no breakdown by age,_T,Total,0_TO_20,0-20 scale,_Z,Not Applicable,_Z,Not Applicable,_Z,Not Applicable,2020,0.0,MEAN,Mean,ITU_GCI,Global Cybersecurity Index,0,Units,IX,Index,602,CCYY,A,Normal value,PU,Public
datastructure,WB.DATA360:DS_DATA360(1.2),I,A,Annual,CPV,Cabo Verde,ITU_GCI_CDS_SCORE,Capacity Development Score - CDS (ITU GCI),_T,Total,_T,All age ranges or no breakdown by age,_T,Total,0_TO_20,0-20 scale,_Z,Not Applicable,_Z,Not Applicable,_Z,Not Applicable,2020,1.9582638771762149,MEAN,Mean,ITU_GCI,Global Cybersecurity Index,0,Units,IX,Index,602,CCYY,A,Normal value,PU,Public
datastructure,WB.DATA360:DS_DATA360(1.2),I,A,Annual,KHM,Cambodia,ITU_GCI_CDS_SCORE,Capacity Development Score - CDS (ITU GCI),_T,Total,_T,All age ranges or no breakdown by age,_T,Total,0_TO_20,0-20 scale,_Z,Not Applicable,_Z,Not Applicable,_Z,Not Applicable,2020,3.2927707454150736,MEAN,Mean,ITU_GCI,Global Cybersecurity Index,0,Units,IX,Index,602,CCYY,A,Normal value,PU,Public
datastructure,WB.DATA360:DS_DATA360(1.2),I,A,Annual,CMR,Cameroon,ITU_GCI_CDS_SCORE,Capacity Development Score - CDS (ITU GCI),_T,Total,_T,All age ranges or no breakdown by age,_T,Total,0_TO_20,0-20 scale,_Z,Not Applicable,_Z,Not Applicable,_Z,Not Applicable,2020,9.945448561010148,MEAN,Mean,ITU_GCI,Global Cybersecurity Index,0,Units,IX,Index,602,CCYY,A,Normal value,PU,Public
datastructure,WB.DATA360:DS_DATA360(1.2),I,A,Annual,CAN,Canada,ITU_GCI_CDS_SCORE,Capacity Development Score - CDS (ITU GCI),_T,Total,_T,All age ranges or no breakdown by age,_T,Total,0_TO_20,0-20 scale,_Z,Not Applicable,_Z,Not Applicable,_Z,Not Applicable,2020,20.0,MEAN,Mean,ITU_GCI,Global Cybersecurity Index,0,Units,IX,Index,602,CCYY,A,Normal value,PU,Public
datastructure,WB.DATA360:DS_DATA360(1.2),I,A,Annual,CAF,Central African Republic,ITU_GCI_CDS_SCORE,Capacity Development Score - CDS (ITU GCI),_T,Total,_T,All age ranges or no breakdown by age,_T,Total,0_TO_20,0-20 scale,_Z,Not Applicable,_Z,Not Applicable,_Z,Not Applicable,2020,0.0,MEAN,Mean,ITU_GCI,Global Cybersecurity Index,0,Units,IX,Index,602,CCYY,A,Normal value,PU,Public
datastructure,WB.DATA360:DS_DATA360(1.2),I,A,Annual,TCD,Chad,ITU_GCI_CDS_SCORE,Capacity Development Score - CDS (ITU GCI),_T,Total,_T,All age ranges or no breakdown by age,_T,Total,0_TO_20,0-20 scale,_Z,Not Applicable,_Z,Not Applicable,_Z,Not Applicable,2020,7.668772217478589,MEAN,Mean,ITU_GCI,Global Cybersecurity Index,0,Units,IX,Index,602,CCYY,A,Normal value,PU,Public
datastructure,WB.DATA360:DS_DATA360(1.2),I,A,Annual,CHL,Chile,ITU_GCI_CDS_SCORE,Capacity Development Score - CDS (ITU GCI),_T,Total,_T,All age ranges or no breakdown by age,_T,Total,0_TO_20,0-20 scale,_Z,Not Applicable,_Z,Not Applicable,_Z,Not Applicable,2020,11.06769483081628,MEAN,Mean,ITU_GCI,Global Cybersecurity Index,0,Units,IX,Index,602,CCYY,A,Normal value,PU,Public
datastructure,WB.DATA360:DS_DATA360(1.2),I,A,Annual,CHN,China,ITU_GCI_CDS_SCORE,Capacity Development Score - CDS (ITU GCI),_T,Total,_T,All age ranges or no breakdown by age,_T,Total,0_TO_20,0-20 scale,_Z,Not Applicable,_Z,Not Applicable,_Z,Not Applicable,2020,19.04351024156219,MEAN,Mean,ITU_GCI,Global Cybersecurity Index,0,Units,IX,Index,602,CCYY,A,Normal value,PU,Public
datastructure,WB.DATA360:DS_DATA360(1.2),I,A,Annual,COL,Colombia,ITU_GCI_CDS_SCORE,Capacity Development Score - CDS (ITU GCI),_T,Total,_T,All age ranges or no breakdown by age,_T,Total,0_TO_20,0-20 scale,_Z,Not Applicable,_Z,Not Applicable,_Z,Not Applicable,2020,14.421019356218729,MEAN,Mean,ITU_GCI,Global Cybersecurity Index,0,Units,IX,Index,602,CCYY,A,Normal value,PU,Public
datastructure,WB.DATA360:DS_DATA360(1.2),I,A,Annual,COM,Comoros,ITU_GCI_CDS_SCORE,Capacity Development Score - CDS (ITU GCI),_T,Total,_T,All age ranges or no breakdown by age,_T,Total,0_TO_20,0-20 scale,_Z,Not Applicable,_Z,Not Applicable,_Z,Not Applicable,2020,0.0,MEAN,Mean,ITU_GCI,Global Cybersecurity Index,0,Units,IX,Index,602,CCYY,A,Normal value,PU,Public
datastructure,WB.DATA360:DS_DATA360(1.2),I,A,Annual,COG,"Congo, Rep.",ITU_GCI_CDS_SCORE,Capacity Development Score - CDS (ITU GCI),_T,Total,_T,All age ranges or no breakdown by age,_T,Total,0_TO_20,0-20 scale,_Z,Not Applicable,_Z,Not Applicable,_Z,Not Applicable,2020,3.7954975309683103,MEAN,Mean,ITU_GCI,Global Cybersecurity Index,0,Units,IX,Index,602,CCYY,A,Normal value,PU,Public
datastructure,WB.DATA360:DS_DATA360(1.2),I,A,Annual,CRI,Costa Rica,ITU_GCI_CDS_SCORE,Capacity Development Score - CDS (ITU GCI),_T,Total,_T,All age ranges or no breakdown by age,_T,Total,0_TO_20,0-20 scale,_Z,Not Applicable,_Z,Not Applicable,_Z,Not Applicable,2020,12.10510019424006,MEAN,Mean,ITU_GCI,Global Cybersecurity Index,0,Units,IX,Index,602,CCYY,A,Normal value,PU,Public
datastructure,WB.DATA360:DS_DATA360(1.2),I,A,Annual,CIV,Cote d'Ivoire,ITU_GCI_CDS_SCORE,Capacity Development Score - CDS (ITU GCI),_T,Total,_T,All age ranges or no breakdown by age,_T,Total,0_TO_20,0-20 scale,_Z,Not Applicable,_Z,Not Applicable,_Z,Not Applicable,2020,11.52576106393832,MEAN,Mean,ITU_GCI,Global Cybersecurity Index,0,Units,IX,Index,602,CCYY,A,Normal value,PU,Public
datastructure,WB.DATA360:DS_DATA360(1.2),I,A,Annual,HRV,Croatia,ITU_GCI_CDS_SCORE,Capacity Development Score - CDS (ITU GCI),_T,Total,_T,All age ranges or no breakdown by age,_T,Total,0_TO_20,0-20 scale,_Z,Not Applicable,_Z,Not Applicable,_Z,Not Applicable,2020,19.89209447391646,MEAN,Mean,ITU_GCI,Global Cybersecurity Index,0,Units,IX,Index,602,CCYY,A,Normal value,PU,Public
datastructure,WB.DATA360:DS_DATA360(1.2),I,A,Annual,CUB,Cuba,ITU_GCI_CDS_SCORE,Capacity Development Score - CDS (ITU GCI),_T,Total,_T,All age ranges or no breakdown by age,_T,Total,0_TO_20,0-20 scale,_Z,Not Applicable,_Z,Not Applicable,_Z,Not Applicable,2020,10.52153847291327,MEAN,Mean,ITU_GCI,Global Cybersecurity Index,0,Units,IX,Index,602,CCYY,A,Normal value,PU,Public
datastructure,WB.DATA360:DS_DATA360(1.2),I,A,Annual,CYP,Cyprus,ITU_GCI_CDS_SCORE,Capacity Development Score - CDS (ITU GCI),_T,Total,_T,All age ranges or no breakdown by age,_T,Total,0_TO_20,0-20 scale,_Z,Not Applicable,_Z,Not Applicable,_Z,Not Applicable,2020,13.732000313899665,MEAN,Mean,ITU_GCI,Global Cybersecurity Index,0,Units,IX,Index,602,CCYY,A,Normal value,PU,Public
datastructure,WB.DATA360:DS_DATA360(1.2),I,A,Annual,CZE,Czechia,ITU_GCI_CDS_SCORE,Capacity Development Score - CDS (ITU GCI),_T,Total,_T,All age ranges or no breakdown by age,_T,Total,0_TO_20,0-20 scale,_Z,Not Applicable,_Z,Not Applicable,_Z,Not Applicable,2020,9.142490503217472,MEAN,Mean,ITU_GCI,Global Cybersecurity Index,0,Units,IX,Index,602,CCYY,A,Normal value,PU,Public
datastructure,WB.DATA360:DS_DATA360(1.2),I,A,Annual,PRK,"Korea, Dem. People's Rep.",ITU_GCI_CDS_SCORE,Capacity Development Score - CDS (ITU GCI),_T,Total,_T,All age ranges or no breakdown by age,_T,Total,0_TO_20,0-20 scale,_Z,Not Applicable,_Z,Not Applicable,_Z,Not Applicable,2020,0.0,MEAN,Mean,ITU_GCI,Global Cybersecurity Index,0,Units,IX,Index,602,CCYY,A,Normal value,PU,Public
datastructure,WB.DATA360:DS_DATA360(1.2),I,A,Annual,COD,"Congo, Dem. Rep.",ITU_GCI_CDS_SCORE,Capacity Development Score - CDS (ITU GCI),_T,Total,_T,All age ranges or no breakdown by age,_T,Total,0_TO_20,0-20 scale,_Z,Not Applicable,_Z,Not Applicable,_Z,Not Applicable,2020,0.0,MEAN,Mean,ITU_GCI,Global Cybersecurity Index,0,Units,IX,Index,602,CCYY,A,Normal value,PU,Public
datastructure,WB.DATA360:DS_DATA360(1.2),I,A,Annual,DNK,Denmark,ITU_GCI_CDS_SCORE,Capacity Development Score - CDS (ITU GCI),_T,Total,_T,All age ranges or no breakdown by age,_T,Total,0_TO_20,0-20 scale,_Z,Not Applicable,_Z,Not Applicable,_Z,Not Applicable,2020,19.482637483368,MEAN,Mean,ITU_GCI,Global Cybersecurity Index,0,Units,IX,Index,602,CCYY,A,Normal value,PU,Public
datastructure,WB.DATA360:DS_DATA360(1.2),I,A,Annual,DJI,Djibouti,ITU_GCI_CDS_SCORE,Capacity Development Score - CDS (ITU GCI),_T,Total,_T,All age ranges or no breakdown by age,_T,Total,0_TO_20,0-20 scale,_Z,Not Applicable,_Z,Not Applicable,_Z,Not Applicable,2020,0.0,MEAN,Mean,ITU_GCI,Global Cybersecurity Index,0,Units,IX,Index,602,CCYY,A,Normal value,PU,Public
datastructure,WB.DATA360:DS_DATA360(1.2),I,A,Annual,DMA,Dominica,ITU_GCI_CDS_SCORE,Capacity Development Score - CDS (ITU GCI),_T,Total,_T,All age ranges or no breakdown by age,_T,Total,0_TO_20,0-20 scale,_Z,Not Applicable,_Z,Not Applicable,_Z,Not Applicable,2020,0.0,MEAN,Mean,ITU_GCI,Global Cybersecurity Index,0,Units,IX,Index,602,CCYY,A,Normal value,PU,Public
datastructure,WB.DATA360:DS_DATA360(1.2),I,A,Annual,DOM,Dominican Republic,ITU_GCI_CDS_SCORE,Capacity Development Score - CDS (ITU GCI),_T,Total,_T,All age ranges or no breakdown by age,_T,Total,0_TO_20,0-20 scale,_Z,Not Applicable,_Z,Not Applicable,_Z,Not Applicable,2020,9.937979751129102,MEAN,Mean,ITU_GCI,Global Cybersecurity Index,0,Units,IX,Index,602,CCYY,A,Normal value,PU,Public
datastructure,WB.DATA360:DS_DATA360(1.2),I,A,Annual,ECU,Ecuador,ITU_GCI_CDS_SCORE,Capacity Development Score - CDS (ITU GCI),_T,Total,_T,All age ranges or no breakdown by age,_T,Total,0_TO_20,0-20 scale,_Z,Not Applicable,_Z,Not Applicable,_Z,Not Applicable,2020,6.529247319408135,MEAN,Mean,ITU_GCI,Global Cybersecurity Index,0,Units,IX,Index,602,CCYY,A,Normal value,PU,Public
datastructure,WB.DATA360:DS_DATA360(1.2),I,A,Annual,EGY,"Egypt, Arab Rep.",ITU_GCI_CDS_SCORE,Capacity Development Score - CDS (ITU GCI),_T,Total,_T,All age ranges or no breakdown by age,_T,Total,0_TO_20,0-20 scale,_Z,Not Applicable,_Z,Not Applicable,_Z,Not Applicable,2020,19.121745516388373,MEAN,Mean,ITU_GCI,Global Cybersecurity Index,0,Units,IX,Index,602,CCYY,A,Normal value,PU,Public
datastructure,WB.DATA360:DS_DATA360(1.2),I,A,Annual,SLV,El Salvador,ITU_GCI_CDS_SCORE,Capacity Development Score - CDS (ITU GCI),_T,Total,_T,All age ranges or no breakdown by age,_T,Total,0_TO_20,0-20 scale,_Z,Not Applicable,_Z,Not Applicable,_Z,Not Applicable,2020,0.7243971486666291,MEAN,Mean,ITU_GCI,Global Cybersecurity Index,0,Units,IX,Index,602,CCYY,A,Normal value,PU,Public
datastructure,WB.DATA360:DS_DATA360(1.2),I,A,Annual,GNQ,Equatorial Guinea,ITU_GCI_CDS_SCORE,Capacity Development Score - CDS (ITU GCI),_T,Total,_T,All age ranges or no breakdown by age,_T,Total,0_TO_20,0-20 scale,_Z,Not Applicable,_Z,Not Applicable,_Z,Not Applicable,2020,0.0,MEAN,Mean,ITU_GCI,Global Cybersecurity Index,0,Units,IX,Index,602,CCYY,A,Normal value,PU,Public
datastructure,WB.DATA360:DS_DATA360(1.2),I,A,Annual,ERI,Eritrea,ITU_GCI_CDS_SCORE,Capacity Development Score - CDS (ITU GCI),_T,Total,_T,All age ranges or no breakdown by age,_T,Total,0_TO_20,0-20 scale,_Z,Not Applicable,_Z,Not Applicable,_Z,Not Applicable,2020,0.0,MEAN,Mean,ITU_GCI,Global Cybersecurity Index,0,Units,IX,Index,602,CCYY,A,Normal value,PU,Public
datastructure,WB.DATA360:DS_DATA360(1.2),I,A,Annual,EST,Estonia,ITU_GCI_CDS_SCORE,Capacity Development Score - CDS (ITU GCI),_T,Total,_T,All age ranges or no breakdown by age,_T,Total,0_TO_20,0-20 scale,_Z,Not Applicable,_Z,Not Applicable,_Z,Not Applicable,2020,19.482637483368,MEAN,Mean,ITU_GCI,Global Cybersecurity Index,0,Units,IX,Index,602,CCYY,A,Normal value,PU,Public
datastructure,WB.DATA360:DS_DATA360(1.2),I,A,Annual,SWZ,Eswatini,ITU_GCI_CDS_SCORE,Capacity Development Score - CDS (ITU GCI),_T,Total,_T,All age ranges or no breakdown by age,_T,Total,0_TO_20,0-20 scale,_Z,Not Applicable,_Z,Not Applicable,_Z,Not Applicable,2020,3.473605020520605,MEAN,Mean,ITU_GCI,Global Cybersecurity Index,0,Units,IX,Index,602,CCYY,A,Normal value,PU,Public
datastructure,WB.DATA360:DS_DATA360(1.2),I,A,Annual,ETH,Ethiopia,ITU_GCI_CDS_SCORE,Capacity Development Score - CDS (ITU GCI),_T,Total,_T,All age ranges or no breakdown by age,_T,Total,0_TO_20,0-20 scale,_Z,Not Applicable,_Z,Not Applicable,_Z,Not Applicable,2020,3.6880337465564734,MEAN,Mean,ITU_GCI,Global Cybersecurity Index,0,Units,IX,Index,602,CCYY,A,Normal value,PU,Public
datastructure,WB.DATA360:DS_DATA360(1.2),I,A,Annual,FJI,Fiji,ITU_GCI_CDS_SCORE,Capacity Development Score - CDS (ITU GCI),_T,Total,_T,All age ranges or no breakdown by age,_T,Total,0_TO_20,0-20 scale,_Z,Not Applicable,_Z,Not Applicable,_Z,Not Applicable,2020,8.311067305710163,MEAN,Mean,ITU_GCI,Global Cybersecurity Index,0,Units,IX,Index,602,CCYY,A,Normal value,PU,Public
datastructure,WB.DATA360:DS_DATA360(1.2),I,A,Annual,FIN,Finland,ITU_GCI_CDS_SCORE,Capacity Development Score - CDS (ITU GCI),_T,Total,_T,All age ranges or no breakdown by age,_T,Total,0_TO_20,0-20 scale,_Z,Not Applicable,_Z,Not Applicable,_Z,Not Applicable,2020,18.382000021082813,MEAN,Mean,ITU_GCI,Global Cybersecurity Index,0,Units,IX,Index,602,CCYY,A,Normal value,PU,Public
datastructure,WB.DATA360:DS_DATA360(1.2),I,A,Annual,FRA,France,ITU_GCI_CDS_SCORE,Capacity Development Score - CDS (ITU GCI),_T,Total,_T,All age ranges or no breakdown by age,_T,Total,0_TO_20,0-20 scale,_Z,Not Applicable,_Z,Not Applicable,_Z,Not Applicable,2020,20.0,MEAN,Mean,ITU_GCI,Global Cybersecurity Index,0,Units,IX,Index,602,CCYY,A,Normal value,PU,Public
datastructure,WB.DATA360:DS_DATA360(1.2),I,A,Annual,GAB,Gabon,ITU_GCI_CDS_SCORE,Capacity Development Score - CDS (ITU GCI),_T,Total,_T,All age ranges or no breakdown by age,_T,Total,0_TO_20,0-20 scale,_Z,Not Applicable,_Z,Not Applicable,_Z,Not Applicable,2020,0.4631273674242424,MEAN,Mean,ITU_GCI,Global Cybersecurity Index,0,Units,IX,Index,602,CCYY,A,Normal value,PU,Public
datastructure,WB.DATA360:DS_DATA360(1.2),I,A,Annual,GMB,"Gambia, The",ITU_GCI_CDS_SCORE,Capacity Development Score - CDS (ITU GCI),_T,Total,_T,All age ranges or no breakdown by age,_T,Total,0_TO_20,0-20 scale,_Z,Not Applicable,_Z,Not Applicable,_Z,Not Applicable,2020,4.335466903057711,MEAN,Mean,ITU_GCI,Global Cybersecurity Index,0,Units,IX,Index,602,CCYY,A,Normal value,PU,Public
datastructure,WB.DATA360:DS_DATA360(1.2),I,A,Annual,GEO,Georgia,ITU_GCI_CDS_SCORE,Capacity Development Score - CDS (ITU GCI),_T,Total,_T,All age ranges or no breakdown by age,_T,Total,0_TO_20,0-20 scale,_Z,Not Applicable,_Z,Not Applicable,_Z,Not Applicable,2020,15.892943531148688,MEAN,Mean,ITU_GCI,Global Cybersecurity Index,0,Units,IX,Index,602,CCYY,A,Normal value,PU,Public
datastructure,WB.DATA360:DS_DATA360(1.2),I,A,Annual,DEU,Germany,ITU_GCI_CDS_SCORE,Capacity Development Score - CDS (ITU GCI),_T,Total,_T,All age ranges or no breakdown by age,_T,Total,0_TO_20,0-20 scale,_Z,Not Applicable,_Z,Not Applicable,_Z,Not Applicable,2020,19.482637483368,MEAN,Mean,ITU_GCI,Global Cybersecurity Index,0,Units,IX,Index,602,CCYY,A,Normal value,PU,Public
datastructure,WB.DATA360:DS_DATA360(1.2),I,A,Annual,GHA,Ghana,ITU_GCI_CDS_SCORE,Capacity Development Score - CDS (ITU GCI),_T,Total,_T,All age ranges or no breakdown by age,_T,Total,0_TO_20,0-20 scale,_Z,Not Applicable,_Z,Not Applicable,_Z,Not Applicable,2020,15.440820660220012,MEAN,Mean,ITU_GCI,Global Cybersecurity Index,0,Units,IX,Index,602,CCYY,A,Normal value,PU,Public
datastructure,WB.DATA360:DS_DATA360(1.2),I,A,Annual,GRC,Greece,ITU_GCI_CDS_SCORE,Capacity Development Score - CDS (ITU GCI),_T,Total,_T,All age ranges or no breakdown by age,_T,Total,0_TO_20,0-20 scale,_Z,Not Applicable,_Z,Not Applicable,_Z,Not Applicable,2020,19.741318741684,MEAN,Mean,ITU_GCI,Global Cybersecurity Index,0,Units,IX,Index,602,CCYY,A,Normal value,PU,Public
datastructure,WB.DATA360:DS_DATA360(1.2),I,A,Annual,GRD,Grenada,ITU_GCI_CDS_SCORE,Capacity Development Score - CDS (ITU GCI),_T,Total,_T,All age ranges or no breakdown by age,_T,Total,0_TO_20,0-20 scale,_Z,Not Applicable,_Z,Not Applicable,_Z,Not Applicable,2020,0.0,MEAN,Mean,ITU_GCI,Global Cybersecurity Index,0,Units,IX,Index,602,CCYY,A,Normal value,PU,Public
datastructure,WB.DATA360:DS_DATA360(1.2),I,A,Annual,GTM,Guatemala,ITU_GCI_CDS_SCORE,Capacity Development Score - CDS (ITU GCI),_T,Total,_T,All age ranges or no breakdown by age,_T,Total,0_TO_20,0-20 scale,_Z,Not Applicable,_Z,Not Applicable,_Z,Not Applicable,2020,2.357029357671099,MEAN,Mean,ITU_GCI,Global Cybersecurity Index,0,Units,IX,Index,602,CCYY,A,Normal value,PU,Public
datastructure,WB.DATA360:DS_DATA360(1.2),I,A,Annual,GIN,Guinea,ITU_GCI_CDS_SCORE,Capacity Development Score - CDS (ITU GCI),_T,Total,_T,All age ranges or no breakdown by age,_T,Total,0_TO_20,0-20 scale,_Z,Not Applicable,_Z,Not Applicable,_Z,Not Applicable,2020,0.0,MEAN,Mean,ITU_GCI,Global Cybersecurity Index,0,Units,IX,Index,602,CCYY,A,Normal value,PU,Public
datastructure,WB.DATA360:DS_DATA360(1.2),I,A,Annual,GNB,Guinea-Bissau,ITU_GCI_CDS_SCORE,Capacity Development Score - CDS (ITU GCI),_T,Total,_T,All age ranges or no breakdown by age,_T,Total,0_TO_20,0-20 scale,_Z,Not Applicable,_Z,Not Applicable,_Z,Not Applicable,2020,1.51534114334439,MEAN,Mean,ITU_GCI,Global Cybersecurity Index,0,Units,IX,Index,602,CCYY,A,Normal value,PU,Public
datastructure,WB.DATA360:DS_DATA360(1.2),I,A,Annual,GUY,Guyana,ITU_GCI_CDS_SCORE,Capacity Development Score - CDS (ITU GCI),_T,Total,_T,All age ranges or no breakdown by age,_T,Total,0_TO_20,0-20 scale,_Z,Not Applicable,_Z,Not Applicable,_Z,Not Applicable,2020,2.239738292011019,MEAN,Mean,ITU_GCI,Global Cybersecurity Index,0,Units,IX,Index,602,CCYY,A,Normal value,PU,Public
datastructure,WB.DATA360:DS_DATA360(1.2),I,A,Annual,HTI,Haiti,ITU_GCI_CDS_SCORE,Capacity Development Score - CDS (ITU GCI),_T,Total,_T,All age ranges or no breakdown by age,_T,Total,0_TO_20,0-20 scale,_Z,Not Applicable,_Z,Not Applicable,_Z,Not Applicable,2020,4.085915743707952,MEAN,Mean,ITU_GCI,Global Cybersecurity Index,0,Units,IX,Index,602,CCYY,A,Normal value,PU,Public
datastructure,WB.DATA360:DS_DATA360(1.2),I,A,Annual,HND,Honduras,ITU_GCI_CDS_SCORE,Capacity Development Score - CDS (ITU GCI),_T,Total,_T,All age ranges or no breakdown by age,_T,Total,0_TO_20,0-20 scale,_Z,Not Applicable,_Z,Not Applicable,_Z,Not Applicable,2020,0.0,MEAN,Mean,ITU_GCI,Global Cybersecurity Index,0,Units,IX,Index,602,CCYY,A,Normal value,PU,Public
datastructure,WB.DATA360:DS_DATA360(1.2),I,A,Annual,HUN,Hungary,ITU_GCI_CDS_SCORE,Capacity Development Score - CDS (ITU GCI),_T,Total,_T,All age ranges or no breakdown by age,_T,Total,0_TO_20,0-20 scale,_Z,Not Applicable,_Z,Not Applicable,_Z,Not Applicable,2020,18.599948369068706,MEAN,Mean,ITU_GCI,Global Cybersecurity Index,0,Units,IX,Index,602,CCYY,A,Normal value,PU,Public
datastructure,WB.DATA360:DS_DATA360(1.2),I,A,Annual,ISL,Iceland,ITU_GCI_CDS_SCORE,Capacity Development Score - CDS (ITU GCI),_T,Total,_T,All age ranges or no breakdown by age,_T,Total,0_TO_20,0-20 scale,_Z,Not Applicable,_Z,Not Applicable,_Z,Not Applicable,2020,11.98899291939572,MEAN,Mean,ITU_GCI,Global Cybersecurity Index,0,Units,IX,Index,602,CCYY,A,Normal value,PU,Public
datastructure,WB.DATA360:DS_DATA360(1.2),I,A,Annual,IND,India,ITU_GCI_CDS_SCORE,Capacity Development Score - CDS (ITU GCI),_T,Total,_T,All age ranges or no breakdown by age,_T,Total,0_TO_20,0-20 scale,_Z,Not Applicable,_Z,Not Applicable,_Z,Not Applicable,2020,20.0,MEAN,Mean,ITU_GCI,Global Cybersecurity Index,0,Units,IX,Index,602,CCYY,A,Normal value,PU,Public
datastructure,WB.DATA360:DS_DATA360(1.2),I,A,Annual,IDN,Indonesia,ITU_GCI_CDS_SCORE,Capacity Development Score - CDS (ITU GCI),_T,Total,_T,All age ranges or no breakdown by age,_T,Total,0_TO_20,0-20 scale,_Z,Not Applicable,_Z,Not Applicable,_Z,Not Applicable,2020,19.482637483368,MEAN,Mean,ITU_GCI,Global Cybersecurity Index,0,Units,IX,Index,602,CCYY,A,Normal value,PU,Public
datastructure,WB.DATA360:DS_DATA360(1.2),I,A,Annual,IRN,"Iran, Islamic Rep.",ITU_GCI_CDS_SCORE,Capacity Development Score - CDS (ITU GCI),_T,Total,_T,All age ranges or no breakdown by age,_T,Total,0_TO_20,0-20 scale,_Z,Not Applicable,_Z,Not Applicable,_Z,Not Applicable,2020,17.797530712095444,MEAN,Mean,ITU_GCI,Global Cybersecurity Index,0,Units,IX,Index,602,CCYY,A,Normal value,PU,Public
datastructure,WB.DATA360:DS_DATA360(1.2),I,A,Annual,IRQ,Iraq,ITU_GCI_CDS_SCORE,Capacity Development Score - CDS (ITU GCI),_T,Total,_T,All age ranges or no breakdown by age,_T,Total,0_TO_20,0-20 scale,_Z,Not Applicable,_Z,Not Applicable,_Z,Not Applicable,2020,2.14121830550402,MEAN,Mean,ITU_GCI,Global Cybersecurity Index,0,Units,IX,Index,602,CCYY,A,Normal value,PU,Public
datastructure,WB.DATA360:DS_DATA360(1.2),I,A,Annual,IRL,Ireland,ITU_GCI_CDS_SCORE,Capacity Development Score - CDS (ITU GCI),_T,Total,_T,All age ranges or no breakdown by age,_T,Total,0_TO_20,0-20 scale,_Z,Not Applicable,_Z,Not Applicable,_Z,Not Applicable,2020,16.317024664549017,MEAN,Mean,ITU_GCI,Global Cybersecurity Index,0,Units,IX,Index,602,CCYY,A,Normal value,PU,Public
datastructure,WB.DATA360:DS_DATA360(1.2),I,A,Annual,ISR,Israel,ITU_GCI_CDS_SCORE,Capacity Development Score - CDS (ITU GCI),_T,Total,_T,All age ranges or no breakdown by age,_T,Total,0_TO_20,0-20 scale,_Z,Not Applicable,_Z,Not Applicable,_Z,Not Applicable,2020,19.24411956963829,MEAN,Mean,ITU_GCI,Global Cybersecurity Index,0,Units,IX,Index,602,CCYY,A,Normal value,PU,Public
datastructure,WB.DATA360:DS_DATA360(1.2),I,A,Annual,ITA,Italy,ITU_GCI_CDS_SCORE,Capacity Development Score - CDS (ITU GCI),_T,Total,_T,All age ranges or no breakdown by age,_T,Total,0_TO_20,0-20 scale,_Z,Not Applicable,_Z,Not Applicable,_Z,Not Applicable,2020,19.482637483368,MEAN,Mean,ITU_GCI,Global Cybersecurity Index,0,Units,IX,Index,602,CCYY,A,Normal value,PU,Public
datastructure,WB.DATA360:DS_DATA360(1.2),I,A,Annual,JAM,Jamaica,ITU_GCI_CDS_SCORE,Capacity Development Score - CDS (ITU GCI),_T,Total,_T,All age ranges or no breakdown by age,_T,Total,0_TO_20,0-20 scale,_Z,Not Applicable,_Z,Not Applicable,_Z,Not Applicable,2020,6.681129242330542,MEAN,Mean,ITU_GCI,Global Cybersecurity Index,0,Units,IX,Index,602,CCYY,A,Normal value,PU,Public
datastructure,WB.DATA360:DS_DATA360(1.2),I,A,Annual,JPN,Japan,ITU_GCI_CDS_SCORE,Capacity Development Score - CDS (ITU GCI),_T,Total,_T,All age ranges or no breakdown by age,_T,Total,0_TO_20,0-20 scale,_Z,Not Applicable,_Z,Not Applicable,_Z,Not Applicable,2020,20.0,MEAN,Mean,ITU_GCI,Global Cybersecurity Index,0,Units,IX,Index,602,CCYY,A,Normal value,PU,Public
datastructure,WB.DATA360:DS_DATA360(1.2),I,A,Annual,JOR,Jordan,ITU_GCI_CDS_SCORE,Capacity Development Score - CDS (ITU GCI),_T,Total,_T,All age ranges or no breakdown by age,_T,Total,0_TO_20,0-20 scale,_Z,Not Applicable,_Z,Not Applicable,_Z,Not Applicable,2020,11.469711456810684,MEAN,Mean,ITU_GCI,Global Cybersecurity Index,0,Units,IX,Index,602,CCYY,A,Normal value,PU,Public
datastructure,WB.DATA360:DS_DATA360(1.2),I,A,Annual,KAZ,Kazakhstan,ITU_GCI_CDS_SCORE,Capacity Development Score - CDS (ITU GCI),_T,Total,_T,All age ranges or no breakdown by age,_T,Total,0_TO_20,0-20 scale,_Z,Not Applicable,_Z,Not Applicable,_Z,Not Applicable,2020,15.151679809751036,MEAN,Mean,ITU_GCI,Global Cybersecurity Index,0,Units,IX,Index,602,CCYY,A,Normal value,PU,Public
datastructure,WB.DATA360:DS_DATA360(1.2),I,A,Annual,KEN,Kenya,ITU_GCI_CDS_SCORE,Capacity Development Score - CDS (ITU GCI),_T,Total,_T,All age ranges or no breakdown by age,_T,Total,0_TO_20,0-20 scale,_Z,Not Applicable,_Z,Not Applicable,_Z,Not Applicable,2020,14.789429516641366,MEAN,Mean,ITU_GCI,Global Cybersecurity Index,0,Units,IX,Index,602,CCYY,A,Normal value,PU,Public
datastructure,WB.DATA360:DS_DATA360(1.2),I,A,Annual,KIR,Kiribati,ITU_GCI_CDS_SCORE,Capacity Development Score - CDS (ITU GCI),_T,Total,_T,All age ranges or no breakdown by age,_T,Total,0_TO_20,0-20 scale,_Z,Not Applicable,_Z,Not Applicable,_Z,Not Applicable,2020,0.0,MEAN,Mean,ITU_GCI,Global Cybersecurity Index,0,Units,IX,Index,602,CCYY,A,Normal value,PU,Public
datastructure,WB.DATA360:DS_DATA360(1.2),I,A,Annual,KWT,Kuwait,ITU_GCI_CDS_SCORE,Capacity Development Score - CDS (ITU GCI),_T,Total,_T,All age ranges or no breakdown by age,_T,Total,0_TO_20,0-20 scale,_Z,Not Applicable,_Z,Not Applicable,_Z,Not Applicable,2020,16.04630146695386,MEAN,Mean,ITU_GCI,Global Cybersecurity Index,0,Units,IX,Index,602,CCYY,A,Normal value,PU,Public
datastructure,WB.DATA360:DS_DATA360(1.2),I,A,Annual,KGZ,Kyrgyz Republic,ITU_GCI_CDS_SCORE,Capacity Development Score - CDS (ITU GCI),_T,Total,_T,All age ranges or no breakdown by age,_T,Total,0_TO_20,0-20 scale,_Z,Not Applicable,_Z,Not Applicable,_Z,Not Applicable,2020,1.8679101481975369,MEAN,Mean,ITU_GCI,Global Cybersecurity Index,0,Units,IX,Index,602,CCYY,A,Normal value,PU,Public
datastructure,WB.DATA360:DS_DATA360(1.2),I,A,Annual,LAO,Lao PDR,ITU_GCI_CDS_SCORE,Capacity Development Score - CDS (ITU GCI),_T,Total,_T,All age ranges or no breakdown by age,_T,Total,0_TO_20,0-20 scale,_Z,Not Applicable,_Z,Not Applicable,_Z,Not Applicable,2020,1.2338667285095857,MEAN,Mean,ITU_GCI,Global Cybersecurity Index,0,Units,IX,Index,602,CCYY,A,Normal value,PU,Public
datastructure,WB.DATA360:DS_DATA360(1.2),I,A,Annual,LVA,Latvia,ITU_GCI_CDS_SCORE,Capacity Development Score - CDS (ITU GCI),_T,Total,_T,All age ranges or no breakdown by age,_T,Total,0_TO_20,0-20 scale,_Z,Not Applicable,_Z,Not Applicable,_Z,Not Applicable,2020,19.092648423005564,MEAN,Mean,ITU_GCI,Global Cybersecurity Index,0,Units,IX,Index,602,CCYY,A,Normal value,PU,Public
datastructure,WB.DATA360:DS_DATA360(1.2),I,A,Annual,LBN,Lebanon,ITU_GCI_CDS_SCORE,Capacity Development Score - CDS (ITU GCI),_T,Total,_T,All age ranges or no breakdown by age,_T,Total,0_TO_20,0-20 scale,_Z,Not Applicable,_Z,Not Applicable,_Z,Not Applicable,2020,8.257173965273093,MEAN,Mean,ITU_GCI,Global Cybersecurity Index,0,Units,IX,Index,602,CCYY,A,Normal value,PU,Public
datastructure,WB.DATA360:DS_DATA360(1.2),I,A,Annual,LSO,Lesotho,ITU_GCI_CDS_SCORE,Capacity Development Score - CDS (ITU GCI),_T,Total,_T,All age ranges or no breakdown by age,_T,Total,0_TO_20,0-20 scale,_Z,Not Applicable,_Z,Not Applicable,_Z,Not Applicable,2020,1.2617857867578848,MEAN,Mean,ITU_GCI,Global Cybersecurity Index,0,Units,IX,Index,602,CCYY,A,Normal value,PU,Public
datastructure,WB.DATA360:DS_DATA360(1.2),I,A,Annual,LBR,Liberia,ITU_GCI_CDS_SCORE,Capacity Development Score - CDS (ITU GCI),_T,Total,_T,All age ranges or no breakdown by age,_T,Total,0_TO_20,0-20 scale,_Z,Not Applicable,_Z,Not Applicable,_Z,Not Applicable,2020,1.2617857867578848,MEAN,Mean,ITU_GCI,Global Cybersecurity Index,0,Units,IX,Index,602,CCYY,A,Normal value,PU,Public
datastructure,WB.DATA360:DS_DATA360(1.2),I,A,Annual,LBY,Libya,ITU_GCI_CDS_SCORE,Capacity Development Score - CDS (ITU GCI),_T,Total,_T,All age ranges or no breakdown by age,_T,Total,0_TO_20,0-20 scale,_Z,Not Applicable,_Z,Not Applicable,_Z,Not Applicable,2020,5.3429414375082,MEAN,Mean,ITU_GCI,Global Cybersecurity Index,0,Units,IX,Index,602,CCYY,A,Normal value,PU,Public
datastructure,WB.DATA360:DS_DATA360(1.2),I,A,Annual,LIE,Liechtenstein,ITU_GCI_CDS_SCORE,Capacity Development Score - CDS (ITU GCI),_T,Total,_T,All age ranges or no breakdown by age,_T,Total,0_TO_20,0-20 scale,_Z,Not Applicable,_Z,Not Applicable,_Z,Not Applicable,2020,9.335189451770722,MEAN,Mean,ITU_GCI,Global Cybersecurity Index,0,Units,IX,Index,602,CCYY,A,Normal value,PU,Public
datastructure,WB.DATA360:DS_DATA360(1.2),I,A,Annual,LTU,Lithuania,ITU_GCI_CDS_SCORE,Capacity Development Score - CDS (ITU GCI),_T,Total,_T,All age ranges or no breakdown by age,_T,Total,0_TO_20,0-20 scale,_Z,Not Applicable,_Z,Not Applicable,_Z,Not Applicable,2020,20.0,MEAN,Mean,ITU_GCI,Global Cybersecurity Index,0,Units,IX,Index,602,CCYY,A,Normal value,PU,Public
datastructure,WB.DATA360:DS_DATA360(1.2),I,A,Annual,LUX,Luxembourg,ITU_GCI_CDS_SCORE,Capacity Development Score - CDS (ITU GCI),_T,Total,_T,All age ranges or no breakdown by age,_T,Total,0_TO_20,0-20 scale,_Z,Not Applicable,_Z,Not Applicable,_Z,Not Applicable,2020,19.482637483368,MEAN,Mean,ITU_GCI,Global Cybersecurity Index,0,Units,IX,Index,602,CCYY,A,Normal value,PU,Public
datastructure,WB.DATA360:DS_DATA360(1.2),I,A,Annual,MDG,Madagascar,ITU_GCI_CDS_SCORE,Capacity Development Score - CDS (ITU GCI),_T,Total,_T,All age ranges or no breakdown by age,_T,Total,0_TO_20,0-20 scale,_Z,Not Applicable,_Z,Not Applicable,_Z,Not Applicable,2020,3.473605020520605,MEAN,Mean,ITU_GCI,Global Cybersecurity Index,0,Units,IX,Index,602,CCYY,A,Normal value,PU,Public
datastructure,WB.DATA360:DS_DATA360(1.2),I,A,Annual,MWI,Malawi,ITU_GCI_CDS_SCORE,Capacity Development Score - CDS (ITU GCI),_T,Total,_T,All age ranges or no breakdown by age,_T,Total,0_TO_20,0-20 scale,_Z,Not Applicable,_Z,Not Applicable,_Z,Not Applicable,2020,5.998532515408023,MEAN,Mean,ITU_GCI,Global Cybersecurity Index,0,Units,IX,Index,602,CCYY,A,Normal value,PU,Public
datastructure,WB.DATA360:DS_DATA360(1.2),I,A,Annual,MYS,Malaysia,ITU_GCI_CDS_SCORE,Capacity Development Score - CDS (ITU GCI),_T,Total,_T,All age ranges or no breakdown by age,_T,Total,0_TO_20,0-20 scale,_Z,Not Applicable,_Z,Not Applicable,_Z,Not Applicable,2020,20.0,MEAN,Mean,ITU_GCI,Global Cybersecurity Index,0,Units,IX,Index,602,CCYY,A,Normal value,PU,Public
datastructure,WB.DATA360:DS_DATA360(1.2),I,A,Annual,MDV,Maldives,ITU_GCI_CDS_SCORE,Capacity Development Score - CDS (ITU GCI),_T,Total,_T,All age ranges or no breakdown by age,_T,Total,0_TO_20,0-20 scale,_Z,Not Applicable,_Z,Not Applicable,_Z,Not Applicable,2020,0.0,MEAN,Mean,ITU_GCI,Global Cybersecurity Index,0,Units,IX,Index,602,CCYY,A,Normal value,PU,Public
datastructure,WB.DATA360:DS_DATA360(1.2),I,A,Annual,MLI,Mali,ITU_GCI_CDS_SCORE,Capacity Development Score - CDS (ITU GCI),_T,Total,_T,All age ranges or no breakdown by age,_T,Total,0_TO_20,0-20 scale,_Z,Not Applicable,_Z,Not Applicable,_Z,Not Applicable,2020,0.0,MEAN,Mean,ITU_GCI,Global Cybersecurity Index,0,Units,IX,Index,602,CCYY,A,Normal value,PU,Public
datastructure,WB.DATA360:DS_DATA360(1.2),I,A,Annual,MLT,Malta,ITU_GCI_CDS_SCORE,Capacity Development Score - CDS (ITU GCI),_T,Total,_T,All age ranges or no breakdown by age,_T,Total,0_TO_20,0-20 scale,_Z,Not Applicable,_Z,Not Applicable,_Z,Not Applicable,2020,18.759028925253816,MEAN,Mean,ITU_GCI,Global Cybersecurity Index,0,Units,IX,Index,602,CCYY,A,Normal value,PU,Public
datastructure,WB.DATA360:DS_DATA360(1.2),I,A,Annual,MHL,Marshall Islands,ITU_GCI_CDS_SCORE,Capacity Development Score - CDS (ITU GCI),_T,Total,_T,All age ranges or no breakdown by age,_T,Total,0_TO_20,0-20 scale,_Z,Not Applicable,_Z,Not Applicable,_Z,Not Applicable,2020,0.0,MEAN,Mean,ITU_GCI,Global Cybersecurity Index,0,Units,IX,Index,602,CCYY,A,Normal value,PU,Public
datastructure,WB.DATA360:DS_DATA360(1.2),I,A,Annual,MRT,Mauritania,ITU_GCI_CDS_SCORE,Capacity Development Score - CDS (ITU GCI),_T,Total,_T,All age ranges or no breakdown by age,_T,Total,0_TO_20,0-20 scale,_Z,Not Applicable,_Z,Not Applicable,_Z,Not Applicable,2020,0.0,MEAN,Mean,ITU_GCI,Global Cybersecurity Index,0,Units,IX,Index,602,CCYY,A,Normal value,PU,Public
datastructure,WB.DATA360:DS_DATA360(1.2),I,A,Annual,MUS,Mauritius,ITU_GCI_CDS_SCORE,Capacity Development Score - CDS (ITU GCI),_T,Total,_T,All age ranges or no breakdown by age,_T,Total,0_TO_20,0-20 scale,_Z,Not Applicable,_Z,Not Applicable,_Z,Not Applicable,2020,19.5350716991342,MEAN,Mean,ITU_GCI,Global Cybersecurity Index,0,Units,IX,Index,602,CCYY,A,Normal value,PU,Public
datastructure,WB.DATA360:DS_DATA360(1.2),I,A,Annual,MEX,Mexico,ITU_GCI_CDS_SCORE,Capacity Development Score - CDS (ITU GCI),_T,Total,_T,All age ranges or no breakdown by age,_T,Total,0_TO_20,0-20 scale,_Z,Not Applicable,_Z,Not Applicable,_Z,Not Applicable,2020,16.130039165717942,MEAN,Mean,ITU_GCI,Global Cybersecurity Index,0,Units,IX,Index,602,CCYY,A,Normal value,PU,Public
datastructure,WB.DATA360:DS_DATA360(1.2),I,A,Annual,FSM,"Micronesia, Fed. Sts.",ITU_GCI_CDS_SCORE,Capacity Development Score - CDS (ITU GCI),_T,Total,_T,All age ranges or no breakdown by age,_T,Total,0_TO_20,0-20 scale,_Z,Not Applicable,_Z,Not Applicable,_Z,Not Applicable,2020,0.0,MEAN,Mean,ITU_GCI,Global Cybersecurity Index,0,Units,IX,Index,602,CCYY,A,Normal value,PU,Public
datastructure,WB.DATA360:DS_DATA360(1.2),I,A,Annual,MDA,Moldova,ITU_GCI_CDS_SCORE,Capacity Development Score - CDS (ITU GCI),_T,Total,_T,All age ranges or no breakdown by age,_T,Total,0_TO_20,0-20 scale,_Z,Not Applicable,_Z,Not Applicable,_Z,Not Applicable,2020,13.092118285416785,MEAN,Mean,ITU_GCI,Global Cybersecurity Index,0,Units,IX,Index,602,CCYY,A,Normal value,PU,Public
datastructure,WB.DATA360:DS_DATA360(1.2),I,A,Annual,MCO,Monaco,ITU_GCI_CDS_SCORE,Capacity Development Score - CDS (ITU GCI),_T,Total,_T,All age ranges or no breakdown by age,_T,Total,0_TO_20,0-20 scale,_Z,Not Applicable,_Z,Not Applicable,_Z,Not Applicable,2020,13.753713821745986,MEAN,Mean,ITU_GCI,Global Cybersecurity Index,0,Units,IX,Index,602,CCYY,A,Normal value,PU,Public
datastructure,WB.DATA360:DS_DATA360(1.2),I,A,Annual,MNG,Mongolia,ITU_GCI_CDS_SCORE,Capacity Development Score - CDS (ITU GCI),_T,Total,_T,All age ranges or no breakdown by age,_T,Total,0_TO_20,0-20 scale,_Z,Not Applicable,_Z,Not Applicable,_Z,Not Applicable,2020,1.2338667285095857,MEAN,Mean,ITU_GCI,Global Cybersecurity Index,0,Units,IX,Index,602,CCYY,A,Normal value,PU,Public
datastructure,WB.DATA360:DS_DATA360(1.2),I,A,Annual,MNE,Montenegro,ITU_GCI_CDS_SCORE,Capacity Development Score - CDS (ITU GCI),_T,Total,_T,All age ranges or no breakdown by age,_T,Total,0_TO_20,0-20 scale,_Z,Not Applicable,_Z,Not Applicable,_Z,Not Applicable,2020,3.1785641667135174,MEAN,Mean,ITU_GCI,Global Cybersecurity Index,0,Units,IX,Index,602,CCYY,A,Normal value,PU,Public
datastructure,WB.DATA360:DS_DATA360(1.2),I,A,Annual,MAR,Morocco,ITU_GCI_CDS_SCORE,Capacity Development Score - CDS (ITU GCI),_T,Total,_T,All age ranges or no breakdown by age,_T,Total,0_TO_20,0-20 scale,_Z,Not Applicable,_Z,Not Applicable,_Z,Not Applicable,2020,15.235018820071073,MEAN,Mean,ITU_GCI,Global Cybersecurity Index,0,Units,IX,Index,602,CCYY,A,Normal value,PU,Public
datastructure,WB.DATA360:DS_DATA360(1.2),I,A,Annual,MOZ,Mozambique,ITU_GCI_CDS_SCORE,Capacity Development Score - CDS (ITU GCI),_T,Total,_T,All age ranges or no breakdown by age,_T,Total,0_TO_20,0-20 scale,_Z,Not Applicable,_Z,Not Applicable,_Z,Not Applicable,2020,3.916446903959587,MEAN,Mean,ITU_GCI,Global Cybersecurity Index,0,Units,IX,Index,602,CCYY,A,Normal value,PU,Public
datastructure,WB.DATA360:DS_DATA360(1.2),I,A,Annual,MMR,Myanmar,ITU_GCI_CDS_SCORE,Capacity Development Score - CDS (ITU GCI),_T,Total,_T,All age ranges or no breakdown by age,_T,Total,0_TO_20,0-20 scale,_Z,Not Applicable,_Z,Not Applicable,_Z,Not Applicable,2020,8.924179882223207,MEAN,Mean,ITU_GCI,Global Cybersecurity Index,0,Units,IX,Index,602,CCYY,A,Normal value,PU,Public
datastructure,WB.DATA360:DS_DATA360(1.2),I,A,Annual,NAM,Namibia,ITU_GCI_CDS_SCORE,Capacity Development Score - CDS (ITU GCI),_T,Total,_T,All age ranges or no breakdown by age,_T,Total,0_TO_20,0-20 scale,_Z,Not Applicable,_Z,Not Applicable,_Z,Not Applicable,2020,2.337086425479283,MEAN,Mean,ITU_GCI,Global Cybersecurity Index,0,Units,IX,Index,602,CCYY,A,Normal value,PU,Public
datastructure,WB.DATA360:DS_DATA360(1.2),I,A,Annual,NRU,Nauru,ITU_GCI_CDS_SCORE,Capacity Development Score - CDS (ITU GCI),_T,Total,_T,All age ranges or no breakdown by age,_T,Total,0_TO_20,0-20 scale,_Z,Not Applicable,_Z,Not Applicable,_Z,Not Applicable,2020,3.1785641667135174,MEAN,Mean,ITU_GCI,Global Cybersecurity Index,0,Units,IX,Index,602,CCYY,A,Normal value,PU,Public
datastructure,WB.DATA360:DS_DATA360(1.2),I,A,Annual,NPL,Nepal,ITU_GCI_CDS_SCORE,Capacity Development Score - CDS (ITU GCI),_T,Total,_T,All age ranges or no breakdown by age,_T,Total,0_TO_20,0-20 scale,_Z,Not Applicable,_Z,Not Applicable,_Z,Not Applicable,2020,9.597168779486658,MEAN,Mean,ITU_GCI,Global Cybersecurity Index,0,Units,IX,Index,602,CCYY,A,Normal value,PU,Public
datastructure,WB.DATA360:DS_DATA360(1.2),I,A,Annual,NLD,Netherlands,ITU_GCI_CDS_SCORE,Capacity Development Score - CDS (ITU GCI),_T,Total,_T,All age ranges or no breakdown by age,_T,Total,0_TO_20,0-20 scale,_Z,Not Applicable,_Z,Not Applicable,_Z,Not Applicable,2020,18.821127262888627,MEAN,Mean,ITU_GCI,Global Cybersecurity Index,0,Units,IX,Index,602,CCYY,A,Normal value,PU,Public
datastructure,WB.DATA360:DS_DATA360(1.2),I,A,Annual,NZL,New Zealand,ITU_GCI_CDS_SCORE,Capacity Development Score - CDS (ITU GCI),_T,Total,_T,All age ranges or no breakdown by age,_T,Total,0_TO_20,0-20 scale,_Z,Not Applicable,_Z,Not Applicable,_Z,Not Applicable,2020,17.71000863370486,MEAN,Mean,ITU_GCI,Global Cybersecurity Index,0,Units,IX,Index,602,CCYY,A,Normal value,PU,Public
datastructure,WB.DATA360:DS_DATA360(1.2),I,A,Annual,NIC,Nicaragua,ITU_GCI_CDS_SCORE,Capacity Development Score - CDS (ITU GCI),_T,Total,_T,All age ranges or no breakdown by age,_T,Total,0_TO_20,0-20 scale,_Z,Not Applicable,_Z,Not Applicable,_Z,Not Applicable,2020,0.0,MEAN,Mean,ITU_GCI,Global Cybersecurity Index,0,Units,IX,Index,602,CCYY,A,Normal value,PU,Public
datastructure,WB.DATA360:DS_DATA360(1.2),I,A,Annual,NER,Niger,ITU_GCI_CDS_SCORE,Capacity Development Score - CDS (ITU GCI),_T,Total,_T,All age ranges or no breakdown by age,_T,Total,0_TO_20,0-20 scale,_Z,Not Applicable,_Z,Not Applicable,_Z,Not Applicable,2020,1.2338667285095857,MEAN,Mean,ITU_GCI,Global Cybersecurity Index,0,Units,IX,Index,602,CCYY,A,Normal value,PU,Public
datastructure,WB.DATA360:DS_DATA360(1.2),I,A,Annual,NGA,Nigeria,ITU_GCI_CDS_SCORE,Capacity Development Score - CDS (ITU GCI),_T,Total,_T,All age ranges or no breakdown by age,_T,Total,0_TO_20,0-20 scale,_Z,Not Applicable,_Z,Not Applicable,_Z,Not Applicable,2020,12.206810235500882,MEAN,Mean,ITU_GCI,Global Cybersecurity Index,0,Units,IX,Index,602,CCYY,A,Normal value,PU,Public
datastructure,WB.DATA360:DS_DATA360(1.2),I,A,Annual,NOR,Norway,ITU_GCI_CDS_SCORE,Capacity Development Score - CDS (ITU GCI),_T,Total,_T,All age ranges or no breakdown by age,_T,Total,0_TO_20,0-20 scale,_Z,Not Applicable,_Z,Not Applicable,_Z,Not Applicable,2020,19.04351024156219,MEAN,Mean,ITU_GCI,Global Cybersecurity Index,0,Units,IX,Index,602,CCYY,A,Normal value,PU,Public
datastructure,WB.DATA360:DS_DATA360(1.2),I,A,Annual,OMN,Oman,ITU_GCI_CDS_SCORE,Capacity Development Score - CDS (ITU GCI),_T,Total,_T,All age ranges or no breakdown by age,_T,Total,0_TO_20,0-20 scale,_Z,Not Applicable,_Z,Not Applicable,_Z,Not Applicable,2020,20.0,MEAN,Mean,ITU_GCI,Global Cybersecurity Index,0,Units,IX,Index,602,CCYY,A,Normal value,PU,Public
datastructure,WB.DATA360:DS_DATA360(1.2),I,A,Annual,PAK,Pakistan,ITU_GCI_CDS_SCORE,Capacity Development Score - CDS (ITU GCI),_T,Total,_T,All age ranges or no breakdown by age,_T,Total,0_TO_20,0-20 scale,_Z,Not Applicable,_Z,Not Applicable,_Z,Not Applicable,2020,17.254422237214445,MEAN,Mean,ITU_GCI,Global Cybersecurity Index,0,Units,IX,Index,602,CCYY,A,Normal value,PU,Public
datastructure,WB.DATA360:DS_DATA360(1.2),I,A,Annual,PAN,Panama,ITU_GCI_CDS_SCORE,Capacity Development Score - CDS (ITU GCI),_T,Total,_T,All age ranges or no breakdown by age,_T,Total,0_TO_20,0-20 scale,_Z,Not Applicable,_Z,Not Applicable,_Z,Not Applicable,2020,6.124741944169196,MEAN,Mean,ITU_GCI,Global Cybersecurity Index,0,Units,IX,Index,602,CCYY,A,Normal value,PU,Public
datastructure,WB.DATA360:DS_DATA360(1.2),I,A,Annual,PNG,Papua New Guinea,ITU_GCI_CDS_SCORE,Capacity Development Score - CDS (ITU GCI),_T,Total,_T,All age ranges or no breakdown by age,_T,Total,0_TO_20,0-20 scale,_Z,Not Applicable,_Z,Not Applicable,_Z,Not Applicable,2020,7.298062606585333,MEAN,Mean,ITU_GCI,Global Cybersecurity Index,0,Units,IX,Index,602,CCYY,A,Normal value,PU,Public
datastructure,WB.DATA360:DS_DATA360(1.2),I,A,Annual,PRY,Paraguay,ITU_GCI_CDS_SCORE,Capacity Development Score - CDS (ITU GCI),_T,Total,_T,All age ranges or no breakdown by age,_T,Total,0_TO_20,0-20 scale,_Z,Not Applicable,_Z,Not Applicable,_Z,Not Applicable,2020,6.792569574747944,MEAN,Mean,ITU_GCI,Global Cybersecurity Index,0,Units,IX,Index,602,CCYY,A,Normal value,PU,Public
datastructure,WB.DATA360:DS_DATA360(1.2),I,A,Annual,PER,Peru,ITU_GCI_CDS_SCORE,Capacity Development Score - CDS (ITU GCI),_T,Total,_T,All age ranges or no breakdown by age,_T,Total,0_TO_20,0-20 scale,_Z,Not Applicable,_Z,Not Applicable,_Z,Not Applicable,2020,5.319782472217538,MEAN,Mean,ITU_GCI,Global Cybersecurity Index,0,Units,IX,Index,602,CCYY,A,Normal value,PU,Public
datastructure,WB.DATA360:DS_DATA360(1.2),I,A,Annual,PHL,Philippines,ITU_GCI_CDS_SCORE,Capacity Development Score - CDS (ITU GCI),_T,Total,_T,All age ranges or no breakdown by age,_T,Total,0_TO_20,0-20 scale,_Z,Not Applicable,_Z,Not Applicable,_Z,Not Applicable,2020,12.73966819531704,MEAN,Mean,ITU_GCI,Global Cybersecurity Index,0,Units,IX,Index,602,CCYY,A,Normal value,PU,Public
datastructure,WB.DATA360:DS_DATA360(1.2),I,A,Annual,POL,Poland,ITU_GCI_CDS_SCORE,Capacity Development Score - CDS (ITU GCI),_T,Total,_T,All age ranges or no breakdown by age,_T,Total,0_TO_20,0-20 scale,_Z,Not Applicable,_Z,Not Applicable,_Z,Not Applicable,2020,19.76528578997887,MEAN,Mean,ITU_GCI,Global Cybersecurity Index,0,Units,IX,Index,602,CCYY,A,Normal value,PU,Public
datastructure,WB.DATA360:DS_DATA360(1.2),I,A,Annual,PRT,Portugal,ITU_GCI_CDS_SCORE,Capacity Development Score - CDS (ITU GCI),_T,Total,_T,All age ranges or no breakdown by age,_T,Total,0_TO_20,0-20 scale,_Z,Not Applicable,_Z,Not Applicable,_Z,Not Applicable,2020,18.34327088208734,MEAN,Mean,ITU_GCI,Global Cybersecurity Index,0,Units,IX,Index,602,CCYY,A,Normal value,PU,Public
datastructure,WB.DATA360:DS_DATA360(1.2),I,A,Annual,QAT,Qatar,ITU_GCI_CDS_SCORE,Capacity Development Score - CDS (ITU GCI),_T,Total,_T,All age ranges or no breakdown by age,_T,Total,0_TO_20,0-20 scale,_Z,Not Applicable,_Z,Not Applicable,_Z,Not Applicable,2020,20.0,MEAN,Mean,ITU_GCI,Global Cybersecurity Index,0,Units,IX,Index,602,CCYY,A,Normal value,PU,Public
datastructure,WB.DATA360:DS_DATA360(1.2),I,A,Annual,KOR,"Korea, Rep.",ITU_GCI_CDS_SCORE,Capacity Development Score - CDS (ITU GCI),_T,Total,_T,All age ranges or no breakdown by age,_T,Total,0_TO_20,0-20 scale,_Z,Not Applicable,_Z,Not Applicable,_Z,Not Applicable,2020,20.0,MEAN,Mean,ITU_GCI,Global Cybersecurity Index,0,Units,IX,Index,602,CCYY,A,Normal value,PU,Public
datastructure,WB.DATA360:DS_DATA360(1.2),I,A,Annual,ROU,Romania,ITU_GCI_CDS_SCORE,Capacity Development Score - CDS (ITU GCI),_T,Total,_T,All age ranges or no breakdown by age,_T,Total,0_TO_20,0-20 scale,_Z,Not Applicable,_Z,Not Applicable,_Z,Not Applicable,2020,12.879107426157448,MEAN,Mean,ITU_GCI,Global Cybersecurity Index,0,Units,IX,Index,602,CCYY,A,Normal value,PU,Public
datastructure,WB.DATA360:DS_DATA360(1.2),I,A,Annual,RUS,Russian Federation,ITU_GCI_CDS_SCORE,Capacity Development Score - CDS (ITU GCI),_T,Total,_T,All age ranges or no breakdown by age,_T,Total,0_TO_20,0-20 scale,_Z,Not Applicable,_Z,Not Applicable,_Z,Not Applicable,2020,20.0,MEAN,Mean,ITU_GCI,Global Cybersecurity Index,0,Units,IX,Index,602,CCYY,A,Normal value,PU,Public
datastructure,WB.DATA360:DS_DATA360(1.2),I,A,Annual,RWA,Rwanda,ITU_GCI_CDS_SCORE,Capacity Development Score - CDS (ITU GCI),_T,Total,_T,All age ranges or no breakdown by age,_T,Total,0_TO_20,0-20 scale,_Z,Not Applicable,_Z,Not Applicable,_Z,Not Applicable,2020,16.302400521697145,MEAN,Mean,ITU_GCI,Global Cybersecurity Index,0,Units,IX,Index,602,CCYY,A,Normal value,PU,Public
datastructure,WB.DATA360:DS_DATA360(1.2),I,A,Annual,KNA,St. Kitts and Nevis,ITU_GCI_CDS_SCORE,Capacity Development Score - CDS (ITU GCI),_T,Total,_T,All age ranges or no breakdown by age,_T,Total,0_TO_20,0-20 scale,_Z,Not Applicable,_Z,Not Applicable,_Z,Not Applicable,2020,3.1785641667135174,MEAN,Mean,ITU_GCI,Global Cybersecurity Index,0,Units,IX,Index,602,CCYY,A,Normal value,PU,Public
datastructure,WB.DATA360:DS_DATA360(1.2),I,A,Annual,LCA,St. Lucia,ITU_GCI_CDS_SCORE,Capacity Development Score - CDS (ITU GCI),_T,Total,_T,All age ranges or no breakdown by age,_T,Total,0_TO_20,0-20 scale,_Z,Not Applicable,_Z,Not Applicable,_Z,Not Applicable,2020,0.0,MEAN,Mean,ITU_GCI,Global Cybersecurity Index,0,Units,IX,Index,602,CCYY,A,Normal value,PU,Public
datastructure,WB.DATA360:DS_DATA360(1.2),I,A,Annual,VCT,St. Vincent and the Grenadines,ITU_GCI_CDS_SCORE,Capacity Development Score - CDS (ITU GCI),_T,Total,_T,All age ranges or no breakdown by age,_T,Total,0_TO_20,0-20 scale,_Z,Not Applicable,_Z,Not Applicable,_Z,Not Applicable,2020,1.2338667285095857,MEAN,Mean,ITU_GCI,Global Cybersecurity Index,0,Units,IX,Index,602,CCYY,A,Normal value,PU,Public
datastructure,WB.DATA360:DS_DATA360(1.2),I,A,Annual,WSM,Samoa,ITU_GCI_CDS_SCORE,Capacity Development Score - CDS (ITU GCI),_T,Total,_T,All age ranges or no breakdown by age,_T,Total,0_TO_20,0-20 scale,_Z,Not Applicable,_Z,Not Applicable,_Z,Not Applicable,2020,0.0,MEAN,Mean,ITU_GCI,Global Cybersecurity Index,0,Units,IX,Index,602,CCYY,A,Normal value,PU,Public
datastructure,WB.DATA360:DS_DATA360(1.2),I,A,Annual,SMR,San Marino,ITU_GCI_CDS_SCORE,Capacity Development Score - CDS (ITU GCI),_T,Total,_T,All age ranges or no breakdown by age,_T,Total,0_TO_20,0-20 scale,_Z,Not Applicable,_Z,Not Applicable,_Z,Not Applicable,2020,0.0,MEAN,Mean,ITU_GCI,Global Cybersecurity Index,0,Units,IX,Index,602,CCYY,A,Normal value,PU,Public
datastructure,WB.DATA360:DS_DATA360(1.2),I,A,Annual,STP,Sao Tome and Principe,ITU_GCI_CDS_SCORE,Capacity Development Score - CDS (ITU GCI),_T,Total,_T,All age ranges or no breakdown by age,_T,Total,0_TO_20,0-20 scale,_Z,Not Applicable,_Z,Not Applicable,_Z,Not Applicable,2020,0.0,MEAN,Mean,ITU_GCI,Global Cybersecurity Index,0,Units,IX,Index,602,CCYY,A,Normal value,PU,Public
datastructure,WB.DATA360:DS_DATA360(1.2),I,A,Annual,SAU,Saudi Arabia,ITU_GCI_CDS_SCORE,Capacity Development Score - CDS (ITU GCI),_T,Total,_T,All age ranges or no breakdown by age,_T,Total,0_TO_20,0-20 scale,_Z,Not Applicable,_Z,Not Applicable,_Z,Not Applicable,2020,20.0,MEAN,Mean,ITU_GCI,Global Cybersecurity Index,0,Units,IX,Index,602,CCYY,A,Normal value,PU,Public
datastructure,WB.DATA360:DS_DATA360(1.2),I,A,Annual,SEN,Senegal,ITU_GCI_CDS_SCORE,Capacity Development Score - CDS (ITU GCI),_T,Total,_T,All age ranges or no breakdown by age,_T,Total,0_TO_20,0-20 scale,_Z,Not Applicable,_Z,Not Applicable,_Z,Not Applicable,2020,4.576824717490302,MEAN,Mean,ITU_GCI,Global Cybersecurity Index,0,Units,IX,Index,602,CCYY,A,Normal value,PU,Public
datastructure,WB.DATA360:DS_DATA360(1.2),I,A,Annual,SRB,Serbia,ITU_GCI_CDS_SCORE,Capacity Development Score - CDS (ITU GCI),_T,Total,_T,All age ranges or no breakdown by age,_T,Total,0_TO_20,0-20 scale,_Z,Not Applicable,_Z,Not Applicable,_Z,Not Applicable,2020,14.661856915631263,MEAN,Mean,ITU_GCI,Global Cybersecurity Index,0,Units,IX,Index,602,CCYY,A,Normal value,PU,Public
datastructure,WB.DATA360:DS_DATA360(1.2),I,A,Annual,SYC,Seychelles,ITU_GCI_CDS_SCORE,Capacity Development Score - CDS (ITU GCI),_T,Total,_T,All age ranges or no breakdown by age,_T,Total,0_TO_20,0-20 scale,_Z,Not Applicable,_Z,Not Applicable,_Z,Not Applicable,2020,1.2338667285095857,MEAN,Mean,ITU_GCI,Global Cybersecurity Index,0,Units,IX,Index,602,CCYY,A,Normal value,PU,Public
datastructure,WB.DATA360:DS_DATA360(1.2),I,A,Annual,SLE,Sierra Leone,ITU_GCI_CDS_SCORE,Capacity Development Score - CDS (ITU GCI),_T,Total,_T,All age ranges or no breakdown by age,_T,Total,0_TO_20,0-20 scale,_Z,Not Applicable,_Z,Not Applicable,_Z,Not Applicable,2020,2.239738292011019,MEAN,Mean,ITU_GCI,Global Cybersecurity Index,0,Units,IX,Index,602,CCYY,A,Normal value,PU,Public
datastructure,WB.DATA360:DS_DATA360(1.2),I,A,Annual,SGP,Singapore,ITU_GCI_CDS_SCORE,Capacity Development Score - CDS (ITU GCI),_T,Total,_T,All age ranges or no breakdown by age,_T,Total,0_TO_20,0-20 scale,_Z,Not Applicable,_Z,Not Applicable,_Z,Not Applicable,2020,20.0,MEAN,Mean,ITU_GCI,Global Cybersecurity Index,0,Units,IX,Index,602,CCYY,A,Normal value,PU,Public
datastructure,WB.DATA360:DS_DATA360(1.2),I,A,Annual,SVK,Slovak Republic,ITU_GCI_CDS_SCORE,Capacity Development Score - CDS (ITU GCI),_T,Total,_T,All age ranges or no breakdown by age,_T,Total,0_TO_20,0-20 scale,_Z,Not Applicable,_Z,Not Applicable,_Z,Not Applicable,2020,17.49233115960744,MEAN,Mean,ITU_GCI,Global Cybersecurity Index,0,Units,IX,Index,602,CCYY,A,Normal value,PU,Public
datastructure,WB.DATA360:DS_DATA360(1.2),I,A,Annual,SVN,Slovenia,ITU_GCI_CDS_SCORE,Capacity Development Score - CDS (ITU GCI),_T,Total,_T,All age ranges or no breakdown by age,_T,Total,0_TO_20,0-20 scale,_Z,Not Applicable,_Z,Not Applicable,_Z,Not Applicable,2020,17.724286112516634,MEAN,Mean,ITU_GCI,Global Cybersecurity Index,0,Units,IX,Index,602,CCYY,A,Normal value,PU,Public
datastructure,WB.DATA360:DS_DATA360(1.2),I,A,Annual,SLB,Solomon Islands,ITU_GCI_CDS_SCORE,Capacity Development Score - CDS (ITU GCI),_T,Total,_T,All age ranges or no breakdown by age,_T,Total,0_TO_20,0-20 scale,_Z,Not Applicable,_Z,Not Applicable,_Z,Not Applicable,2020,0.0,MEAN,Mean,ITU_GCI,Global Cybersecurity Index,0,Units,IX,Index,602,CCYY,A,Normal value,PU,Public
datastructure,WB.DATA360:DS_DATA360(1.2),I,A,Annual,SOM,Somalia,ITU_GCI_CDS_SCORE,Capacity Development Score - CDS (ITU GCI),_T,Total,_T,All age ranges or no breakdown by age,_T,Total,0_TO_20,0-20 scale,_Z,Not Applicable,_Z,Not Applicable,_Z,Not Applicable,2020,1.51534114334439,MEAN,Mean,ITU_GCI,Global Cybersecurity Index,0,Units,IX,Index,602,CCYY,A,Normal value,PU,Public
datastructure,WB.DATA360:DS_DATA360(1.2),I,A,Annual,ZAF,South Africa,ITU_GCI_CDS_SCORE,Capacity Development Score - CDS (ITU GCI),_T,Total,_T,All age ranges or no breakdown by age,_T,Total,0_TO_20,0-20 scale,_Z,Not Applicable,_Z,Not Applicable,_Z,Not Applicable,2020,15.36803260969505,MEAN,Mean,ITU_GCI,Global Cybersecurity Index,0,Units,IX,Index,602,CCYY,A,Normal value,PU,Public
datastructure,WB.DATA360:DS_DATA360(1.2),I,A,Annual,SSD,South Sudan,ITU_GCI_CDS_SCORE,Capacity Development Score - CDS (ITU GCI),_T,Total,_T,All age ranges or no breakdown by age,_T,Total,0_TO_20,0-20 scale,_Z,Not Applicable,_Z,Not Applicable,_Z,Not Applicable,2020,0.0,MEAN,Mean,ITU_GCI,Global Cybersecurity Index,0,Units,IX,Index,602,CCYY,A,Normal value,PU,Public
datastructure,WB.DATA360:DS_DATA360(1.2),I,A,Annual,ESP,Spain,ITU_GCI_CDS_SCORE,Capacity Development Score - CDS (ITU GCI),_T,Total,_T,All age ranges or no breakdown by age,_T,Total,0_TO_20,0-20 scale,_Z,Not Applicable,_Z,Not Applicable,_Z,Not Applicable,2020,20.0,MEAN,Mean,ITU_GCI,Global Cybersecurity Index,0,Units,IX,Index,602,CCYY,A,Normal value,PU,Public
datastructure,WB.DATA360:DS_DATA360(1.2),I,A,Annual,LKA,Sri Lanka,ITU_GCI_CDS_SCORE,Capacity Development Score - CDS (ITU GCI),_T,Total,_T,All age ranges or no breakdown by age,_T,Total,0_TO_20,0-20 scale,_Z,Not Applicable,_Z,Not Applicable,_Z,Not Applicable,2020,6.579411487175793,MEAN,Mean,ITU_GCI,Global Cybersecurity Index,0,Units,IX,Index,602,CCYY,A,Normal value,PU,Public
datastructure,WB.DATA360:DS_DATA360(1.2),I,A,Annual,PSE,West Bank and Gaza,ITU_GCI_CDS_SCORE,Capacity Development Score - CDS (ITU GCI),_T,Total,_T,All age ranges or no breakdown by age,_T,Total,0_TO_20,0-20 scale,_Z,Not Applicable,_Z,Not Applicable,_Z,Not Applicable,2020,2.4609502375330297,MEAN,Mean,ITU_GCI,Global Cybersecurity Index,0,Units,IX,Index,602,CCYY,A,Normal value,PU,Public
datastructure,WB.DATA360:DS_DATA360(1.2),I,A,Annual,SDN,Sudan,ITU_GCI_CDS_SCORE,Capacity Development Score - CDS (ITU GCI),_T,Total,_T,All age ranges or no breakdown by age,_T,Total,0_TO_20,0-20 scale,_Z,Not Applicable,_Z,Not Applicable,_Z,Not Applicable,2020,3.381773113644563,MEAN,Mean,ITU_GCI,Global Cybersecurity Index,0,Units,IX,Index,602,CCYY,A,Normal value,PU,Public
datastructure,WB.DATA360:DS_DATA360(1.2),I,A,Annual,SUR,Suriname,ITU_GCI_CDS_SCORE,Capacity Development Score - CDS (ITU GCI),_T,Total,_T,All age ranges or no breakdown by age,_T,Total,0_TO_20,0-20 scale,_Z,Not Applicable,_Z,Not Applicable,_Z,Not Applicable,2020,7.083633880549465,MEAN,Mean,ITU_GCI,Global Cybersecurity Index,0,Units,IX,Index,602,CCYY,A,Normal value,PU,Public
datastructure,WB.DATA360:DS_DATA360(1.2),I,A,Annual,SWE,Sweden,ITU_GCI_CDS_SCORE,Capacity Development Score - CDS (ITU GCI),_T,Total,_T,All age ranges or no breakdown by age,_T,Total,0_TO_20,0-20 scale,_Z,Not Applicable,_Z,Not Applicable,_Z,Not Applicable,2020,19.56837789566584,MEAN,Mean,ITU_GCI,Global Cybersecurity Index,0,Units,IX,Index,602,CCYY,A,Normal value,PU,Public
datastructure,WB.DATA360:DS_DATA360(1.2),I,A,Annual,CHE,Switzerland,ITU_GCI_CDS_SCORE,Capacity Development Score - CDS (ITU GCI),_T,Total,_T,All age ranges or no breakdown by age,_T,Total,0_TO_20,0-20 scale,_Z,Not Applicable,_Z,Not Applicable,_Z,Not Applicable,2020,17.691725435008717,MEAN,Mean,ITU_GCI,Global Cybersecurity Index,0,Units,IX,Index,602,CCYY,A,Normal value,PU,Public
datastructure,WB.DATA360:DS_DATA360(1.2),I,A,Annual,SYR,Syrian Arab Republic,ITU_GCI_CDS_SCORE,Capacity Development Score - CDS (ITU GCI),_T,Total,_T,All age ranges or no breakdown by age,_T,Total,0_TO_20,0-20 scale,_Z,Not Applicable,_Z,Not Applicable,_Z,Not Applicable,2020,0.0,MEAN,Mean,ITU_GCI,Global Cybersecurity Index,0,Units,IX,Index,602,CCYY,A,Normal value,PU,Public
datastructure,WB.DATA360:DS_DATA360(1.2),I,A,Annual,TJK,Tajikistan,ITU_GCI_CDS_SCORE,Capacity Development Score - CDS (ITU GCI),_T,Total,_T,All age ranges or no breakdown by age,_T,Total,0_TO_20,0-20 scale,_Z,Not Applicable,_Z,Not Applicable,_Z,Not Applicable,2020,1.249183681521851,MEAN,Mean,ITU_GCI,Global Cybersecurity Index,0,Units,IX,Index,602,CCYY,A,Normal value,PU,Public
datastructure,WB.DATA360:DS_DATA360(1.2),I,A,Annual,TZA,Tanzania,ITU_GCI_CDS_SCORE,Capacity Development Score - CDS (ITU GCI),_T,Total,_T,All age ranges or no breakdown by age,_T,Total,0_TO_20,0-20 scale,_Z,Not Applicable,_Z,Not Applicable,_Z,Not Applicable,2020,17.721693885457075,MEAN,Mean,ITU_GCI,Global Cybersecurity Index,0,Units,IX,Index,602,CCYY,A,Normal value,PU,Public
datastructure,WB.DATA360:DS_DATA360(1.2),I,A,Annual,THA,Thailand,ITU_GCI_CDS_SCORE,Capacity Development Score - CDS (ITU GCI),_T,Total,_T,All age ranges or no breakdown by age,_T,Total,0_TO_20,0-20 scale,_Z,Not Applicable,_Z,Not Applicable,_Z,Not Applicable,2020,16.835402238116323,MEAN,Mean,ITU_GCI,Global Cybersecurity Index,0,Units,IX,Index,602,CCYY,A,Normal value,PU,Public
datastructure,WB.DATA360:DS_DATA360(1.2),I,A,Annual,MKD,North Macedonia,ITU_GCI_CDS_SCORE,Capacity Development Score - CDS (ITU GCI),_T,Total,_T,All age ranges or no breakdown by age,_T,Total,0_TO_20,0-20 scale,_Z,Not Applicable,_Z,Not Applicable,_Z,Not Applicable,2020,18.57379459015011,MEAN,Mean,ITU_GCI,Global Cybersecurity Index,0,Units,IX,Index,602,CCYY,A,Normal value,PU,Public
datastructure,WB.DATA360:DS_DATA360(1.2),I,A,Annual,TLS,Timor-Leste,ITU_GCI_CDS_SCORE,Capacity Development Score - CDS (ITU GCI),_T,Total,_T,All age ranges or no breakdown by age,_T,Total,0_TO_20,0-20 scale,_Z,Not Applicable,_Z,Not Applicable,_Z,Not Applicable,2020,0.0,MEAN,Mean,ITU_GCI,Global Cybersecurity Index,0,Units,IX,Index,602,CCYY,A,Normal value,PU,Public
datastructure,WB.DATA360:DS_DATA360(1.2),I,A,Annual,TGO,Togo,ITU_GCI_CDS_SCORE,Capacity Development Score - CDS (ITU GCI),_T,Total,_T,All age ranges or no breakdown by age,_T,Total,0_TO_20,0-20 scale,_Z,Not Applicable,_Z,Not Applicable,_Z,Not Applicable,2020,0.0,MEAN,Mean,ITU_GCI,Global Cybersecurity Index,0,Units,IX,Index,602,CCYY,A,Normal value,PU,Public
datastructure,WB.DATA360:DS_DATA360(1.2),I,A,Annual,TON,Tonga,ITU_GCI_CDS_SCORE,Capacity Development Score - CDS (ITU GCI),_T,Total,_T,All age ranges or no breakdown by age,_T,Total,0_TO_20,0-20 scale,_Z,Not Applicable,_Z,Not Applicable,_Z,Not Applicable,2020,1.51534114334439,MEAN,Mean,ITU_GCI,Global Cybersecurity Index,0,Units,IX,Index,602,CCYY,A,Normal value,PU,Public
datastructure,WB.DATA360:DS_DATA360(1.2),I,A,Annual,TTO,Trinidad and Tobago,ITU_GCI_CDS_SCORE,Capacity Development Score - CDS (ITU GCI),_T,Total,_T,All age ranges or no breakdown by age,_T,Total,0_TO_20,0-20 scale,_Z,Not Applicable,_Z,Not Applicable,_Z,Not Applicable,2020,3.6880337465564734,MEAN,Mean,ITU_GCI,Global Cybersecurity Index,0,Units,IX,Index,602,CCYY,A,Normal value,PU,Public
datastructure,WB.DATA360:DS_DATA360(1.2),I,A,Annual,TUN,Tunisia,ITU_GCI_CDS_SCORE,Capacity Development Score - CDS (ITU GCI),_T,Total,_T,All age ranges or no breakdown by age,_T,Total,0_TO_20,0-20 scale,_Z,Not Applicable,_Z,Not Applicable,_Z,Not Applicable,2020,16.955488548079355,MEAN,Mean,ITU_GCI,Global Cybersecurity Index,0,Units,IX,Index,602,CCYY,A,Normal value,PU,Public
datastructure,WB.DATA360:DS_DATA360(1.2),I,A,Annual,TUR,Turkiye,ITU_GCI_CDS_SCORE,Capacity Development Score - CDS (ITU GCI),_T,Total,_T,All age ranges or no breakdown by age,_T,Total,0_TO_20,0-20 scale,_Z,Not Applicable,_Z,Not Applicable,_Z,Not Applicable,2020,20.0,MEAN,Mean,ITU_GCI,Global Cybersecurity Index,0,Units,IX,Index,602,CCYY,A,Normal value,PU,Public
datastructure,WB.DATA360:DS_DATA360(1.2),I,A,Annual,TKM,Turkmenistan,ITU_GCI_CDS_SCORE,Capacity Development Score - CDS (ITU GCI),_T,Total,_T,All age ranges or no breakdown by age,_T,Total,0_TO_20,0-20 scale,_Z,Not Applicable,_Z,Not Applicable,_Z,Not Applicable,2020,0.0,MEAN,Mean,ITU_GCI,Global Cybersecurity Index,0,Units,IX,Index,602,CCYY,A,Normal value,PU,Public
datastructure,WB.DATA360:DS_DATA360(1.2),I,A,Annual,TUV,Tuvalu,ITU_GCI_CDS_SCORE,Capacity Development Score - CDS (ITU GCI),_T,Total,_T,All age ranges or no breakdown by age,_T,Total,0_TO_20,0-20 scale,_Z,Not Applicable,_Z,Not Applicable,_Z,Not Applicable,2020,1.708820346320346,MEAN,Mean,ITU_GCI,Global Cybersecurity Index,0,Units,IX,Index,602,CCYY,A,Normal value,PU,Public
datastructure,WB.DATA360:DS_DATA360(1.2),I,A,Annual,UGA,Uganda,ITU_GCI_CDS_SCORE,Capacity Development Score - CDS (ITU GCI),_T,Total,_T,All age ranges or no breakdown by age,_T,Total,0_TO_20,0-20 scale,_Z,Not Applicable,_Z,Not Applicable,_Z,Not Applicable,2020,10.865614857556311,MEAN,Mean,ITU_GCI,Global Cybersecurity Index,0,Units,IX,Index,602,CCYY,A,Normal value,PU,Public
datastructure,WB.DATA360:DS_DATA360(1.2),I,A,Annual,UKR,Ukraine,ITU_GCI_CDS_SCORE,Capacity Development Score - CDS (ITU GCI),_T,Total,_T,All age ranges or no breakdown by age,_T,Total,0_TO_20,0-20 scale,_Z,Not Applicable,_Z,Not Applicable,_Z,Not Applicable,2020,10.941873922433988,MEAN,Mean,ITU_GCI,Global Cybersecurity Index,0,Units,IX,Index,602,CCYY,A,Normal value,PU,Public
datastructure,WB.DATA360:DS_DATA360(1.2),I,A,Annual,ARE,United Arab Emirates,ITU_GCI_CDS_SCORE,Capacity Development Score - CDS (ITU GCI),_T,Total,_T,All age ranges or no breakdown by age,_T,Total,0_TO_20,0-20 scale,_Z,Not Applicable,_Z,Not Applicable,_Z,Not Applicable,2020,20.0,MEAN,Mean,ITU_GCI,Global Cybersecurity Index,0,Units,IX,Index,602,CCYY,A,Normal value,PU,Public
datastructure,WB.DATA360:DS_DATA360(1.2),I,A,Annual,GBR,United Kingdom,ITU_GCI_CDS_SCORE,Capacity Development Score - CDS (ITU GCI),_T,Total,_T,All age ranges or no breakdown by age,_T,Total,0_TO_20,0-20 scale,_Z,Not Applicable,_Z,Not Applicable,_Z,Not Applicable,2020,20.0,MEAN,Mean,ITU_GCI,Global Cybersecurity Index,0,Units,IX,Index,602,CCYY,A,Normal value,PU,Public
datastructure,WB.DATA360:DS_DATA360(1.2),I,A,Annual,USA,United States,ITU_GCI_CDS_SCORE,Capacity Development Score - CDS (ITU GCI),_T,Total,_T,All age ranges or no breakdown by age,_T,Total,0_TO_20,0-20 scale,_Z,Not Applicable,_Z,Not Applicable,_Z,Not Applicable,2020,20.0,MEAN,Mean,ITU_GCI,Global Cybersecurity Index,0,Units,IX,Index,602,CCYY,A,Normal value,PU,Public
datastructure,WB.DATA360:DS_DATA360(1.2),I,A,Annual,URY,Uruguay,ITU_GCI_CDS_SCORE,Capacity Development Score - CDS (ITU GCI),_T,Total,_T,All age ranges or no breakdown by age,_T,Total,0_TO_20,0-20 scale,_Z,Not Applicable,_Z,Not Applicable,_Z,Not Applicable,2020,19.03787152602088,MEAN,Mean,ITU_GCI,Global Cybersecurity Index,0,Units,IX,Index,602,CCYY,A,Normal value,PU,Public
datastructure,WB.DATA360:DS_DATA360(1.2),I,A,Annual,UZB,Uzbekistan,ITU_GCI_CDS_SCORE,Capacity Development Score - CDS (ITU GCI),_T,Total,_T,All age ranges or no breakdown by age,_T,Total,0_TO_20,0-20 scale,_Z,Not Applicable,_Z,Not Applicable,_Z,Not Applicable,2020,15.677132478981603,MEAN,Mean,ITU_GCI,Global Cybersecurity Index,0,Units,IX,Index,602,CCYY,A,Normal value,PU,Public
datastructure,WB.DATA360:DS_DATA360(1.2),I,A,Annual,VUT,Vanuatu,ITU_GCI_CDS_SCORE,Capacity Development Score - CDS (ITU GCI),_T,Total,_T,All age ranges or no breakdown by age,_T,Total,0_TO_20,0-20 scale,_Z,Not Applicable,_Z,Not Applicable,_Z,Not Applicable,2020,0.0,MEAN,Mean,ITU_GCI,Global Cybersecurity Index,0,Units,IX,Index,602,CCYY,A,Normal value,PU,Public
datastructure,WB.DATA360:DS_DATA360(1.2),I,A,Annual,VAT,Holy See (Vatican City State),ITU_GCI_CDS_SCORE,Capacity Development Score - CDS (ITU GCI),_T,Total,_T,All age ranges or no breakdown by age,_T,Total,0_TO_20,0-20 scale,_Z,Not Applicable,_Z,Not Applicable,_Z,Not Applicable,2020,0.0,MEAN,Mean,ITU_GCI,Global Cybersecurity Index,0,Units,IX,Index,602,CCYY,A,Normal value,PU,Public
datastructure,WB.DATA360:DS_DATA360(1.2),I,A,Annual,VEN,"Venezuela, RB",ITU_GCI_CDS_SCORE,Capacity Development Score - CDS (ITU GCI),_T,Total,_T,All age ranges or no breakdown by age,_T,Total,0_TO_20,0-20 scale,_Z,Not Applicable,_Z,Not Applicable,_Z,Not Applicable,2020,4.412430895223103,MEAN,Mean,ITU_GCI,Global Cybersecurity Index,0,Units,IX,Index,602,CCYY,A,Normal value,PU,Public
datastructure,WB.DATA360:DS_DATA360(1.2),I,A,Annual,VNM,Viet Nam,ITU_GCI_CDS_SCORE,Capacity Development Score - CDS (ITU GCI),_T,Total,_T,All age ranges or no breakdown by age,_T,Total,0_TO_20,0-20 scale,_Z,Not Applicable,_Z,Not Applicable,_Z,Not Applicable,2020,19.26025450469444,MEAN,Mean,ITU_GCI,Global Cybersecurity Index,0,Units,IX,Index,602,CCYY,A,Normal value,PU,Public
datastructure,WB.DATA360:DS_DATA360(1.2),I,A,Annual,YEM,"Yemen, Rep.",ITU_GCI_CDS_SCORE,Capacity Development Score - CDS (ITU GCI),_T,Total,_T,All age ranges or no breakdown by age,_T,Total,0_TO_20,0-20 scale,_Z,Not Applicable,_Z,Not Applicable,_Z,Not Applicable,2020,0.0,MEAN,Mean,ITU_GCI,Global Cybersecurity Index,0,Units,IX,Index,602,CCYY,A,Normal value,PU,Public
datastructure,WB.DATA360:DS_DATA360(1.2),I,A,Annual,ZMB,Zambia,ITU_GCI_CDS_SCORE,Capacity Development Score - CDS (ITU GCI),_T,Total,_T,All age ranges or no breakdown by age,_T,Total,0_TO_20,0-20 scale,_Z,Not Applicable,_Z,Not Applicable,_Z,Not Applicable,2020,8.073681412776887,MEAN,Mean,ITU_GCI,Global Cybersecurity Index,0,Units,IX,Index,602,CCYY,A,Normal value,PU,Public
datastructure,WB.DATA360:DS_DATA360(1.2),I,A,Annual,ZWE,Zimbabwe,ITU_GCI_CDS_SCORE,Capacity Development Score - CDS (ITU GCI),_T,Total,_T,All age ranges or no breakdown by age,_T,Total,0_TO_20,0-20 scale,_Z,Not Applicable,_Z,Not Applicable,_Z,Not Applicable,2020,5.5156505921928005,MEAN,Mean,ITU_GCI,Global Cybersecurity Index,0,Units,IX,Index,602,CCYY,A,Normal value,PU,Public
datastructure,WB.DATA360:DS_DATA360(1.2),I,A,Annual,AFG,Afghanistan,ITU_GCI_CDS_SCORE,Capacity Development Score - CDS (ITU GCI),_T,Total,_T,All age ranges or no breakdown by age,_T,Total,0_TO_20,0-20 scale,_Z,Not Applicable,_Z,Not Applicable,_Z,Not Applicable,2024,2.320334651404788,MEAN,Mean,ITU_GCI,Global Cybersecurity Index,0,Units,IX,Index,602,CCYY,A,Normal value,PU,Public
datastructure,WB.DATA360:DS_DATA360(1.2),I,A,Annual,ALB,Albania,ITU_GCI_CDS_SCORE,Capacity Development Score - CDS (ITU GCI),_T,Total,_T,All age ranges or no breakdown by age,_T,Total,0_TO_20,0-20 scale,_Z,Not Applicable,_Z,Not Applicable,_Z,Not Applicable,2024,12.077979891913667,MEAN,Mean,ITU_GCI,Global Cybersecurity Index,0,Units,IX,Index,602,CCYY,A,Normal value,PU,Public
datastructure,WB.DATA360:DS_DATA360(1.2),I,A,Annual,DZA,Algeria,ITU_GCI_CDS_SCORE,Capacity Development Score - CDS (ITU GCI),_T,Total,_T,All age ranges or no breakdown by age,_T,Total,0_TO_20,0-20 scale,_Z,Not Applicable,_Z,Not Applicable,_Z,Not Applicable,2024,14.06584158866772,MEAN,Mean,ITU_GCI,Global Cybersecurity Index,0,Units,IX,Index,602,CCYY,A,Normal value,PU,Public
datastructure,WB.DATA360:DS_DATA360(1.2),I,A,Annual,AND,Andorra,ITU_GCI_CDS_SCORE,Capacity Development Score - CDS (ITU GCI),_T,Total,_T,All age ranges or no breakdown by age,_T,Total,0_TO_20,0-20 scale,_Z,Not Applicable,_Z,Not Applicable,_Z,Not Applicable,2024,11.58091378040348,MEAN,Mean,ITU_GCI,Global Cybersecurity Index,0,Units,IX,Index,602,CCYY,A,Normal value,PU,Public
datastructure,WB.DATA360:DS_DATA360(1.2),I,A,Annual,AGO,Angola,ITU_GCI_CDS_SCORE,Capacity Development Score - CDS (ITU GCI),_T,Total,_T,All age ranges or no breakdown by age,_T,Total,0_TO_20,0-20 scale,_Z,Not Applicable,_Z,Not Applicable,_Z,Not Applicable,2024,3.067419518646571,MEAN,Mean,ITU_GCI,Global Cybersecurity Index,0,Units,IX,Index,602,CCYY,A,Normal value,PU,Public
datastructure,WB.DATA360:DS_DATA360(1.2),I,A,Annual,ATG,Antigua and Barbuda,ITU_GCI_CDS_SCORE,Capacity Development Score - CDS (ITU GCI),_T,Total,_T,All age ranges or no breakdown by age,_T,Total,0_TO_20,0-20 scale,_Z,Not Applicable,_Z,Not Applicable,_Z,Not Applicable,2024,2.366799113826324,MEAN,Mean,ITU_GCI,Global Cybersecurity Index,0,Units,IX,Index,602,CCYY,A,Normal value,PU,Public
datastructure,WB.DATA360:DS_DATA360(1.2),I,A,Annual,ARG,Argentina,ITU_GCI_CDS_SCORE,Capacity Development Score - CDS (ITU GCI),_T,Total,_T,All age ranges or no breakdown by age,_T,Total,0_TO_20,0-20 scale,_Z,Not Applicable,_Z,Not Applicable,_Z,Not Applicable,2024,1.889522215434192,MEAN,Mean,ITU_GCI,Global Cybersecurity Index,0,Units,IX,Index,602,CCYY,A,Normal value,PU,Public
datastructure,WB.DATA360:DS_DATA360(1.2),I,A,Annual,ARM,Armenia,ITU_GCI_CDS_SCORE,Capacity Development Score - CDS (ITU GCI),_T,Total,_T,All age ranges or no breakdown by age,_T,Total,0_TO_20,0-20 scale,_Z,Not Applicable,_Z,Not Applicable,_Z,Not Applicable,2024,10.50083347803028,MEAN,Mean,ITU_GCI,Global Cybersecurity Index,0,Units,IX,Index,602,CCYY,A,Normal value,PU,Public
datastructure,WB.DATA360:DS_DATA360(1.2),I,A,Annual,AUS,Australia,ITU_GCI_CDS_SCORE,Capacity Development Score - CDS (ITU GCI),_T,Total,_T,All age ranges or no breakdown by age,_T,Total,0_TO_20,0-20 scale,_Z,Not Applicable,_Z,Not Applicable,_Z,Not Applicable,2024,19.441172509818404,MEAN,Mean,ITU_GCI,Global Cybersecurity Index,0,Units,IX,Index,602,CCYY,A,Normal value,PU,Public
datastructure,WB.DATA360:DS_DATA360(1.2),I,A,Annual,AUT,Austria,ITU_GCI_CDS_SCORE,Capacity Development Score - CDS (ITU GCI),_T,Total,_T,All age ranges or no breakdown by age,_T,Total,0_TO_20,0-20 scale,_Z,Not Applicable,_Z,Not Applicable,_Z,Not Applicable,2024,18.34182635883321,MEAN,Mean,ITU_GCI,Global Cybersecurity Index,0,Units,IX,Index,602,CCYY,A,Normal value,PU,Public
datastructure,WB.DATA360:DS_DATA360(1.2),I,A,Annual,AZE,Azerbaijan,ITU_GCI_CDS_SCORE,Capacity Development Score - CDS (ITU GCI),_T,Total,_T,All age ranges or no breakdown by age,_T,Total,0_TO_20,0-20 scale,_Z,Not Applicable,_Z,Not Applicable,_Z,Not Applicable,2024,17.851749042596758,MEAN,Mean,ITU_GCI,Global Cybersecurity Index,0,Units,IX,Index,602,CCYY,A,Normal value,PU,Public
datastructure,WB.DATA360:DS_DATA360(1.2),I,A,Annual,BHS,"Bahamas, The",ITU_GCI_CDS_SCORE,Capacity Development Score - CDS (ITU GCI),_T,Total,_T,All age ranges or no breakdown by age,_T,Total,0_TO_20,0-20 scale,_Z,Not Applicable,_Z,Not Applicable,_Z,Not Applicable,2024,6.071698363666878,MEAN,Mean,ITU_GCI,Global Cybersecurity Index,0,Units,IX,Index,602,CCYY,A,Normal value,PU,Public
datastructure,WB.DATA360:DS_DATA360(1.2),I,A,Annual,BHR,Bahrain,ITU_GCI_CDS_SCORE,Capacity Development Score - CDS (ITU GCI),_T,Total,_T,All age ranges or no breakdown by age,_T,Total,0_TO_20,0-20 scale,_Z,Not Applicable,_Z,Not Applicable,_Z,Not Applicable,2024,20.0,MEAN,Mean,ITU_GCI,Global Cybersecurity Index,0,Units,IX,Index,602,CCYY,A,Normal value,PU,Public
datastructure,WB.DATA360:DS_DATA360(1.2),I,A,Annual,BGD,Bangladesh,ITU_GCI_CDS_SCORE,Capacity Development Score - CDS (ITU GCI),_T,Total,_T,All age ranges or no breakdown by age,_T,Total,0_TO_20,0-20 scale,_Z,Not Applicable,_Z,Not Applicable,_Z,Not Applicable,2024,19.519680332986475,MEAN,Mean,ITU_GCI,Global Cybersecurity Index,0,Units,IX,Index,602,CCYY,A,Normal value,PU,Public
datastructure,WB.DATA360:DS_DATA360(1.2),I,A,Annual,BRB,Barbados,ITU_GCI_CDS_SCORE,Capacity Development Score - CDS (ITU GCI),_T,Total,_T,All age ranges or no breakdown by age,_T,Total,0_TO_20,0-20 scale,_Z,Not Applicable,_Z,Not Applicable,_Z,Not Applicable,2024,6.530952277399217,MEAN,Mean,ITU_GCI,Global Cybersecurity Index,0,Units,IX,Index,602,CCYY,A,Normal value,PU,Public
datastructure,WB.DATA360:DS_DATA360(1.2),I,A,Annual,BLR,Belarus,ITU_GCI_CDS_SCORE,Capacity Development Score - CDS (ITU GCI),_T,Total,_T,All age ranges or no breakdown by age,_T,Total,0_TO_20,0-20 scale,_Z,Not Applicable,_Z,Not Applicable,_Z,Not Applicable,2024,9.057071295357662,MEAN,Mean,ITU_GCI,Global Cybersecurity Index,0,Units,IX,Index,602,CCYY,A,Normal value,PU,Public
datastructure,WB.DATA360:DS_DATA360(1.2),I,A,Annual,BEL,Belgium,ITU_GCI_CDS_SCORE,Capacity Development Score - CDS (ITU GCI),_T,Total,_T,All age ranges or no breakdown by age,_T,Total,0_TO_20,0-20 scale,_Z,Not Applicable,_Z,Not Applicable,_Z,Not Applicable,2024,19.193946305931323,MEAN,Mean,ITU_GCI,Global Cybersecurity Index,0,Units,IX,Index,602,CCYY,A,Normal value,PU,Public
datastructure,WB.DATA360:DS_DATA360(1.2),I,A,Annual,BLZ,Belize,ITU_GCI_CDS_SCORE,Capacity Development Score - CDS (ITU GCI),_T,Total,_T,All age ranges or no breakdown by age,_T,Total,0_TO_20,0-20 scale,_Z,Not Applicable,_Z,Not Applicable,_Z,Not Applicable,2024,0.0,MEAN,Mean,ITU_GCI,Global Cybersecurity Index,0,Units,IX,Index,602,CCYY,A,Normal value,PU,Public
datastructure,WB.DATA360:DS_DATA360(1.2),I,A,Annual,BEN,Benin,ITU_GCI_CDS_SCORE,Capacity Development Score - CDS (ITU GCI),_T,Total,_T,All age ranges or no breakdown by age,_T,Total,0_TO_20,0-20 scale,_Z,Not Applicable,_Z,Not Applicable,_Z,Not Applicable,2024,17.974240582726328,MEAN,Mean,ITU_GCI,Global Cybersecurity Index,0,Units,IX,Index,602,CCYY,A,Normal value,PU,Public
datastructure,WB.DATA360:DS_DATA360(1.2),I,A,Annual,BTN,Bhutan,ITU_GCI_CDS_SCORE,Capacity Development Score - CDS (ITU GCI),_T,Total,_T,All age ranges or no breakdown by age,_T,Total,0_TO_20,0-20 scale,_Z,Not Applicable,_Z,Not Applicable,_Z,Not Applicable,2024,9.87080768178309,MEAN,Mean,ITU_GCI,Global Cybersecurity Index,0,Units,IX,Index,602,CCYY,A,Normal value,PU,Public
datastructure,WB.DATA360:DS_DATA360(1.2),I,A,Annual,BOL,Bolivia,ITU_GCI_CDS_SCORE,Capacity Development Score - CDS (ITU GCI),_T,Total,_T,All age ranges or no breakdown by age,_T,Total,0_TO_20,0-20 scale,_Z,Not Applicable,_Z,Not Applicable,_Z,Not Applicable,2024,8.390830456983656,MEAN,Mean,ITU_GCI,Global Cybersecurity Index,0,Units,IX,Index,602,CCYY,A,Normal value,PU,Public
datastructure,WB.DATA360:DS_DATA360(1.2),I,A,Annual,BIH,Bosnia and Herzegovina,ITU_GCI_CDS_SCORE,Capacity Development Score - CDS (ITU GCI),_T,Total,_T,All age ranges or no breakdown by age,_T,Total,0_TO_20,0-20 scale,_Z,Not Applicable,_Z,Not Applicable,_Z,Not Applicable,2024,4.250780252290962,MEAN,Mean,ITU_GCI,Global Cybersecurity Index,0,Units,IX,Index,602,CCYY,A,Normal value,PU,Public
datastructure,WB.DATA360:DS_DATA360(1.2),I,A,Annual,BWA,Botswana,ITU_GCI_CDS_SCORE,Capacity Development Score - CDS (ITU GCI),_T,Total,_T,All age ranges or no breakdown by age,_T,Total,0_TO_20,0-20 scale,_Z,Not Applicable,_Z,Not Applicable,_Z,Not Applicable,2024,13.47500812674969,MEAN,Mean,ITU_GCI,Global Cybersecurity Index,0,Units,IX,Index,602,CCYY,A,Normal value,PU,Public
datastructure,WB.DATA360:DS_DATA360(1.2),I,A,Annual,BRA,Brazil,ITU_GCI_CDS_SCORE,Capacity Development Score - CDS (ITU GCI),_T,Total,_T,All age ranges or no breakdown by age,_T,Total,0_TO_20,0-20 scale,_Z,Not Applicable,_Z,Not Applicable,_Z,Not Applicable,2024,19.252142076734582,MEAN,Mean,ITU_GCI,Global Cybersecurity Index,0,Units,IX,Index,602,CCYY,A,Normal value,PU,Public
datastructure,WB.DATA360:DS_DATA360(1.2),I,A,Annual,BRN,Brunei Darussalam,ITU_GCI_CDS_SCORE,Capacity Development Score - CDS (ITU GCI),_T,Total,_T,All age ranges or no breakdown by age,_T,Total,0_TO_20,0-20 scale,_Z,Not Applicable,_Z,Not Applicable,_Z,Not Applicable,2024,10.772472059346786,MEAN,Mean,ITU_GCI,Global Cybersecurity Index,0,Units,IX,Index,602,CCYY,A,Normal value,PU,Public
datastructure,WB.DATA360:DS_DATA360(1.2),I,A,Annual,BGR,Bulgaria,ITU_GCI_CDS_SCORE,Capacity Development Score - CDS (ITU GCI),_T,Total,_T,All age ranges or no breakdown by age,_T,Total,0_TO_20,0-20 scale,_Z,Not Applicable,_Z,Not Applicable,_Z,Not Applicable,2024,11.69541315216005,MEAN,Mean,ITU_GCI,Global Cybersecurity Index,0,Units,IX,Index,602,CCYY,A,Normal value,PU,Public
datastructure,WB.DATA360:DS_DATA360(1.2),I,A,Annual,BFA,Burkina Faso,ITU_GCI_CDS_SCORE,Capacity Development Score - CDS (ITU GCI),_T,Total,_T,All age ranges or no breakdown by age,_T,Total,0_TO_20,0-20 scale,_Z,Not Applicable,_Z,Not Applicable,_Z,Not Applicable,2024,11.76291287113558,MEAN,Mean,ITU_GCI,Global Cybersecurity Index,0,Units,IX,Index,602,CCYY,A,Normal value,PU,Public
datastructure,WB.DATA360:DS_DATA360(1.2),I,A,Annual,BDI,Burundi,ITU_GCI_CDS_SCORE,Capacity Development Score - CDS (ITU GCI),_T,Total,_T,All age ranges or no breakdown by age,_T,Total,0_TO_20,0-20 scale,_Z,Not Applicable,_Z,Not Applicable,_Z,Not Applicable,2024,1.0277760665972946,MEAN,Mean,ITU_GCI,Global Cybersecurity Index,0,Units,IX,Index,602,CCYY,A,Normal value,PU,Public
datastructure,WB.DATA360:DS_DATA360(1.2),I,A,Annual,CPV,Cabo Verde,ITU_GCI_CDS_SCORE,Capacity Development Score - CDS (ITU GCI),_T,Total,_T,All age ranges or no breakdown by age,_T,Total,0_TO_20,0-20 scale,_Z,Not Applicable,_Z,Not Applicable,_Z,Not Applicable,2024,2.193520862005305,MEAN,Mean,ITU_GCI,Global Cybersecurity Index,0,Units,IX,Index,602,CCYY,A,Normal value,PU,Public
datastructure,WB.DATA360:DS_DATA360(1.2),I,A,Annual,KHM,Cambodia,ITU_GCI_CDS_SCORE,Capacity Development Score - CDS (ITU GCI),_T,Total,_T,All age ranges or no breakdown by age,_T,Total,0_TO_20,0-20 scale,_Z,Not Applicable,_Z,Not Applicable,_Z,Not Applicable,2024,6.192148579101072,MEAN,Mean,ITU_GCI,Global Cybersecurity Index,0,Units,IX,Index,602,CCYY,A,Normal value,PU,Public
datastructure,WB.DATA360:DS_DATA360(1.2),I,A,Annual,CMR,Cameroon,ITU_GCI_CDS_SCORE,Capacity Development Score - CDS (ITU GCI),_T,Total,_T,All age ranges or no breakdown by age,_T,Total,0_TO_20,0-20 scale,_Z,Not Applicable,_Z,Not Applicable,_Z,Not Applicable,2024,14.253503632640731,MEAN,Mean,ITU_GCI,Global Cybersecurity Index,0,Units,IX,Index,602,CCYY,A,Normal value,PU,Public
datastructure,WB.DATA360:DS_DATA360(1.2),I,A,Annual,CAN,Canada,ITU_GCI_CDS_SCORE,Capacity Development Score - CDS (ITU GCI),_T,Total,_T,All age ranges or no breakdown by age,_T,Total,0_TO_20,0-20 scale,_Z,Not Applicable,_Z,Not Applicable,_Z,Not Applicable,2024,18.97863059313216,MEAN,Mean,ITU_GCI,Global Cybersecurity Index,0,Units,IX,Index,602,CCYY,A,Normal value,PU,Public
datastructure,WB.DATA360:DS_DATA360(1.2),I,A,Annual,CAF,Central African Republic,ITU_GCI_CDS_SCORE,Capacity Development Score - CDS (ITU GCI),_T,Total,_T,All age ranges or no breakdown by age,_T,Total,0_TO_20,0-20 scale,_Z,Not Applicable,_Z,Not Applicable,_Z,Not Applicable,2024,0.0,MEAN,Mean,ITU_GCI,Global Cybersecurity Index,0,Units,IX,Index,602,CCYY,A,Normal value,PU,Public
datastructure,WB.DATA360:DS_DATA360(1.2),I,A,Annual,TCD,Chad,ITU_GCI_CDS_SCORE,Capacity Development Score - CDS (ITU GCI),_T,Total,_T,All age ranges or no breakdown by age,_T,Total,0_TO_20,0-20 scale,_Z,Not Applicable,_Z,Not Applicable,_Z,Not Applicable,2024,6.945458322312109,MEAN,Mean,ITU_GCI,Global Cybersecurity Index,0,Units,IX,Index,602,CCYY,A,Normal value,PU,Public
datastructure,WB.DATA360:DS_DATA360(1.2),I,A,Annual,CHL,Chile,ITU_GCI_CDS_SCORE,Capacity Development Score - CDS (ITU GCI),_T,Total,_T,All age ranges or no breakdown by age,_T,Total,0_TO_20,0-20 scale,_Z,Not Applicable,_Z,Not Applicable,_Z,Not Applicable,2024,11.525108633345644,MEAN,Mean,ITU_GCI,Global Cybersecurity Index,0,Units,IX,Index,602,CCYY,A,Normal value,PU,Public
datastructure,WB.DATA360:DS_DATA360(1.2),I,A,Annual,CHN,China,ITU_GCI_CDS_SCORE,Capacity Development Score - CDS (ITU GCI),_T,Total,_T,All age ranges or no breakdown by age,_T,Total,0_TO_20,0-20 scale,_Z,Not Applicable,_Z,Not Applicable,_Z,Not Applicable,2024,18.54685587513008,MEAN,Mean,ITU_GCI,Global Cybersecurity Index,0,Units,IX,Index,602,CCYY,A,Normal value,PU,Public
datastructure,WB.DATA360:DS_DATA360(1.2),I,A,Annual,COL,Colombia,ITU_GCI_CDS_SCORE,Capacity Development Score - CDS (ITU GCI),_T,Total,_T,All age ranges or no breakdown by age,_T,Total,0_TO_20,0-20 scale,_Z,Not Applicable,_Z,Not Applicable,_Z,Not Applicable,2024,14.984642479138,MEAN,Mean,ITU_GCI,Global Cybersecurity Index,0,Units,IX,Index,602,CCYY,A,Normal value,PU,Public
datastructure,WB.DATA360:DS_DATA360(1.2),I,A,Annual,COM,Comoros,ITU_GCI_CDS_SCORE,Capacity Development Score - CDS (ITU GCI),_T,Total,_T,All age ranges or no breakdown by age,_T,Total,0_TO_20,0-20 scale,_Z,Not Applicable,_Z,Not Applicable,_Z,Not Applicable,2024,4.470783653586655,MEAN,Mean,ITU_GCI,Global Cybersecurity Index,0,Units,IX,Index,602,CCYY,A,Normal value,PU,Public
datastructure,WB.DATA360:DS_DATA360(1.2),I,A,Annual,COG,"Congo, Rep.",ITU_GCI_CDS_SCORE,Capacity Development Score - CDS (ITU GCI),_T,Total,_T,All age ranges or no breakdown by age,_T,Total,0_TO_20,0-20 scale,_Z,Not Applicable,_Z,Not Applicable,_Z,Not Applicable,2024,0.7183966701352758,MEAN,Mean,ITU_GCI,Global Cybersecurity Index,0,Units,IX,Index,602,CCYY,A,Normal value,PU,Public
datastructure,WB.DATA360:DS_DATA360(1.2),I,A,Annual,CRI,Costa Rica,ITU_GCI_CDS_SCORE,Capacity Development Score - CDS (ITU GCI),_T,Total,_T,All age ranges or no breakdown by age,_T,Total,0_TO_20,0-20 scale,_Z,Not Applicable,_Z,Not Applicable,_Z,Not Applicable,2024,12.151167048303185,MEAN,Mean,ITU_GCI,Global Cybersecurity Index,0,Units,IX,Index,602,CCYY,A,Normal value,PU,Public
datastructure,WB.DATA360:DS_DATA360(1.2),I,A,Annual,CIV,Cote d'Ivoire,ITU_GCI_CDS_SCORE,Capacity Development Score - CDS (ITU GCI),_T,Total,_T,All age ranges or no breakdown by age,_T,Total,0_TO_20,0-20 scale,_Z,Not Applicable,_Z,Not Applicable,_Z,Not Applicable,2024,11.260739699372294,MEAN,Mean,ITU_GCI,Global Cybersecurity Index,0,Units,IX,Index,602,CCYY,A,Normal value,PU,Public
datastructure,WB.DATA360:DS_DATA360(1.2),I,A,Annual,HRV,Croatia,ITU_GCI_CDS_SCORE,Capacity Development Score - CDS (ITU GCI),_T,Total,_T,All age ranges or no breakdown by age,_T,Total,0_TO_20,0-20 scale,_Z,Not Applicable,_Z,Not Applicable,_Z,Not Applicable,2024,16.733849364438928,MEAN,Mean,ITU_GCI,Global Cybersecurity Index,0,Units,IX,Index,602,CCYY,A,Normal value,PU,Public
datastructure,WB.DATA360:DS_DATA360(1.2),I,A,Annual,CUB,Cuba,ITU_GCI_CDS_SCORE,Capacity Development Score - CDS (ITU GCI),_T,Total,_T,All age ranges or no breakdown by age,_T,Total,0_TO_20,0-20 scale,_Z,Not Applicable,_Z,Not Applicable,_Z,Not Applicable,2024,16.97739189365916,MEAN,Mean,ITU_GCI,Global Cybersecurity Index,0,Units,IX,Index,602,CCYY,A,Normal value,PU,Public
datastructure,WB.DATA360:DS_DATA360(1.2),I,A,Annual,CYP,Cyprus,ITU_GCI_CDS_SCORE,Capacity Development Score - CDS (ITU GCI),_T,Total,_T,All age ranges or no breakdown by age,_T,Total,0_TO_20,0-20 scale,_Z,Not Applicable,_Z,Not Applicable,_Z,Not Applicable,2024,18.63479425544628,MEAN,Mean,ITU_GCI,Global Cybersecurity Index,0,Units,IX,Index,602,CCYY,A,Normal value,PU,Public
datastructure,WB.DATA360:DS_DATA360(1.2),I,A,Annual,CZE,Czechia,ITU_GCI_CDS_SCORE,Capacity Development Score - CDS (ITU GCI),_T,Total,_T,All age ranges or no breakdown by age,_T,Total,0_TO_20,0-20 scale,_Z,Not Applicable,_Z,Not Applicable,_Z,Not Applicable,2024,18.35703627860764,MEAN,Mean,ITU_GCI,Global Cybersecurity Index,0,Units,IX,Index,602,CCYY,A,Normal value,PU,Public
datastructure,WB.DATA360:DS_DATA360(1.2),I,A,Annual,PRK,"Korea, Dem. People's Rep.",ITU_GCI_CDS_SCORE,Capacity Development Score - CDS (ITU GCI),_T,Total,_T,All age ranges or no breakdown by age,_T,Total,0_TO_20,0-20 scale,_Z,Not Applicable,_Z,Not Applicable,_Z,Not Applicable,2024,1.924899063475548,MEAN,Mean,ITU_GCI,Global Cybersecurity Index,0,Units,IX,Index,602,CCYY,A,Normal value,PU,Public
datastructure,WB.DATA360:DS_DATA360(1.2),I,A,Annual,COD,"Congo, Dem. Rep.",ITU_GCI_CDS_SCORE,Capacity Development Score - CDS (ITU GCI),_T,Total,_T,All age ranges or no breakdown by age,_T,Total,0_TO_20,0-20 scale,_Z,Not Applicable,_Z,Not Applicable,_Z,Not Applicable,2024,9.066332749622372,MEAN,Mean,ITU_GCI,Global Cybersecurity Index,0,Units,IX,Index,602,CCYY,A,Normal value,PU,Public
datastructure,WB.DATA360:DS_DATA360(1.2),I,A,Annual,DNK,Denmark,ITU_GCI_CDS_SCORE,Capacity Development Score - CDS (ITU GCI),_T,Total,_T,All age ranges or no breakdown by age,_T,Total,0_TO_20,0-20 scale,_Z,Not Applicable,_Z,Not Applicable,_Z,Not Applicable,2024,20.0,MEAN,Mean,ITU_GCI,Global Cybersecurity Index,0,Units,IX,Index,602,CCYY,A,Normal value,PU,Public
datastructure,WB.DATA360:DS_DATA360(1.2),I,A,Annual,DJI,Djibouti,ITU_GCI_CDS_SCORE,Capacity Development Score - CDS (ITU GCI),_T,Total,_T,All age ranges or no breakdown by age,_T,Total,0_TO_20,0-20 scale,_Z,Not Applicable,_Z,Not Applicable,_Z,Not Applicable,2024,1.6714572320499488,MEAN,Mean,ITU_GCI,Global Cybersecurity Index,0,Units,IX,Index,602,CCYY,A,Normal value,PU,Public
datastructure,WB.DATA360:DS_DATA360(1.2),I,A,Annual,DMA,Dominica,ITU_GCI_CDS_SCORE,Capacity Development Score - CDS (ITU GCI),_T,Total,_T,All age ranges or no breakdown by age,_T,Total,0_TO_20,0-20 scale,_Z,Not Applicable,_Z,Not Applicable,_Z,Not Applicable,2024,8.17702169863382,MEAN,Mean,ITU_GCI,Global Cybersecurity Index,0,Units,IX,Index,602,CCYY,A,Normal value,PU,Public
datastructure,WB.DATA360:DS_DATA360(1.2),I,A,Annual,DOM,Dominican Republic,ITU_GCI_CDS_SCORE,Capacity Development Score - CDS (ITU GCI),_T,Total,_T,All age ranges or no breakdown by age,_T,Total,0_TO_20,0-20 scale,_Z,Not Applicable,_Z,Not Applicable,_Z,Not Applicable,2024,10.796594232620592,MEAN,Mean,ITU_GCI,Global Cybersecurity Index,0,Units,IX,Index,602,CCYY,A,Normal value,PU,Public
datastructure,WB.DATA360:DS_DATA360(1.2),I,A,Annual,ECU,Ecuador,ITU_GCI_CDS_SCORE,Capacity Development Score - CDS (ITU GCI),_T,Total,_T,All age ranges or no breakdown by age,_T,Total,0_TO_20,0-20 scale,_Z,Not Applicable,_Z,Not Applicable,_Z,Not Applicable,2024,13.704083573159682,MEAN,Mean,ITU_GCI,Global Cybersecurity Index,0,Units,IX,Index,602,CCYY,A,Normal value,PU,Public
datastructure,WB.DATA360:DS_DATA360(1.2),I,A,Annual,EGY,"Egypt, Arab Rep.",ITU_GCI_CDS_SCORE,Capacity Development Score - CDS (ITU GCI),_T,Total,_T,All age ranges or no breakdown by age,_T,Total,0_TO_20,0-20 scale,_Z,Not Applicable,_Z,Not Applicable,_Z,Not Applicable,2024,20.0,MEAN,Mean,ITU_GCI,Global Cybersecurity Index,0,Units,IX,Index,602,CCYY,A,Normal value,PU,Public
datastructure,WB.DATA360:DS_DATA360(1.2),I,A,Annual,SLV,El Salvador,ITU_GCI_CDS_SCORE,Capacity Development Score - CDS (ITU GCI),_T,Total,_T,All age ranges or no breakdown by age,_T,Total,0_TO_20,0-20 scale,_Z,Not Applicable,_Z,Not Applicable,_Z,Not Applicable,2024,1.015076036655366,MEAN,Mean,ITU_GCI,Global Cybersecurity Index,0,Units,IX,Index,602,CCYY,A,Normal value,PU,Public
datastructure,WB.DATA360:DS_DATA360(1.2),I,A,Annual,GNQ,Equatorial Guinea,ITU_GCI_CDS_SCORE,Capacity Development Score - CDS (ITU GCI),_T,Total,_T,All age ranges or no breakdown by age,_T,Total,0_TO_20,0-20 scale,_Z,Not Applicable,_Z,Not Applicable,_Z,Not Applicable,2024,2.1358318649256494,MEAN,Mean,ITU_GCI,Global Cybersecurity Index,0,Units,IX,Index,602,CCYY,A,Normal value,PU,Public
datastructure,WB.DATA360:DS_DATA360(1.2),I,A,Annual,ERI,Eritrea,ITU_GCI_CDS_SCORE,Capacity Development Score - CDS (ITU GCI),_T,Total,_T,All age ranges or no breakdown by age,_T,Total,0_TO_20,0-20 scale,_Z,Not Applicable,_Z,Not Applicable,_Z,Not Applicable,2024,0.0,MEAN,Mean,ITU_GCI,Global Cybersecurity Index,0,Units,IX,Index,602,CCYY,A,Normal value,PU,Public
datastructure,WB.DATA360:DS_DATA360(1.2),I,A,Annual,EST,Estonia,ITU_GCI_CDS_SCORE,Capacity Development Score - CDS (ITU GCI),_T,Total,_T,All age ranges or no breakdown by age,_T,Total,0_TO_20,0-20 scale,_Z,Not Applicable,_Z,Not Applicable,_Z,Not Applicable,2024,19.74051696149844,MEAN,Mean,ITU_GCI,Global Cybersecurity Index,0,Units,IX,Index,602,CCYY,A,Normal value,PU,Public
datastructure,WB.DATA360:DS_DATA360(1.2),I,A,Annual,SWZ,Eswatini,ITU_GCI_CDS_SCORE,Capacity Development Score - CDS (ITU GCI),_T,Total,_T,All age ranges or no breakdown by age,_T,Total,0_TO_20,0-20 scale,_Z,Not Applicable,_Z,Not Applicable,_Z,Not Applicable,2024,10.208989046624822,MEAN,Mean,ITU_GCI,Global Cybersecurity Index,0,Units,IX,Index,602,CCYY,A,Normal value,PU,Public
datastructure,WB.DATA360:DS_DATA360(1.2),I,A,Annual,ETH,Ethiopia,ITU_GCI_CDS_SCORE,Capacity Development Score - CDS (ITU GCI),_T,Total,_T,All age ranges or no breakdown by age,_T,Total,0_TO_20,0-20 scale,_Z,Not Applicable,_Z,Not Applicable,_Z,Not Applicable,2024,15.496356653217418,MEAN,Mean,ITU_GCI,Global Cybersecurity Index,0,Units,IX,Index,602,CCYY,A,Normal value,PU,Public
datastructure,WB.DATA360:DS_DATA360(1.2),I,A,Annual,FJI,Fiji,ITU_GCI_CDS_SCORE,Capacity Development Score - CDS (ITU GCI),_T,Total,_T,All age ranges or no breakdown by age,_T,Total,0_TO_20,0-20 scale,_Z,Not Applicable,_Z,Not Applicable,_Z,Not Applicable,2024,8.768948605417746,MEAN,Mean,ITU_GCI,Global Cybersecurity Index,0,Units,IX,Index,602,CCYY,A,Normal value,PU,Public
datastructure,WB.DATA360:DS_DATA360(1.2),I,A,Annual,FIN,Finland,ITU_GCI_CDS_SCORE,Capacity Development Score - CDS (ITU GCI),_T,Total,_T,All age ranges or no breakdown by age,_T,Total,0_TO_20,0-20 scale,_Z,Not Applicable,_Z,Not Applicable,_Z,Not Applicable,2024,20.0,MEAN,Mean,ITU_GCI,Global Cybersecurity Index,0,Units,IX,Index,602,CCYY,A,Normal value,PU,Public
datastructure,WB.DATA360:DS_DATA360(1.2),I,A,Annual,FRA,France,ITU_GCI_CDS_SCORE,Capacity Development Score - CDS (ITU GCI),_T,Total,_T,All age ranges or no breakdown by age,_T,Total,0_TO_20,0-20 scale,_Z,Not Applicable,_Z,Not Applicable,_Z,Not Applicable,2024,20.0,MEAN,Mean,ITU_GCI,Global Cybersecurity Index,0,Units,IX,Index,602,CCYY,A,Normal value,PU,Public
datastructure,WB.DATA360:DS_DATA360(1.2),I,A,Annual,GAB,Gabon,ITU_GCI_CDS_SCORE,Capacity Development Score - CDS (ITU GCI),_T,Total,_T,All age ranges or no breakdown by age,_T,Total,0_TO_20,0-20 scale,_Z,Not Applicable,_Z,Not Applicable,_Z,Not Applicable,2024,4.883487349065154,MEAN,Mean,ITU_GCI,Global Cybersecurity Index,0,Units,IX,Index,602,CCYY,A,Normal value,PU,Public
datastructure,WB.DATA360:DS_DATA360(1.2),I,A,Annual,GMB,"Gambia, The",ITU_GCI_CDS_SCORE,Capacity Development Score - CDS (ITU GCI),_T,Total,_T,All age ranges or no breakdown by age,_T,Total,0_TO_20,0-20 scale,_Z,Not Applicable,_Z,Not Applicable,_Z,Not Applicable,2024,8.700792605552014,MEAN,Mean,ITU_GCI,Global Cybersecurity Index,0,Units,IX,Index,602,CCYY,A,Normal value,PU,Public
datastructure,WB.DATA360:DS_DATA360(1.2),I,A,Annual,GEO,Georgia,ITU_GCI_CDS_SCORE,Capacity Development Score - CDS (ITU GCI),_T,Total,_T,All age ranges or no breakdown by age,_T,Total,0_TO_20,0-20 scale,_Z,Not Applicable,_Z,Not Applicable,_Z,Not Applicable,2024,16.477799277902726,MEAN,Mean,ITU_GCI,Global Cybersecurity Index,0,Units,IX,Index,602,CCYY,A,Normal value,PU,Public
datastructure,WB.DATA360:DS_DATA360(1.2),I,A,Annual,DEU,Germany,ITU_GCI_CDS_SCORE,Capacity Development Score - CDS (ITU GCI),_T,Total,_T,All age ranges or no breakdown by age,_T,Total,0_TO_20,0-20 scale,_Z,Not Applicable,_Z,Not Applicable,_Z,Not Applicable,2024,19.92299508442147,MEAN,Mean,ITU_GCI,Global Cybersecurity Index,0,Units,IX,Index,602,CCYY,A,Normal value,PU,Public
datastructure,WB.DATA360:DS_DATA360(1.2),I,A,Annual,GHA,Ghana,ITU_GCI_CDS_SCORE,Capacity Development Score - CDS (ITU GCI),_T,Total,_T,All age ranges or no breakdown by age,_T,Total,0_TO_20,0-20 scale,_Z,Not Applicable,_Z,Not Applicable,_Z,Not Applicable,2024,19.272152341311138,MEAN,Mean,ITU_GCI,Global Cybersecurity Index,0,Units,IX,Index,602,CCYY,A,Normal value,PU,Public
datastructure,WB.DATA360:DS_DATA360(1.2),I,A,Annual,GRC,Greece,ITU_GCI_CDS_SCORE,Capacity Development Score - CDS (ITU GCI),_T,Total,_T,All age ranges or no breakdown by age,_T,Total,0_TO_20,0-20 scale,_Z,Not Applicable,_Z,Not Applicable,_Z,Not Applicable,2024,17.972595865328458,MEAN,Mean,ITU_GCI,Global Cybersecurity Index,0,Units,IX,Index,602,CCYY,A,Normal value,PU,Public
datastructure,WB.DATA360:DS_DATA360(1.2),I,A,Annual,GRD,Grenada,ITU_GCI_CDS_SCORE,Capacity Development Score - CDS (ITU GCI),_T,Total,_T,All age ranges or no breakdown by age,_T,Total,0_TO_20,0-20 scale,_Z,Not Applicable,_Z,Not Applicable,_Z,Not Applicable,2024,2.366799113826324,MEAN,Mean,ITU_GCI,Global Cybersecurity Index,0,Units,IX,Index,602,CCYY,A,Normal value,PU,Public
datastructure,WB.DATA360:DS_DATA360(1.2),I,A,Annual,GTM,Guatemala,ITU_GCI_CDS_SCORE,Capacity Development Score - CDS (ITU GCI),_T,Total,_T,All age ranges or no breakdown by age,_T,Total,0_TO_20,0-20 scale,_Z,Not Applicable,_Z,Not Applicable,_Z,Not Applicable,2024,8.671321164647043,MEAN,Mean,ITU_GCI,Global Cybersecurity Index,0,Units,IX,Index,602,CCYY,A,Normal value,PU,Public
datastructure,WB.DATA360:DS_DATA360(1.2),I,A,Annual,GIN,Guinea,ITU_GCI_CDS_SCORE,Capacity Development Score - CDS (ITU GCI),_T,Total,_T,All age ranges or no breakdown by age,_T,Total,0_TO_20,0-20 scale,_Z,Not Applicable,_Z,Not Applicable,_Z,Not Applicable,2024,9.899011313752478,MEAN,Mean,ITU_GCI,Global Cybersecurity Index,0,Units,IX,Index,602,CCYY,A,Normal value,PU,Public
datastructure,WB.DATA360:DS_DATA360(1.2),I,A,Annual,GNB,Guinea-Bissau,ITU_GCI_CDS_SCORE,Capacity Development Score - CDS (ITU GCI),_T,Total,_T,All age ranges or no breakdown by age,_T,Total,0_TO_20,0-20 scale,_Z,Not Applicable,_Z,Not Applicable,_Z,Not Applicable,2024,0.0,MEAN,Mean,ITU_GCI,Global Cybersecurity Index,0,Units,IX,Index,602,CCYY,A,Normal value,PU,Public
datastructure,WB.DATA360:DS_DATA360(1.2),I,A,Annual,GUY,Guyana,ITU_GCI_CDS_SCORE,Capacity Development Score - CDS (ITU GCI),_T,Total,_T,All age ranges or no breakdown by age,_T,Total,0_TO_20,0-20 scale,_Z,Not Applicable,_Z,Not Applicable,_Z,Not Applicable,2024,8.50693261347387,MEAN,Mean,ITU_GCI,Global Cybersecurity Index,0,Units,IX,Index,602,CCYY,A,Normal value,PU,Public
datastructure,WB.DATA360:DS_DATA360(1.2),I,A,Annual,HTI,Haiti,ITU_GCI_CDS_SCORE,Capacity Development Score - CDS (ITU GCI),_T,Total,_T,All age ranges or no breakdown by age,_T,Total,0_TO_20,0-20 scale,_Z,Not Applicable,_Z,Not Applicable,_Z,Not Applicable,2024,1.8030099861031847,MEAN,Mean,ITU_GCI,Global Cybersecurity Index,0,Units,IX,Index,602,CCYY,A,Normal value,PU,Public
datastructure,WB.DATA360:DS_DATA360(1.2),I,A,Annual,HND,Honduras,ITU_GCI_CDS_SCORE,Capacity Development Score - CDS (ITU GCI),_T,Total,_T,All age ranges or no breakdown by age,_T,Total,0_TO_20,0-20 scale,_Z,Not Applicable,_Z,Not Applicable,_Z,Not Applicable,2024,1.3843804370447446,MEAN,Mean,ITU_GCI,Global Cybersecurity Index,0,Units,IX,Index,602,CCYY,A,Normal value,PU,Public
datastructure,WB.DATA360:DS_DATA360(1.2),I,A,Annual,HUN,Hungary,ITU_GCI_CDS_SCORE,Capacity Development Score - CDS (ITU GCI),_T,Total,_T,All age ranges or no breakdown by age,_T,Total,0_TO_20,0-20 scale,_Z,Not Applicable,_Z,Not Applicable,_Z,Not Applicable,2024,12.56489329260515,MEAN,Mean,ITU_GCI,Global Cybersecurity Index,0,Units,IX,Index,602,CCYY,A,Normal value,PU,Public
datastructure,WB.DATA360:DS_DATA360(1.2),I,A,Annual,ISL,Iceland,ITU_GCI_CDS_SCORE,Capacity Development Score - CDS (ITU GCI),_T,Total,_T,All age ranges or no breakdown by age,_T,Total,0_TO_20,0-20 scale,_Z,Not Applicable,_Z,Not Applicable,_Z,Not Applicable,2024,19.45757003121748,MEAN,Mean,ITU_GCI,Global Cybersecurity Index,0,Units,IX,Index,602,CCYY,A,Normal value,PU,Public
datastructure,WB.DATA360:DS_DATA360(1.2),I,A,Annual,IND,India,ITU_GCI_CDS_SCORE,Capacity Development Score - CDS (ITU GCI),_T,Total,_T,All age ranges or no breakdown by age,_T,Total,0_TO_20,0-20 scale,_Z,Not Applicable,_Z,Not Applicable,_Z,Not Applicable,2024,20.0,MEAN,Mean,ITU_GCI,Global Cybersecurity Index,0,Units,IX,Index,602,CCYY,A,Normal value,PU,Public
datastructure,WB.DATA360:DS_DATA360(1.2),I,A,Annual,IDN,Indonesia,ITU_GCI_CDS_SCORE,Capacity Development Score - CDS (ITU GCI),_T,Total,_T,All age ranges or no breakdown by age,_T,Total,0_TO_20,0-20 scale,_Z,Not Applicable,_Z,Not Applicable,_Z,Not Applicable,2024,20.0,MEAN,Mean,ITU_GCI,Global Cybersecurity Index,0,Units,IX,Index,602,CCYY,A,Normal value,PU,Public
datastructure,WB.DATA360:DS_DATA360(1.2),I,A,Annual,IRN,"Iran, Islamic Rep.",ITU_GCI_CDS_SCORE,Capacity Development Score - CDS (ITU GCI),_T,Total,_T,All age ranges or no breakdown by age,_T,Total,0_TO_20,0-20 scale,_Z,Not Applicable,_Z,Not Applicable,_Z,Not Applicable,2024,10.270216024973989,MEAN,Mean,ITU_GCI,Global Cybersecurity Index,0,Units,IX,Index,602,CCYY,A,Normal value,PU,Public
datastructure,WB.DATA360:DS_DATA360(1.2),I,A,Annual,IRQ,Iraq,ITU_GCI_CDS_SCORE,Capacity Development Score - CDS (ITU GCI),_T,Total,_T,All age ranges or no breakdown by age,_T,Total,0_TO_20,0-20 scale,_Z,Not Applicable,_Z,Not Applicable,_Z,Not Applicable,2024,8.382456037863786,MEAN,Mean,ITU_GCI,Global Cybersecurity Index,0,Units,IX,Index,602,CCYY,A,Normal value,PU,Public
datastructure,WB.DATA360:DS_DATA360(1.2),I,A,Annual,IRL,Ireland,ITU_GCI_CDS_SCORE,Capacity Development Score - CDS (ITU GCI),_T,Total,_T,All age ranges or no breakdown by age,_T,Total,0_TO_20,0-20 scale,_Z,Not Applicable,_Z,Not Applicable,_Z,Not Applicable,2024,17.70195486744319,MEAN,Mean,ITU_GCI,Global Cybersecurity Index,0,Units,IX,Index,602,CCYY,A,Normal value,PU,Public
datastructure,WB.DATA360:DS_DATA360(1.2),I,A,Annual,ISR,Israel,ITU_GCI_CDS_SCORE,Capacity Development Score - CDS (ITU GCI),_T,Total,_T,All age ranges or no breakdown by age,_T,Total,0_TO_20,0-20 scale,_Z,Not Applicable,_Z,Not Applicable,_Z,Not Applicable,2024,18.278577088650938,MEAN,Mean,ITU_GCI,Global Cybersecurity Index,0,Units,IX,Index,602,CCYY,A,Normal value,PU,Public
datastructure,WB.DATA360:DS_DATA360(1.2),I,A,Annual,ITA,Italy,ITU_GCI_CDS_SCORE,Capacity Development Score - CDS (ITU GCI),_T,Total,_T,All age ranges or no breakdown by age,_T,Total,0_TO_20,0-20 scale,_Z,Not Applicable,_Z,Not Applicable,_Z,Not Applicable,2024,20.0,MEAN,Mean,ITU_GCI,Global Cybersecurity Index,0,Units,IX,Index,602,CCYY,A,Normal value,PU,Public
datastructure,WB.DATA360:DS_DATA360(1.2),I,A,Annual,JAM,Jamaica,ITU_GCI_CDS_SCORE,Capacity Development Score - CDS (ITU GCI),_T,Total,_T,All age ranges or no breakdown by age,_T,Total,0_TO_20,0-20 scale,_Z,Not Applicable,_Z,Not Applicable,_Z,Not Applicable,2024,8.092928168641539,MEAN,Mean,ITU_GCI,Global Cybersecurity Index,0,Units,IX,Index,602,CCYY,A,Normal value,PU,Public
datastructure,WB.DATA360:DS_DATA360(1.2),I,A,Annual,JPN,Japan,ITU_GCI_CDS_SCORE,Capacity Development Score - CDS (ITU GCI),_T,Total,_T,All age ranges or no breakdown by age,_T,Total,0_TO_20,0-20 scale,_Z,Not Applicable,_Z,Not Applicable,_Z,Not Applicable,2024,19.06384656842671,MEAN,Mean,ITU_GCI,Global Cybersecurity Index,0,Units,IX,Index,602,CCYY,A,Normal value,PU,Public
datastructure,WB.DATA360:DS_DATA360(1.2),I,A,Annual,JOR,Jordan,ITU_GCI_CDS_SCORE,Capacity Development Score - CDS (ITU GCI),_T,Total,_T,All age ranges or no breakdown by age,_T,Total,0_TO_20,0-20 scale,_Z,Not Applicable,_Z,Not Applicable,_Z,Not Applicable,2024,20.0,MEAN,Mean,ITU_GCI,Global Cybersecurity Index,0,Units,IX,Index,602,CCYY,A,Normal value,PU,Public
datastructure,WB.DATA360:DS_DATA360(1.2),I,A,Annual,KAZ,Kazakhstan,ITU_GCI_CDS_SCORE,Capacity Development Score - CDS (ITU GCI),_T,Total,_T,All age ranges or no breakdown by age,_T,Total,0_TO_20,0-20 scale,_Z,Not Applicable,_Z,Not Applicable,_Z,Not Applicable,2024,16.37159031922393,MEAN,Mean,ITU_GCI,Global Cybersecurity Index,0,Units,IX,Index,602,CCYY,A,Normal value,PU,Public
datastructure,WB.DATA360:DS_DATA360(1.2),I,A,Annual,KEN,Kenya,ITU_GCI_CDS_SCORE,Capacity Development Score - CDS (ITU GCI),_T,Total,_T,All age ranges or no breakdown by age,_T,Total,0_TO_20,0-20 scale,_Z,Not Applicable,_Z,Not Applicable,_Z,Not Applicable,2024,20.0,MEAN,Mean,ITU_GCI,Global Cybersecurity Index,0,Units,IX,Index,602,CCYY,A,Normal value,PU,Public
datastructure,WB.DATA360:DS_DATA360(1.2),I,A,Annual,KIR,Kiribati,ITU_GCI_CDS_SCORE,Capacity Development Score - CDS (ITU GCI),_T,Total,_T,All age ranges or no breakdown by age,_T,Total,0_TO_20,0-20 scale,_Z,Not Applicable,_Z,Not Applicable,_Z,Not Applicable,2024,2.409303899835521,MEAN,Mean,ITU_GCI,Global Cybersecurity Index,0,Units,IX,Index,602,CCYY,A,Normal value,PU,Public
datastructure,WB.DATA360:DS_DATA360(1.2),I,A,Annual,KWT,Kuwait,ITU_GCI_CDS_SCORE,Capacity Development Score - CDS (ITU GCI),_T,Total,_T,All age ranges or no breakdown by age,_T,Total,0_TO_20,0-20 scale,_Z,Not Applicable,_Z,Not Applicable,_Z,Not Applicable,2024,12.31527775073009,MEAN,Mean,ITU_GCI,Global Cybersecurity Index,0,Units,IX,Index,602,CCYY,A,Normal value,PU,Public
datastructure,WB.DATA360:DS_DATA360(1.2),I,A,Annual,KGZ,Kyrgyz Republic,ITU_GCI_CDS_SCORE,Capacity Development Score - CDS (ITU GCI),_T,Total,_T,All age ranges or no breakdown by age,_T,Total,0_TO_20,0-20 scale,_Z,Not Applicable,_Z,Not Applicable,_Z,Not Applicable,2024,5.537793857205198,MEAN,Mean,ITU_GCI,Global Cybersecurity Index,0,Units,IX,Index,602,CCYY,A,Normal value,PU,Public
datastructure,WB.DATA360:DS_DATA360(1.2),I,A,Annual,LAO,Lao PDR,ITU_GCI_CDS_SCORE,Capacity Development Score - CDS (ITU GCI),_T,Total,_T,All age ranges or no breakdown by age,_T,Total,0_TO_20,0-20 scale,_Z,Not Applicable,_Z,Not Applicable,_Z,Not Applicable,2024,2.048955254942768,MEAN,Mean,ITU_GCI,Global Cybersecurity Index,0,Units,IX,Index,602,CCYY,A,Normal value,PU,Public
datastructure,WB.DATA360:DS_DATA360(1.2),I,A,Annual,LVA,Latvia,ITU_GCI_CDS_SCORE,Capacity Development Score - CDS (ITU GCI),_T,Total,_T,All age ranges or no breakdown by age,_T,Total,0_TO_20,0-20 scale,_Z,Not Applicable,_Z,Not Applicable,_Z,Not Applicable,2024,14.11385442583331,MEAN,Mean,ITU_GCI,Global Cybersecurity Index,0,Units,IX,Index,602,CCYY,A,Normal value,PU,Public
datastructure,WB.DATA360:DS_DATA360(1.2),I,A,Annual,LBN,Lebanon,ITU_GCI_CDS_SCORE,Capacity Development Score - CDS (ITU GCI),_T,Total,_T,All age ranges or no breakdown by age,_T,Total,0_TO_20,0-20 scale,_Z,Not Applicable,_Z,Not Applicable,_Z,Not Applicable,2024,5.0332233976704375,MEAN,Mean,ITU_GCI,Global Cybersecurity Index,0,Units,IX,Index,602,CCYY,A,Normal value,PU,Public
datastructure,WB.DATA360:DS_DATA360(1.2),I,A,Annual,LSO,Lesotho,ITU_GCI_CDS_SCORE,Capacity Development Score - CDS (ITU GCI),_T,Total,_T,All age ranges or no breakdown by age,_T,Total,0_TO_20,0-20 scale,_Z,Not Applicable,_Z,Not Applicable,_Z,Not Applicable,2024,5.273363579604579,MEAN,Mean,ITU_GCI,Global Cybersecurity Index,0,Units,IX,Index,602,CCYY,A,Normal value,PU,Public
datastructure,WB.DATA360:DS_DATA360(1.2),I,A,Annual,LBR,Liberia,ITU_GCI_CDS_SCORE,Capacity Development Score - CDS (ITU GCI),_T,Total,_T,All age ranges or no breakdown by age,_T,Total,0_TO_20,0-20 scale,_Z,Not Applicable,_Z,Not Applicable,_Z,Not Applicable,2024,1.5623871488704637,MEAN,Mean,ITU_GCI,Global Cybersecurity Index,0,Units,IX,Index,602,CCYY,A,Normal value,PU,Public
datastructure,WB.DATA360:DS_DATA360(1.2),I,A,Annual,LBY,Libya,ITU_GCI_CDS_SCORE,Capacity Development Score - CDS (ITU GCI),_T,Total,_T,All age ranges or no breakdown by age,_T,Total,0_TO_20,0-20 scale,_Z,Not Applicable,_Z,Not Applicable,_Z,Not Applicable,2024,15.745515300057065,MEAN,Mean,ITU_GCI,Global Cybersecurity Index,0,Units,IX,Index,602,CCYY,A,Normal value,PU,Public
datastructure,WB.DATA360:DS_DATA360(1.2),I,A,Annual,LIE,Liechtenstein,ITU_GCI_CDS_SCORE,Capacity Development Score - CDS (ITU GCI),_T,Total,_T,All age ranges or no breakdown by age,_T,Total,0_TO_20,0-20 scale,_Z,Not Applicable,_Z,Not Applicable,_Z,Not Applicable,2024,9.035277265751404,MEAN,Mean,ITU_GCI,Global Cybersecurity Index,0,Units,IX,Index,602,CCYY,A,Normal value,PU,Public
datastructure,WB.DATA360:DS_DATA360(1.2),I,A,Annual,LTU,Lithuania,ITU_GCI_CDS_SCORE,Capacity Development Score - CDS (ITU GCI),_T,Total,_T,All age ranges or no breakdown by age,_T,Total,0_TO_20,0-20 scale,_Z,Not Applicable,_Z,Not Applicable,_Z,Not Applicable,2024,18.646787749857346,MEAN,Mean,ITU_GCI,Global Cybersecurity Index,0,Units,IX,Index,602,CCYY,A,Normal value,PU,Public
datastructure,WB.DATA360:DS_DATA360(1.2),I,A,Annual,LUX,Luxembourg,ITU_GCI_CDS_SCORE,Capacity Development Score - CDS (ITU GCI),_T,Total,_T,All age ranges or no breakdown by age,_T,Total,0_TO_20,0-20 scale,_Z,Not Applicable,_Z,Not Applicable,_Z,Not Applicable,2024,19.74051696149844,MEAN,Mean,ITU_GCI,Global Cybersecurity Index,0,Units,IX,Index,602,CCYY,A,Normal value,PU,Public
datastructure,WB.DATA360:DS_DATA360(1.2),I,A,Annual,MDG,Madagascar,ITU_GCI_CDS_SCORE,Capacity Development Score - CDS (ITU GCI),_T,Total,_T,All age ranges or no breakdown by age,_T,Total,0_TO_20,0-20 scale,_Z,Not Applicable,_Z,Not Applicable,_Z,Not Applicable,2024,5.420866828773791,MEAN,Mean,ITU_GCI,Global Cybersecurity Index,0,Units,IX,Index,602,CCYY,A,Normal value,PU,Public
datastructure,WB.DATA360:DS_DATA360(1.2),I,A,Annual,MWI,Malawi,ITU_GCI_CDS_SCORE,Capacity Development Score - CDS (ITU GCI),_T,Total,_T,All age ranges or no breakdown by age,_T,Total,0_TO_20,0-20 scale,_Z,Not Applicable,_Z,Not Applicable,_Z,Not Applicable,2024,12.256703890973784,MEAN,Mean,ITU_GCI,Global Cybersecurity Index,0,Units,IX,Index,602,CCYY,A,Normal value,PU,Public
datastructure,WB.DATA360:DS_DATA360(1.2),I,A,Annual,MYS,Malaysia,ITU_GCI_CDS_SCORE,Capacity Development Score - CDS (ITU GCI),_T,Total,_T,All age ranges or no breakdown by age,_T,Total,0_TO_20,0-20 scale,_Z,Not Applicable,_Z,Not Applicable,_Z,Not Applicable,2024,20.0,MEAN,Mean,ITU_GCI,Global Cybersecurity Index,0,Units,IX,Index,602,CCYY,A,Normal value,PU,Public
datastructure,WB.DATA360:DS_DATA360(1.2),I,A,Annual,MDV,Maldives,ITU_GCI_CDS_SCORE,Capacity Development Score - CDS (ITU GCI),_T,Total,_T,All age ranges or no breakdown by age,_T,Total,0_TO_20,0-20 scale,_Z,Not Applicable,_Z,Not Applicable,_Z,Not Applicable,2024,3.161115504682623,MEAN,Mean,ITU_GCI,Global Cybersecurity Index,0,Units,IX,Index,602,CCYY,A,Normal value,PU,Public
datastructure,WB.DATA360:DS_DATA360(1.2),I,A,Annual,MLI,Mali,ITU_GCI_CDS_SCORE,Capacity Development Score - CDS (ITU GCI),_T,Total,_T,All age ranges or no breakdown by age,_T,Total,0_TO_20,0-20 scale,_Z,Not Applicable,_Z,Not Applicable,_Z,Not Applicable,2024,0.790871175858481,MEAN,Mean,ITU_GCI,Global Cybersecurity Index,0,Units,IX,Index,602,CCYY,A,Normal value,PU,Public
datastructure,WB.DATA360:DS_DATA360(1.2),I,A,Annual,MLT,Malta,ITU_GCI_CDS_SCORE,Capacity Development Score - CDS (ITU GCI),_T,Total,_T,All age ranges or no breakdown by age,_T,Total,0_TO_20,0-20 scale,_Z,Not Applicable,_Z,Not Applicable,_Z,Not Applicable,2024,16.991515125507707,MEAN,Mean,ITU_GCI,Global Cybersecurity Index,0,Units,IX,Index,602,CCYY,A,Normal value,PU,Public
datastructure,WB.DATA360:DS_DATA360(1.2),I,A,Annual,MHL,Marshall Islands,ITU_GCI_CDS_SCORE,Capacity Development Score - CDS (ITU GCI),_T,Total,_T,All age ranges or no breakdown by age,_T,Total,0_TO_20,0-20 scale,_Z,Not Applicable,_Z,Not Applicable,_Z,Not Applicable,2024,0.0770049155785304,MEAN,Mean,ITU_GCI,Global Cybersecurity Index,0,Units,IX,Index,602,CCYY,A,Normal value,PU,Public
datastructure,WB.DATA360:DS_DATA360(1.2),I,A,Annual,MRT,Mauritania,ITU_GCI_CDS_SCORE,Capacity Development Score - CDS (ITU GCI),_T,Total,_T,All age ranges or no breakdown by age,_T,Total,0_TO_20,0-20 scale,_Z,Not Applicable,_Z,Not Applicable,_Z,Not Applicable,2024,1.0876258064516129,MEAN,Mean,ITU_GCI,Global Cybersecurity Index,0,Units,IX,Index,602,CCYY,A,Normal value,PU,Public
datastructure,WB.DATA360:DS_DATA360(1.2),I,A,Annual,MUS,Mauritius,ITU_GCI_CDS_SCORE,Capacity Development Score - CDS (ITU GCI),_T,Total,_T,All age ranges or no breakdown by age,_T,Total,0_TO_20,0-20 scale,_Z,Not Applicable,_Z,Not Applicable,_Z,Not Applicable,2024,20.0,MEAN,Mean,ITU_GCI,Global Cybersecurity Index,0,Units,IX,Index,602,CCYY,A,Normal value,PU,Public
datastructure,WB.DATA360:DS_DATA360(1.2),I,A,Annual,MEX,Mexico,ITU_GCI_CDS_SCORE,Capacity Development Score - CDS (ITU GCI),_T,Total,_T,All age ranges or no breakdown by age,_T,Total,0_TO_20,0-20 scale,_Z,Not Applicable,_Z,Not Applicable,_Z,Not Applicable,2024,17.042530517807396,MEAN,Mean,ITU_GCI,Global Cybersecurity Index,0,Units,IX,Index,602,CCYY,A,Normal value,PU,Public
datastructure,WB.DATA360:DS_DATA360(1.2),I,A,Annual,FSM,"Micronesia, Fed. Sts.",ITU_GCI_CDS_SCORE,Capacity Development Score - CDS (ITU GCI),_T,Total,_T,All age ranges or no breakdown by age,_T,Total,0_TO_20,0-20 scale,_Z,Not Applicable,_Z,Not Applicable,_Z,Not Applicable,2024,0.0770049155785304,MEAN,Mean,ITU_GCI,Global Cybersecurity Index,0,Units,IX,Index,602,CCYY,A,Normal value,PU,Public
datastructure,WB.DATA360:DS_DATA360(1.2),I,A,Annual,MDA,Moldova,ITU_GCI_CDS_SCORE,Capacity Development Score - CDS (ITU GCI),_T,Total,_T,All age ranges or no breakdown by age,_T,Total,0_TO_20,0-20 scale,_Z,Not Applicable,_Z,Not Applicable,_Z,Not Applicable,2024,8.191173892786415,MEAN,Mean,ITU_GCI,Global Cybersecurity Index,0,Units,IX,Index,602,CCYY,A,Normal value,PU,Public
datastructure,WB.DATA360:DS_DATA360(1.2),I,A,Annual,MCO,Monaco,ITU_GCI_CDS_SCORE,Capacity Development Score - CDS (ITU GCI),_T,Total,_T,All age ranges or no breakdown by age,_T,Total,0_TO_20,0-20 scale,_Z,Not Applicable,_Z,Not Applicable,_Z,Not Applicable,2024,13.695850068007118,MEAN,Mean,ITU_GCI,Global Cybersecurity Index,0,Units,IX,Index,602,CCYY,A,Normal value,PU,Public
datastructure,WB.DATA360:DS_DATA360(1.2),I,A,Annual,MNG,Mongolia,ITU_GCI_CDS_SCORE,Capacity Development Score - CDS (ITU GCI),_T,Total,_T,All age ranges or no breakdown by age,_T,Total,0_TO_20,0-20 scale,_Z,Not Applicable,_Z,Not Applicable,_Z,Not Applicable,2024,10.438484699942936,MEAN,Mean,ITU_GCI,Global Cybersecurity Index,0,Units,IX,Index,602,CCYY,A,Normal value,PU,Public
datastructure,WB.DATA360:DS_DATA360(1.2),I,A,Annual,MNE,Montenegro,ITU_GCI_CDS_SCORE,Capacity Development Score - CDS (ITU GCI),_T,Total,_T,All age ranges or no breakdown by age,_T,Total,0_TO_20,0-20 scale,_Z,Not Applicable,_Z,Not Applicable,_Z,Not Applicable,2024,5.277643924675237,MEAN,Mean,ITU_GCI,Global Cybersecurity Index,0,Units,IX,Index,602,CCYY,A,Normal value,PU,Public
datastructure,WB.DATA360:DS_DATA360(1.2),I,A,Annual,MAR,Morocco,ITU_GCI_CDS_SCORE,Capacity Development Score - CDS (ITU GCI),_T,Total,_T,All age ranges or no breakdown by age,_T,Total,0_TO_20,0-20 scale,_Z,Not Applicable,_Z,Not Applicable,_Z,Not Applicable,2024,19.37613652445369,MEAN,Mean,ITU_GCI,Global Cybersecurity Index,0,Units,IX,Index,602,CCYY,A,Normal value,PU,Public
datastructure,WB.DATA360:DS_DATA360(1.2),I,A,Annual,MOZ,Mozambique,ITU_GCI_CDS_SCORE,Capacity Development Score - CDS (ITU GCI),_T,Total,_T,All age ranges or no breakdown by age,_T,Total,0_TO_20,0-20 scale,_Z,Not Applicable,_Z,Not Applicable,_Z,Not Applicable,2024,7.932531734282167,MEAN,Mean,ITU_GCI,Global Cybersecurity Index,0,Units,IX,Index,602,CCYY,A,Normal value,PU,Public
datastructure,WB.DATA360:DS_DATA360(1.2),I,A,Annual,MMR,Myanmar,ITU_GCI_CDS_SCORE,Capacity Development Score - CDS (ITU GCI),_T,Total,_T,All age ranges or no breakdown by age,_T,Total,0_TO_20,0-20 scale,_Z,Not Applicable,_Z,Not Applicable,_Z,Not Applicable,2024,14.273575066832269,MEAN,Mean,ITU_GCI,Global Cybersecurity Index,0,Units,IX,Index,602,CCYY,A,Normal value,PU,Public
datastructure,WB.DATA360:DS_DATA360(1.2),I,A,Annual,NAM,Namibia,ITU_GCI_CDS_SCORE,Capacity Development Score - CDS (ITU GCI),_T,Total,_T,All age ranges or no breakdown by age,_T,Total,0_TO_20,0-20 scale,_Z,Not Applicable,_Z,Not Applicable,_Z,Not Applicable,2024,4.569186264308015,MEAN,Mean,ITU_GCI,Global Cybersecurity Index,0,Units,IX,Index,602,CCYY,A,Normal value,PU,Public
datastructure,WB.DATA360:DS_DATA360(1.2),I,A,Annual,NRU,Nauru,ITU_GCI_CDS_SCORE,Capacity Development Score - CDS (ITU GCI),_T,Total,_T,All age ranges or no breakdown by age,_T,Total,0_TO_20,0-20 scale,_Z,Not Applicable,_Z,Not Applicable,_Z,Not Applicable,2024,2.937547343023061,MEAN,Mean,ITU_GCI,Global Cybersecurity Index,0,Units,IX,Index,602,CCYY,A,Normal value,PU,Public
datastructure,WB.DATA360:DS_DATA360(1.2),I,A,Annual,NPL,Nepal,ITU_GCI_CDS_SCORE,Capacity Development Score - CDS (ITU GCI),_T,Total,_T,All age ranges or no breakdown by age,_T,Total,0_TO_20,0-20 scale,_Z,Not Applicable,_Z,Not Applicable,_Z,Not Applicable,2024,13.089326272229869,MEAN,Mean,ITU_GCI,Global Cybersecurity Index,0,Units,IX,Index,602,CCYY,A,Normal value,PU,Public
datastructure,WB.DATA360:DS_DATA360(1.2),I,A,Annual,NLD,Netherlands,ITU_GCI_CDS_SCORE,Capacity Development Score - CDS (ITU GCI),_T,Total,_T,All age ranges or no breakdown by age,_T,Total,0_TO_20,0-20 scale,_Z,Not Applicable,_Z,Not Applicable,_Z,Not Applicable,2024,19.217588345473462,MEAN,Mean,ITU_GCI,Global Cybersecurity Index,0,Units,IX,Index,602,CCYY,A,Normal value,PU,Public
datastructure,WB.DATA360:DS_DATA360(1.2),I,A,Annual,NZL,New Zealand,ITU_GCI_CDS_SCORE,Capacity Development Score - CDS (ITU GCI),_T,Total,_T,All age ranges or no breakdown by age,_T,Total,0_TO_20,0-20 scale,_Z,Not Applicable,_Z,Not Applicable,_Z,Not Applicable,2024,16.1331145680239,MEAN,Mean,ITU_GCI,Global Cybersecurity Index,0,Units,IX,Index,602,CCYY,A,Normal value,PU,Public
datastructure,WB.DATA360:DS_DATA360(1.2),I,A,Annual,NIC,Nicaragua,ITU_GCI_CDS_SCORE,Capacity Development Score - CDS (ITU GCI),_T,Total,_T,All age ranges or no breakdown by age,_T,Total,0_TO_20,0-20 scale,_Z,Not Applicable,_Z,Not Applicable,_Z,Not Applicable,2024,0.0,MEAN,Mean,ITU_GCI,Global Cybersecurity Index,0,Units,IX,Index,602,CCYY,A,Normal value,PU,Public
datastructure,WB.DATA360:DS_DATA360(1.2),I,A,Annual,NER,Niger,ITU_GCI_CDS_SCORE,Capacity Development Score - CDS (ITU GCI),_T,Total,_T,All age ranges or no breakdown by age,_T,Total,0_TO_20,0-20 scale,_Z,Not Applicable,_Z,Not Applicable,_Z,Not Applicable,2024,3.981033812896513,MEAN,Mean,ITU_GCI,Global Cybersecurity Index,0,Units,IX,Index,602,CCYY,A,Normal value,PU,Public
datastructure,WB.DATA360:DS_DATA360(1.2),I,A,Annual,NGA,Nigeria,ITU_GCI_CDS_SCORE,Capacity Development Score - CDS (ITU GCI),_T,Total,_T,All age ranges or no breakdown by age,_T,Total,0_TO_20,0-20 scale,_Z,Not Applicable,_Z,Not Applicable,_Z,Not Applicable,2024,13.14443999919439,MEAN,Mean,ITU_GCI,Global Cybersecurity Index,0,Units,IX,Index,602,CCYY,A,Normal value,PU,Public
datastructure,WB.DATA360:DS_DATA360(1.2),I,A,Annual,NOR,Norway,ITU_GCI_CDS_SCORE,Capacity Development Score - CDS (ITU GCI),_T,Total,_T,All age ranges or no breakdown by age,_T,Total,0_TO_20,0-20 scale,_Z,Not Applicable,_Z,Not Applicable,_Z,Not Applicable,2024,17.704776158705652,MEAN,Mean,ITU_GCI,Global Cybersecurity Index,0,Units,IX,Index,602,CCYY,A,Normal value,PU,Public
datastructure,WB.DATA360:DS_DATA360(1.2),I,A,Annual,OMN,Oman,ITU_GCI_CDS_SCORE,Capacity Development Score - CDS (ITU GCI),_T,Total,_T,All age ranges or no breakdown by age,_T,Total,0_TO_20,0-20 scale,_Z,Not Applicable,_Z,Not Applicable,_Z,Not Applicable,2024,19.02012310080226,MEAN,Mean,ITU_GCI,Global Cybersecurity Index,0,Units,IX,Index,602,CCYY,A,Normal value,PU,Public
datastructure,WB.DATA360:DS_DATA360(1.2),I,A,Annual,PAK,Pakistan,ITU_GCI_CDS_SCORE,Capacity Development Score - CDS (ITU GCI),_T,Total,_T,All age ranges or no breakdown by age,_T,Total,0_TO_20,0-20 scale,_Z,Not Applicable,_Z,Not Applicable,_Z,Not Applicable,2024,20.0,MEAN,Mean,ITU_GCI,Global Cybersecurity Index,0,Units,IX,Index,602,CCYY,A,Normal value,PU,Public
datastructure,WB.DATA360:DS_DATA360(1.2),I,A,Annual,PAN,Panama,ITU_GCI_CDS_SCORE,Capacity Development Score - CDS (ITU GCI),_T,Total,_T,All age ranges or no breakdown by age,_T,Total,0_TO_20,0-20 scale,_Z,Not Applicable,_Z,Not Applicable,_Z,Not Applicable,2024,7.1425887345842725,MEAN,Mean,ITU_GCI,Global Cybersecurity Index,0,Units,IX,Index,602,CCYY,A,Normal value,PU,Public
datastructure,WB.DATA360:DS_DATA360(1.2),I,A,Annual,PNG,Papua New Guinea,ITU_GCI_CDS_SCORE,Capacity Development Score - CDS (ITU GCI),_T,Total,_T,All age ranges or no breakdown by age,_T,Total,0_TO_20,0-20 scale,_Z,Not Applicable,_Z,Not Applicable,_Z,Not Applicable,2024,13.337539785304289,MEAN,Mean,ITU_GCI,Global Cybersecurity Index,0,Units,IX,Index,602,CCYY,A,Normal value,PU,Public
datastructure,WB.DATA360:DS_DATA360(1.2),I,A,Annual,PRY,Paraguay,ITU_GCI_CDS_SCORE,Capacity Development Score - CDS (ITU GCI),_T,Total,_T,All age ranges or no breakdown by age,_T,Total,0_TO_20,0-20 scale,_Z,Not Applicable,_Z,Not Applicable,_Z,Not Applicable,2024,14.191726280285994,MEAN,Mean,ITU_GCI,Global Cybersecurity Index,0,Units,IX,Index,602,CCYY,A,Normal value,PU,Public
datastructure,WB.DATA360:DS_DATA360(1.2),I,A,Annual,PER,Peru,ITU_GCI_CDS_SCORE,Capacity Development Score - CDS (ITU GCI),_T,Total,_T,All age ranges or no breakdown by age,_T,Total,0_TO_20,0-20 scale,_Z,Not Applicable,_Z,Not Applicable,_Z,Not Applicable,2024,15.01253021167467,MEAN,Mean,ITU_GCI,Global Cybersecurity Index,0,Units,IX,Index,602,CCYY,A,Normal value,PU,Public
datastructure,WB.DATA360:DS_DATA360(1.2),I,A,Annual,PHL,Philippines,ITU_GCI_CDS_SCORE,Capacity Development Score - CDS (ITU GCI),_T,Total,_T,All age ranges or no breakdown by age,_T,Total,0_TO_20,0-20 scale,_Z,Not Applicable,_Z,Not Applicable,_Z,Not Applicable,2024,17.16784349635796,MEAN,Mean,ITU_GCI,Global Cybersecurity Index,0,Units,IX,Index,602,CCYY,A,Normal value,PU,Public
datastructure,WB.DATA360:DS_DATA360(1.2),I,A,Annual,POL,Poland,ITU_GCI_CDS_SCORE,Capacity Development Score - CDS (ITU GCI),_T,Total,_T,All age ranges or no breakdown by age,_T,Total,0_TO_20,0-20 scale,_Z,Not Applicable,_Z,Not Applicable,_Z,Not Applicable,2024,18.436016469940583,MEAN,Mean,ITU_GCI,Global Cybersecurity Index,0,Units,IX,Index,602,CCYY,A,Normal value,PU,Public
datastructure,WB.DATA360:DS_DATA360(1.2),I,A,Annual,PRT,Portugal,ITU_GCI_CDS_SCORE,Capacity Development Score - CDS (ITU GCI),_T,Total,_T,All age ranges or no breakdown by age,_T,Total,0_TO_20,0-20 scale,_Z,Not Applicable,_Z,Not Applicable,_Z,Not Applicable,2024,19.856456191467224,MEAN,Mean,ITU_GCI,Global Cybersecurity Index,0,Units,IX,Index,602,CCYY,A,Normal value,PU,Public
datastructure,WB.DATA360:DS_DATA360(1.2),I,A,Annual,QAT,Qatar,ITU_GCI_CDS_SCORE,Capacity Development Score - CDS (ITU GCI),_T,Total,_T,All age ranges or no breakdown by age,_T,Total,0_TO_20,0-20 scale,_Z,Not Applicable,_Z,Not Applicable,_Z,Not Applicable,2024,20.0,MEAN,Mean,ITU_GCI,Global Cybersecurity Index,0,Units,IX,Index,602,CCYY,A,Normal value,PU,Public
datastructure,WB.DATA360:DS_DATA360(1.2),I,A,Annual,KOR,"Korea, Rep.",ITU_GCI_CDS_SCORE,Capacity Development Score - CDS (ITU GCI),_T,Total,_T,All age ranges or no breakdown by age,_T,Total,0_TO_20,0-20 scale,_Z,Not Applicable,_Z,Not Applicable,_Z,Not Applicable,2024,20.0,MEAN,Mean,ITU_GCI,Global Cybersecurity Index,0,Units,IX,Index,602,CCYY,A,Normal value,PU,Public
datastructure,WB.DATA360:DS_DATA360(1.2),I,A,Annual,ROU,Romania,ITU_GCI_CDS_SCORE,Capacity Development Score - CDS (ITU GCI),_T,Total,_T,All age ranges or no breakdown by age,_T,Total,0_TO_20,0-20 scale,_Z,Not Applicable,_Z,Not Applicable,_Z,Not Applicable,2024,19.42858522372529,MEAN,Mean,ITU_GCI,Global Cybersecurity Index,0,Units,IX,Index,602,CCYY,A,Normal value,PU,Public
datastructure,WB.DATA360:DS_DATA360(1.2),I,A,Annual,RUS,Russian Federation,ITU_GCI_CDS_SCORE,Capacity Development Score - CDS (ITU GCI),_T,Total,_T,All age ranges or no breakdown by age,_T,Total,0_TO_20,0-20 scale,_Z,Not Applicable,_Z,Not Applicable,_Z,Not Applicable,2024,18.759137154711155,MEAN,Mean,ITU_GCI,Global Cybersecurity Index,0,Units,IX,Index,602,CCYY,A,Normal value,PU,Public
datastructure,WB.DATA360:DS_DATA360(1.2),I,A,Annual,RWA,Rwanda,ITU_GCI_CDS_SCORE,Capacity Development Score - CDS (ITU GCI),_T,Total,_T,All age ranges or no breakdown by age,_T,Total,0_TO_20,0-20 scale,_Z,Not Applicable,_Z,Not Applicable,_Z,Not Applicable,2024,19.75836786036051,MEAN,Mean,ITU_GCI,Global Cybersecurity Index,0,Units,IX,Index,602,CCYY,A,Normal value,PU,Public
datastructure,WB.DATA360:DS_DATA360(1.2),I,A,Annual,KNA,St. Kitts and Nevis,ITU_GCI_CDS_SCORE,Capacity Development Score - CDS (ITU GCI),_T,Total,_T,All age ranges or no breakdown by age,_T,Total,0_TO_20,0-20 scale,_Z,Not Applicable,_Z,Not Applicable,_Z,Not Applicable,2024,7.351851092746133,MEAN,Mean,ITU_GCI,Global Cybersecurity Index,0,Units,IX,Index,602,CCYY,A,Normal value,PU,Public
datastructure,WB.DATA360:DS_DATA360(1.2),I,A,Annual,LCA,St. Lucia,ITU_GCI_CDS_SCORE,Capacity Development Score - CDS (ITU GCI),_T,Total,_T,All age ranges or no breakdown by age,_T,Total,0_TO_20,0-20 scale,_Z,Not Applicable,_Z,Not Applicable,_Z,Not Applicable,2024,5.11820059964419,MEAN,Mean,ITU_GCI,Global Cybersecurity Index,0,Units,IX,Index,602,CCYY,A,Normal value,PU,Public
datastructure,WB.DATA360:DS_DATA360(1.2),I,A,Annual,VCT,St. Vincent and the Grenadines,ITU_GCI_CDS_SCORE,Capacity Development Score - CDS (ITU GCI),_T,Total,_T,All age ranges or no breakdown by age,_T,Total,0_TO_20,0-20 scale,_Z,Not Applicable,_Z,Not Applicable,_Z,Not Applicable,2024,3.792338864757814,MEAN,Mean,ITU_GCI,Global Cybersecurity Index,0,Units,IX,Index,602,CCYY,A,Normal value,PU,Public
datastructure,WB.DATA360:DS_DATA360(1.2),I,A,Annual,WSM,Samoa,ITU_GCI_CDS_SCORE,Capacity Development Score - CDS (ITU GCI),_T,Total,_T,All age ranges or no breakdown by age,_T,Total,0_TO_20,0-20 scale,_Z,Not Applicable,_Z,Not Applicable,_Z,Not Applicable,2024,6.979802156624486,MEAN,Mean,ITU_GCI,Global Cybersecurity Index,0,Units,IX,Index,602,CCYY,A,Normal value,PU,Public
datastructure,WB.DATA360:DS_DATA360(1.2),I,A,Annual,SMR,San Marino,ITU_GCI_CDS_SCORE,Capacity Development Score - CDS (ITU GCI),_T,Total,_T,All age ranges or no breakdown by age,_T,Total,0_TO_20,0-20 scale,_Z,Not Applicable,_Z,Not Applicable,_Z,Not Applicable,2024,0.0,MEAN,Mean,ITU_GCI,Global Cybersecurity Index,0,Units,IX,Index,602,CCYY,A,Normal value,PU,Public
datastructure,WB.DATA360:DS_DATA360(1.2),I,A,Annual,STP,Sao Tome and Principe,ITU_GCI_CDS_SCORE,Capacity Development Score - CDS (ITU GCI),_T,Total,_T,All age ranges or no breakdown by age,_T,Total,0_TO_20,0-20 scale,_Z,Not Applicable,_Z,Not Applicable,_Z,Not Applicable,2024,0.9624495317377736,MEAN,Mean,ITU_GCI,Global Cybersecurity Index,0,Units,IX,Index,602,CCYY,A,Normal value,PU,Public
datastructure,WB.DATA360:DS_DATA360(1.2),I,A,Annual,SAU,Saudi Arabia,ITU_GCI_CDS_SCORE,Capacity Development Score - CDS (ITU GCI),_T,Total,_T,All age ranges or no breakdown by age,_T,Total,0_TO_20,0-20 scale,_Z,Not Applicable,_Z,Not Applicable,_Z,Not Applicable,2024,20.0,MEAN,Mean,ITU_GCI,Global Cybersecurity Index,0,Units,IX,Index,602,CCYY,A,Normal value,PU,Public
datastructure,WB.DATA360:DS_DATA360(1.2),I,A,Annual,SEN,Senegal,ITU_GCI_CDS_SCORE,Capacity Development Score - CDS (ITU GCI),_T,Total,_T,All age ranges or no breakdown by age,_T,Total,0_TO_20,0-20 scale,_Z,Not Applicable,_Z,Not Applicable,_Z,Not Applicable,2024,9.468201270987883,MEAN,Mean,ITU_GCI,Global Cybersecurity Index,0,Units,IX,Index,602,CCYY,A,Normal value,PU,Public
datastructure,WB.DATA360:DS_DATA360(1.2),I,A,Annual,SRB,Serbia,ITU_GCI_CDS_SCORE,Capacity Development Score - CDS (ITU GCI),_T,Total,_T,All age ranges or no breakdown by age,_T,Total,0_TO_20,0-20 scale,_Z,Not Applicable,_Z,Not Applicable,_Z,Not Applicable,2024,19.21785639958377,MEAN,Mean,ITU_GCI,Global Cybersecurity Index,0,Units,IX,Index,602,CCYY,A,Normal value,PU,Public
datastructure,WB.DATA360:DS_DATA360(1.2),I,A,Annual,SYC,Seychelles,ITU_GCI_CDS_SCORE,Capacity Development Score - CDS (ITU GCI),_T,Total,_T,All age ranges or no breakdown by age,_T,Total,0_TO_20,0-20 scale,_Z,Not Applicable,_Z,Not Applicable,_Z,Not Applicable,2024,6.0319406424759165,MEAN,Mean,ITU_GCI,Global Cybersecurity Index,0,Units,IX,Index,602,CCYY,A,Normal value,PU,Public
datastructure,WB.DATA360:DS_DATA360(1.2),I,A,Annual,SLE,Sierra Leone,ITU_GCI_CDS_SCORE,Capacity Development Score - CDS (ITU GCI),_T,Total,_T,All age ranges or no breakdown by age,_T,Total,0_TO_20,0-20 scale,_Z,Not Applicable,_Z,Not Applicable,_Z,Not Applicable,2024,7.113377060723037,MEAN,Mean,ITU_GCI,Global Cybersecurity Index,0,Units,IX,Index,602,CCYY,A,Normal value,PU,Public
datastructure,WB.DATA360:DS_DATA360(1.2),I,A,Annual,SGP,Singapore,ITU_GCI_CDS_SCORE,Capacity Development Score - CDS (ITU GCI),_T,Total,_T,All age ranges or no breakdown by age,_T,Total,0_TO_20,0-20 scale,_Z,Not Applicable,_Z,Not Applicable,_Z,Not Applicable,2024,19.856456191467224,MEAN,Mean,ITU_GCI,Global Cybersecurity Index,0,Units,IX,Index,602,CCYY,A,Normal value,PU,Public
datastructure,WB.DATA360:DS_DATA360(1.2),I,A,Annual,SVK,Slovak Republic,ITU_GCI_CDS_SCORE,Capacity Development Score - CDS (ITU GCI),_T,Total,_T,All age ranges or no breakdown by age,_T,Total,0_TO_20,0-20 scale,_Z,Not Applicable,_Z,Not Applicable,_Z,Not Applicable,2024,18.458302959685813,MEAN,Mean,ITU_GCI,Global Cybersecurity Index,0,Units,IX,Index,602,CCYY,A,Normal value,PU,Public
datastructure,WB.DATA360:DS_DATA360(1.2),I,A,Annual,SVN,Slovenia,ITU_GCI_CDS_SCORE,Capacity Development Score - CDS (ITU GCI),_T,Total,_T,All age ranges or no breakdown by age,_T,Total,0_TO_20,0-20 scale,_Z,Not Applicable,_Z,Not Applicable,_Z,Not Applicable,2024,19.09294450968413,MEAN,Mean,ITU_GCI,Global Cybersecurity Index,0,Units,IX,Index,602,CCYY,A,Normal value,PU,Public
datastructure,WB.DATA360:DS_DATA360(1.2),I,A,Annual,SLB,Solomon Islands,ITU_GCI_CDS_SCORE,Capacity Development Score - CDS (ITU GCI),_T,Total,_T,All age ranges or no breakdown by age,_T,Total,0_TO_20,0-20 scale,_Z,Not Applicable,_Z,Not Applicable,_Z,Not Applicable,2024,0.790871175858481,MEAN,Mean,ITU_GCI,Global Cybersecurity Index,0,Units,IX,Index,602,CCYY,A,Normal value,PU,Public
datastructure,WB.DATA360:DS_DATA360(1.2),I,A,Annual,SOM,Somalia,ITU_GCI_CDS_SCORE,Capacity Development Score - CDS (ITU GCI),_T,Total,_T,All age ranges or no breakdown by age,_T,Total,0_TO_20,0-20 scale,_Z,Not Applicable,_Z,Not Applicable,_Z,Not Applicable,2024,4.288091571279918,MEAN,Mean,ITU_GCI,Global Cybersecurity Index,0,Units,IX,Index,602,CCYY,A,Normal value,PU,Public
datastructure,WB.DATA360:DS_DATA360(1.2),I,A,Annual,ZAF,South Africa,ITU_GCI_CDS_SCORE,Capacity Development Score - CDS (ITU GCI),_T,Total,_T,All age ranges or no breakdown by age,_T,Total,0_TO_20,0-20 scale,_Z,Not Applicable,_Z,Not Applicable,_Z,Not Applicable,2024,12.831478075928972,MEAN,Mean,ITU_GCI,Global Cybersecurity Index,0,Units,IX,Index,602,CCYY,A,Normal value,PU,Public
datastructure,WB.DATA360:DS_DATA360(1.2),I,A,Annual,SSD,South Sudan,ITU_GCI_CDS_SCORE,Capacity Development Score - CDS (ITU GCI),_T,Total,_T,All age ranges or no breakdown by age,_T,Total,0_TO_20,0-20 scale,_Z,Not Applicable,_Z,Not Applicable,_Z,Not Applicable,2024,1.2656699271592096,MEAN,Mean,ITU_GCI,Global Cybersecurity Index,0,Units,IX,Index,602,CCYY,A,Normal value,PU,Public
datastructure,WB.DATA360:DS_DATA360(1.2),I,A,Annual,ESP,Spain,ITU_GCI_CDS_SCORE,Capacity Development Score - CDS (ITU GCI),_T,Total,_T,All age ranges or no breakdown by age,_T,Total,0_TO_20,0-20 scale,_Z,Not Applicable,_Z,Not Applicable,_Z,Not Applicable,2024,19.74051696149844,MEAN,Mean,ITU_GCI,Global Cybersecurity Index,0,Units,IX,Index,602,CCYY,A,Normal value,PU,Public
datastructure,WB.DATA360:DS_DATA360(1.2),I,A,Annual,LKA,Sri Lanka,ITU_GCI_CDS_SCORE,Capacity Development Score - CDS (ITU GCI),_T,Total,_T,All age ranges or no breakdown by age,_T,Total,0_TO_20,0-20 scale,_Z,Not Applicable,_Z,Not Applicable,_Z,Not Applicable,2024,17.09926108207177,MEAN,Mean,ITU_GCI,Global Cybersecurity Index,0,Units,IX,Index,602,CCYY,A,Normal value,PU,Public
datastructure,WB.DATA360:DS_DATA360(1.2),I,A,Annual,PSE,West Bank and Gaza,ITU_GCI_CDS_SCORE,Capacity Development Score - CDS (ITU GCI),_T,Total,_T,All age ranges or no breakdown by age,_T,Total,0_TO_20,0-20 scale,_Z,Not Applicable,_Z,Not Applicable,_Z,Not Applicable,2024,8.95905676694304,MEAN,Mean,ITU_GCI,Global Cybersecurity Index,0,Units,IX,Index,602,CCYY,A,Normal value,PU,Public
datastructure,WB.DATA360:DS_DATA360(1.2),I,A,Annual,SDN,Sudan,ITU_GCI_CDS_SCORE,Capacity Development Score - CDS (ITU GCI),_T,Total,_T,All age ranges or no breakdown by age,_T,Total,0_TO_20,0-20 scale,_Z,Not Applicable,_Z,Not Applicable,_Z,Not Applicable,2024,4.379628792051292,MEAN,Mean,ITU_GCI,Global Cybersecurity Index,0,Units,IX,Index,602,CCYY,A,Normal value,PU,Public
datastructure,WB.DATA360:DS_DATA360(1.2),I,A,Annual,SUR,Suriname,ITU_GCI_CDS_SCORE,Capacity Development Score - CDS (ITU GCI),_T,Total,_T,All age ranges or no breakdown by age,_T,Total,0_TO_20,0-20 scale,_Z,Not Applicable,_Z,Not Applicable,_Z,Not Applicable,2024,2.0274706557013875,MEAN,Mean,ITU_GCI,Global Cybersecurity Index,0,Units,IX,Index,602,CCYY,A,Normal value,PU,Public
datastructure,WB.DATA360:DS_DATA360(1.2),I,A,Annual,SWE,Sweden,ITU_GCI_CDS_SCORE,Capacity Development Score - CDS (ITU GCI),_T,Total,_T,All age ranges or no breakdown by age,_T,Total,0_TO_20,0-20 scale,_Z,Not Applicable,_Z,Not Applicable,_Z,Not Applicable,2024,20.0,MEAN,Mean,ITU_GCI,Global Cybersecurity Index,0,Units,IX,Index,602,CCYY,A,Normal value,PU,Public
datastructure,WB.DATA360:DS_DATA360(1.2),I,A,Annual,CHE,Switzerland,ITU_GCI_CDS_SCORE,Capacity Development Score - CDS (ITU GCI),_T,Total,_T,All age ranges or no breakdown by age,_T,Total,0_TO_20,0-20 scale,_Z,Not Applicable,_Z,Not Applicable,_Z,Not Applicable,2024,18.266175234131115,MEAN,Mean,ITU_GCI,Global Cybersecurity Index,0,Units,IX,Index,602,CCYY,A,Normal value,PU,Public
datastructure,WB.DATA360:DS_DATA360(1.2),I,A,Annual,SYR,Syrian Arab Republic,ITU_GCI_CDS_SCORE,Capacity Development Score - CDS (ITU GCI),_T,Total,_T,All age ranges or no breakdown by age,_T,Total,0_TO_20,0-20 scale,_Z,Not Applicable,_Z,Not Applicable,_Z,Not Applicable,2024,9.328778234500351,MEAN,Mean,ITU_GCI,Global Cybersecurity Index,0,Units,IX,Index,602,CCYY,A,Normal value,PU,Public
datastructure,WB.DATA360:DS_DATA360(1.2),I,A,Annual,TJK,Tajikistan,ITU_GCI_CDS_SCORE,Capacity Development Score - CDS (ITU GCI),_T,Total,_T,All age ranges or no breakdown by age,_T,Total,0_TO_20,0-20 scale,_Z,Not Applicable,_Z,Not Applicable,_Z,Not Applicable,2024,0.3560134236514384,MEAN,Mean,ITU_GCI,Global Cybersecurity Index,0,Units,IX,Index,602,CCYY,A,Normal value,PU,Public
datastructure,WB.DATA360:DS_DATA360(1.2),I,A,Annual,TZA,Tanzania,ITU_GCI_CDS_SCORE,Capacity Development Score - CDS (ITU GCI),_T,Total,_T,All age ranges or no breakdown by age,_T,Total,0_TO_20,0-20 scale,_Z,Not Applicable,_Z,Not Applicable,_Z,Not Applicable,2024,19.572129032258065,MEAN,Mean,ITU_GCI,Global Cybersecurity Index,0,Units,IX,Index,602,CCYY,A,Normal value,PU,Public
datastructure,WB.DATA360:DS_DATA360(1.2),I,A,Annual,THA,Thailand,ITU_GCI_CDS_SCORE,Capacity Development Score - CDS (ITU GCI),_T,Total,_T,All age ranges or no breakdown by age,_T,Total,0_TO_20,0-20 scale,_Z,Not Applicable,_Z,Not Applicable,_Z,Not Applicable,2024,20.0,MEAN,Mean,ITU_GCI,Global Cybersecurity Index,0,Units,IX,Index,602,CCYY,A,Normal value,PU,Public
datastructure,WB.DATA360:DS_DATA360(1.2),I,A,Annual,MKD,North Macedonia,ITU_GCI_CDS_SCORE,Capacity Development Score - CDS (ITU GCI),_T,Total,_T,All age ranges or no breakdown by age,_T,Total,0_TO_20,0-20 scale,_Z,Not Applicable,_Z,Not Applicable,_Z,Not Applicable,2024,9.038677537779868,MEAN,Mean,ITU_GCI,Global Cybersecurity Index,0,Units,IX,Index,602,CCYY,A,Normal value,PU,Public
datastructure,WB.DATA360:DS_DATA360(1.2),I,A,Annual,TLS,Timor-Leste,ITU_GCI_CDS_SCORE,Capacity Development Score - CDS (ITU GCI),_T,Total,_T,All age ranges or no breakdown by age,_T,Total,0_TO_20,0-20 scale,_Z,Not Applicable,_Z,Not Applicable,_Z,Not Applicable,2024,1.0134509348460945,MEAN,Mean,ITU_GCI,Global Cybersecurity Index,0,Units,IX,Index,602,CCYY,A,Normal value,PU,Public
datastructure,WB.DATA360:DS_DATA360(1.2),I,A,Annual,TGO,Togo,ITU_GCI_CDS_SCORE,Capacity Development Score - CDS (ITU GCI),_T,Total,_T,All age ranges or no breakdown by age,_T,Total,0_TO_20,0-20 scale,_Z,Not Applicable,_Z,Not Applicable,_Z,Not Applicable,2024,17.29428303850156,MEAN,Mean,ITU_GCI,Global Cybersecurity Index,0,Units,IX,Index,602,CCYY,A,Normal value,PU,Public
datastructure,WB.DATA360:DS_DATA360(1.2),I,A,Annual,TON,Tonga,ITU_GCI_CDS_SCORE,Capacity Development Score - CDS (ITU GCI),_T,Total,_T,All age ranges or no breakdown by age,_T,Total,0_TO_20,0-20 scale,_Z,Not Applicable,_Z,Not Applicable,_Z,Not Applicable,2024,2.884073565842033,MEAN,Mean,ITU_GCI,Global Cybersecurity Index,0,Units,IX,Index,602,CCYY,A,Normal value,PU,Public
datastructure,WB.DATA360:DS_DATA360(1.2),I,A,Annual,TTO,Trinidad and Tobago,ITU_GCI_CDS_SCORE,Capacity Development Score - CDS (ITU GCI),_T,Total,_T,All age ranges or no breakdown by age,_T,Total,0_TO_20,0-20 scale,_Z,Not Applicable,_Z,Not Applicable,_Z,Not Applicable,2024,13.02751472162734,MEAN,Mean,ITU_GCI,Global Cybersecurity Index,0,Units,IX,Index,602,CCYY,A,Normal value,PU,Public
datastructure,WB.DATA360:DS_DATA360(1.2),I,A,Annual,TUN,Tunisia,ITU_GCI_CDS_SCORE,Capacity Development Score - CDS (ITU GCI),_T,Total,_T,All age ranges or no breakdown by age,_T,Total,0_TO_20,0-20 scale,_Z,Not Applicable,_Z,Not Applicable,_Z,Not Applicable,2024,14.905791234131115,MEAN,Mean,ITU_GCI,Global Cybersecurity Index,0,Units,IX,Index,602,CCYY,A,Normal value,PU,Public
datastructure,WB.DATA360:DS_DATA360(1.2),I,A,Annual,TUR,Turkiye,ITU_GCI_CDS_SCORE,Capacity Development Score - CDS (ITU GCI),_T,Total,_T,All age ranges or no breakdown by age,_T,Total,0_TO_20,0-20 scale,_Z,Not Applicable,_Z,Not Applicable,_Z,Not Applicable,2024,20.0,MEAN,Mean,ITU_GCI,Global Cybersecurity Index,0,Units,IX,Index,602,CCYY,A,Normal value,PU,Public
datastructure,WB.DATA360:DS_DATA360(1.2),I,A,Annual,TKM,Turkmenistan,ITU_GCI_CDS_SCORE,Capacity Development Score - CDS (ITU GCI),_T,Total,_T,All age ranges or no breakdown by age,_T,Total,0_TO_20,0-20 scale,_Z,Not Applicable,_Z,Not Applicable,_Z,Not Applicable,2024,1.856643342754524,MEAN,Mean,ITU_GCI,Global Cybersecurity Index,0,Units,IX,Index,602,CCYY,A,Normal value,PU,Public
datastructure,WB.DATA360:DS_DATA360(1.2),I,A,Annual,TUV,Tuvalu,ITU_GCI_CDS_SCORE,Capacity Development Score - CDS (ITU GCI),_T,Total,_T,All age ranges or no breakdown by age,_T,Total,0_TO_20,0-20 scale,_Z,Not Applicable,_Z,Not Applicable,_Z,Not Applicable,2024,2.3482595758450544,MEAN,Mean,ITU_GCI,Global Cybersecurity Index,0,Units,IX,Index,602,CCYY,A,Normal value,PU,Public
datastructure,WB.DATA360:DS_DATA360(1.2),I,A,Annual,UGA,Uganda,ITU_GCI_CDS_SCORE,Capacity Development Score - CDS (ITU GCI),_T,Total,_T,All age ranges or no breakdown by age,_T,Total,0_TO_20,0-20 scale,_Z,Not Applicable,_Z,Not Applicable,_Z,Not Applicable,2024,13.748885938974862,MEAN,Mean,ITU_GCI,Global Cybersecurity Index,0,Units,IX,Index,602,CCYY,A,Normal value,PU,Public
datastructure,WB.DATA360:DS_DATA360(1.2),I,A,Annual,UKR,Ukraine,ITU_GCI_CDS_SCORE,Capacity Development Score - CDS (ITU GCI),_T,Total,_T,All age ranges or no breakdown by age,_T,Total,0_TO_20,0-20 scale,_Z,Not Applicable,_Z,Not Applicable,_Z,Not Applicable,2024,14.603786709274615,MEAN,Mean,ITU_GCI,Global Cybersecurity Index,0,Units,IX,Index,602,CCYY,A,Normal value,PU,Public
datastructure,WB.DATA360:DS_DATA360(1.2),I,A,Annual,ARE,United Arab Emirates,ITU_GCI_CDS_SCORE,Capacity Development Score - CDS (ITU GCI),_T,Total,_T,All age ranges or no breakdown by age,_T,Total,0_TO_20,0-20 scale,_Z,Not Applicable,_Z,Not Applicable,_Z,Not Applicable,2024,20.0,MEAN,Mean,ITU_GCI,Global Cybersecurity Index,0,Units,IX,Index,602,CCYY,A,Normal value,PU,Public
datastructure,WB.DATA360:DS_DATA360(1.2),I,A,Annual,GBR,United Kingdom,ITU_GCI_CDS_SCORE,Capacity Development Score - CDS (ITU GCI),_T,Total,_T,All age ranges or no breakdown by age,_T,Total,0_TO_20,0-20 scale,_Z,Not Applicable,_Z,Not Applicable,_Z,Not Applicable,2024,20.0,MEAN,Mean,ITU_GCI,Global Cybersecurity Index,0,Units,IX,Index,602,CCYY,A,Normal value,PU,Public
datastructure,WB.DATA360:DS_DATA360(1.2),I,A,Annual,USA,United States,ITU_GCI_CDS_SCORE,Capacity Development Score - CDS (ITU GCI),_T,Total,_T,All age ranges or no breakdown by age,_T,Total,0_TO_20,0-20 scale,_Z,Not Applicable,_Z,Not Applicable,_Z,Not Applicable,2024,19.856456191467224,MEAN,Mean,ITU_GCI,Global Cybersecurity Index,0,Units,IX,Index,602,CCYY,A,Normal value,PU,Public
datastructure,WB.DATA360:DS_DATA360(1.2),I,A,Annual,URY,Uruguay,ITU_GCI_CDS_SCORE,Capacity Development Score - CDS (ITU GCI),_T,Total,_T,All age ranges or no breakdown by age,_T,Total,0_TO_20,0-20 scale,_Z,Not Applicable,_Z,Not Applicable,_Z,Not Applicable,2024,19.453429344432884,MEAN,Mean,ITU_GCI,Global Cybersecurity Index,0,Units,IX,Index,602,CCYY,A,Normal value,PU,Public
datastructure,WB.DATA360:DS_DATA360(1.2),I,A,Annual,UZB,Uzbekistan,ITU_GCI_CDS_SCORE,Capacity Development Score - CDS (ITU GCI),_T,Total,_T,All age ranges or no breakdown by age,_T,Total,0_TO_20,0-20 scale,_Z,Not Applicable,_Z,Not Applicable,_Z,Not Applicable,2024,17.636962983988454,MEAN,Mean,ITU_GCI,Global Cybersecurity Index,0,Units,IX,Index,602,CCYY,A,Normal value,PU,Public
datastructure,WB.DATA360:DS_DATA360(1.2),I,A,Annual,VUT,Vanuatu,ITU_GCI_CDS_SCORE,Capacity Development Score - CDS (ITU GCI),_T,Total,_T,All age ranges or no breakdown by age,_T,Total,0_TO_20,0-20 scale,_Z,Not Applicable,_Z,Not Applicable,_Z,Not Applicable,2024,5.616763500386024,MEAN,Mean,ITU_GCI,Global Cybersecurity Index,0,Units,IX,Index,602,CCYY,A,Normal value,PU,Public
datastructure,WB.DATA360:DS_DATA360(1.2),I,A,Annual,VAT,Holy See (Vatican City State),ITU_GCI_CDS_SCORE,Capacity Development Score - CDS (ITU GCI),_T,Total,_T,All age ranges or no breakdown by age,_T,Total,0_TO_20,0-20 scale,_Z,Not Applicable,_Z,Not Applicable,_Z,Not Applicable,2024,0.0,MEAN,Mean,ITU_GCI,Global Cybersecurity Index,0,Units,IX,Index,602,CCYY,A,Normal value,PU,Public
datastructure,WB.DATA360:DS_DATA360(1.2),I,A,Annual,VEN,"Venezuela, RB",ITU_GCI_CDS_SCORE,Capacity Development Score - CDS (ITU GCI),_T,Total,_T,All age ranges or no breakdown by age,_T,Total,0_TO_20,0-20 scale,_Z,Not Applicable,_Z,Not Applicable,_Z,Not Applicable,2024,4.769708098687524,MEAN,Mean,ITU_GCI,Global Cybersecurity Index,0,Units,IX,Index,602,CCYY,A,Normal value,PU,Public
datastructure,WB.DATA360:DS_DATA360(1.2),I,A,Annual,VNM,Viet Nam,ITU_GCI_CDS_SCORE,Capacity Development Score - CDS (ITU GCI),_T,Total,_T,All age ranges or no breakdown by age,_T,Total,0_TO_20,0-20 scale,_Z,Not Applicable,_Z,Not Applicable,_Z,Not Applicable,2024,19.74051696149844,MEAN,Mean,ITU_GCI,Global Cybersecurity Index,0,Units,IX,Index,602,CCYY,A,Normal value,PU,Public
datastructure,WB.DATA360:DS_DATA360(1.2),I,A,Annual,YEM,"Yemen, Rep.",ITU_GCI_CDS_SCORE,Capacity Development Score - CDS (ITU GCI),_T,Total,_T,All age ranges or no breakdown by age,_T,Total,0_TO_20,0-20 scale,_Z,Not Applicable,_Z,Not Applicable,_Z,Not Applicable,2024,0.0,MEAN,Mean,ITU_GCI,Global Cybersecurity Index,0,Units,IX,Index,602,CCYY,A,Normal value,PU,Public
datastructure,WB.DATA360:DS_DATA360(1.2),I,A,Annual,ZMB,Zambia,ITU_GCI_CDS_SCORE,Capacity Development Score - CDS (ITU GCI),_T,Total,_T,All age ranges or no breakdown by age,_T,Total,0_TO_20,0-20 scale,_Z,Not Applicable,_Z,Not Applicable,_Z,Not Applicable,2024,14.966142767950052,MEAN,Mean,ITU_GCI,Global Cybersecurity Index,0,Units,IX,Index,602,CCYY,A,Normal value,PU,Public
datastructure,WB.DATA360:DS_DATA360(1.2),I,A,Annual,ZWE,Zimbabwe,ITU_GCI_CDS_SCORE,Capacity Development Score - CDS (ITU GCI),_T,Total,_T,All age ranges or no breakdown by age,_T,Total,0_TO_20,0-20 scale,_Z,Not Applicable,_Z,Not Applicable,_Z,Not Applicable,2024,6.810314255983353,MEAN,Mean,ITU_GCI,Global Cybersecurity Index,0,Units,IX,Index,602,CCYY,A,Normal value,PU,Public
