STRUCTURE,STRUCTURE_ID,ACTION,FREQ,FREQ_LABEL,REF_AREA,REF_AREA_LABEL,INDICATOR,INDICATOR_LABEL,SEX,SEX_LABEL,AGE,AGE_LABEL,URBANISATION,URBANISATION_LABEL,UNIT_MEASURE,UNIT_MEASURE_LABEL,COMP_BREAKDOWN_1,COMP_BREAKDOWN_1_LABEL,COMP_BREAKDOWN_2,COMP_BREAKDOWN_2_LABEL,COMP_BREAKDOWN_3,COMP_BREAKDOWN_3_LABEL,TIME_PERIOD,OBS_VALUE,AGG_METHOD,AGG_METHOD_LABEL,DATABASE_ID,DATABASE_ID_LABEL,UNIT_MULT,UNIT_MULT_LABEL,UNIT_TYPE,UNIT_TYPE_LABEL,TIME_FORMAT,TIME_FORMAT_LABEL,OBS_STATUS,OBS_STATUS_LABEL,OBS_CONF,OBS_CONF_LABEL
datastructure,WB.DATA360:DS_DATA360(1.2),I,A,Annual,AFG,Afghanistan,ITU_GCI_GCI_OVRL_SCRE,Global Cybersecurity Index - Overall Score (ITU GCI),_T,Total,_T,All age ranges or no breakdown by age,_T,Total,0_TO_100,0-100 scale,_Z,Not Applicable,_Z,Not Applicable,_Z,Not Applicable,2020,5.203512727201463,MEAN,Mean,ITU_GCI,Global Cybersecurity Index,0,Units,IX,Index,602,CCYY,A,Normal value,PU,Public
datastructure,WB.DATA360:DS_DATA360(1.2),I,A,Annual,ALB,Albania,ITU_GCI_GCI_OVRL_SCRE,Global Cybersecurity Index - Overall Score (ITU GCI),_T,Total,_T,All age ranges or no breakdown by age,_T,Total,0_TO_100,0-100 scale,_Z,Not Applicable,_Z,Not Applicable,_Z,Not Applicable,2020,64.32106632384881,MEAN,Mean,ITU_GCI,Global Cybersecurity Index,0,Units,IX,Index,602,CCYY,A,Normal value,PU,Public
datastructure,WB.DATA360:DS_DATA360(1.2),I,A,Annual,DZA,Algeria,ITU_GCI_GCI_OVRL_SCRE,Global Cybersecurity Index - Overall Score (ITU GCI),_T,Total,_T,All age ranges or no breakdown by age,_T,Total,0_TO_100,0-100 scale,_Z,Not Applicable,_Z,Not Applicable,_Z,Not Applicable,2020,33.94962898513718,MEAN,Mean,ITU_GCI,Global Cybersecurity Index,0,Units,IX,Index,602,CCYY,A,Normal value,PU,Public
datastructure,WB.DATA360:DS_DATA360(1.2),I,A,Annual,AND,Andorra,ITU_GCI_GCI_OVRL_SCRE,Global Cybersecurity Index - Overall Score (ITU GCI),_T,Total,_T,All age ranges or no breakdown by age,_T,Total,0_TO_100,0-100 scale,_Z,Not Applicable,_Z,Not Applicable,_Z,Not Applicable,2020,26.37853242136431,MEAN,Mean,ITU_GCI,Global Cybersecurity Index,0,Units,IX,Index,602,CCYY,A,Normal value,PU,Public
datastructure,WB.DATA360:DS_DATA360(1.2),I,A,Annual,AGO,Angola,ITU_GCI_GCI_OVRL_SCRE,Global Cybersecurity Index - Overall Score (ITU GCI),_T,Total,_T,All age ranges or no breakdown by age,_T,Total,0_TO_100,0-100 scale,_Z,Not Applicable,_Z,Not Applicable,_Z,Not Applicable,2020,12.994070567139236,MEAN,Mean,ITU_GCI,Global Cybersecurity Index,0,Units,IX,Index,602,CCYY,A,Normal value,PU,Public
datastructure,WB.DATA360:DS_DATA360(1.2),I,A,Annual,ATG,Antigua and Barbuda,ITU_GCI_GCI_OVRL_SCRE,Global Cybersecurity Index - Overall Score (ITU GCI),_T,Total,_T,All age ranges or no breakdown by age,_T,Total,0_TO_100,0-100 scale,_Z,Not Applicable,_Z,Not Applicable,_Z,Not Applicable,2020,15.615246087583332,MEAN,Mean,ITU_GCI,Global Cybersecurity Index,0,Units,IX,Index,602,CCYY,A,Normal value,PU,Public
datastructure,WB.DATA360:DS_DATA360(1.2),I,A,Annual,ARG,Argentina,ITU_GCI_GCI_OVRL_SCRE,Global Cybersecurity Index - Overall Score (ITU GCI),_T,Total,_T,All age ranges or no breakdown by age,_T,Total,0_TO_100,0-100 scale,_Z,Not Applicable,_Z,Not Applicable,_Z,Not Applicable,2020,50.119036387805785,MEAN,Mean,ITU_GCI,Global Cybersecurity Index,0,Units,IX,Index,602,CCYY,A,Normal value,PU,Public
datastructure,WB.DATA360:DS_DATA360(1.2),I,A,Annual,ARM,Armenia,ITU_GCI_GCI_OVRL_SCRE,Global Cybersecurity Index - Overall Score (ITU GCI),_T,Total,_T,All age ranges or no breakdown by age,_T,Total,0_TO_100,0-100 scale,_Z,Not Applicable,_Z,Not Applicable,_Z,Not Applicable,2020,50.47414603441946,MEAN,Mean,ITU_GCI,Global Cybersecurity Index,0,Units,IX,Index,602,CCYY,A,Normal value,PU,Public
datastructure,WB.DATA360:DS_DATA360(1.2),I,A,Annual,AUS,Australia,ITU_GCI_GCI_OVRL_SCRE,Global Cybersecurity Index - Overall Score (ITU GCI),_T,Total,_T,All age ranges or no breakdown by age,_T,Total,0_TO_100,0-100 scale,_Z,Not Applicable,_Z,Not Applicable,_Z,Not Applicable,2020,97.4674007977187,MEAN,Mean,ITU_GCI,Global Cybersecurity Index,0,Units,IX,Index,602,CCYY,A,Normal value,PU,Public
datastructure,WB.DATA360:DS_DATA360(1.2),I,A,Annual,AUT,Austria,ITU_GCI_GCI_OVRL_SCRE,Global Cybersecurity Index - Overall Score (ITU GCI),_T,Total,_T,All age ranges or no breakdown by age,_T,Total,0_TO_100,0-100 scale,_Z,Not Applicable,_Z,Not Applicable,_Z,Not Applicable,2020,93.8931269060767,MEAN,Mean,ITU_GCI,Global Cybersecurity Index,0,Units,IX,Index,602,CCYY,A,Normal value,PU,Public
datastructure,WB.DATA360:DS_DATA360(1.2),I,A,Annual,AZE,Azerbaijan,ITU_GCI_GCI_OVRL_SCRE,Global Cybersecurity Index - Overall Score (ITU GCI),_T,Total,_T,All age ranges or no breakdown by age,_T,Total,0_TO_100,0-100 scale,_Z,Not Applicable,_Z,Not Applicable,_Z,Not Applicable,2020,89.3097838514196,MEAN,Mean,ITU_GCI,Global Cybersecurity Index,0,Units,IX,Index,602,CCYY,A,Normal value,PU,Public
datastructure,WB.DATA360:DS_DATA360(1.2),I,A,Annual,BHS,"Bahamas, The",ITU_GCI_GCI_OVRL_SCRE,Global Cybersecurity Index - Overall Score (ITU GCI),_T,Total,_T,All age ranges or no breakdown by age,_T,Total,0_TO_100,0-100 scale,_Z,Not Applicable,_Z,Not Applicable,_Z,Not Applicable,2020,13.366881322674624,MEAN,Mean,ITU_GCI,Global Cybersecurity Index,0,Units,IX,Index,602,CCYY,A,Normal value,PU,Public
datastructure,WB.DATA360:DS_DATA360(1.2),I,A,Annual,BHR,Bahrain,ITU_GCI_GCI_OVRL_SCRE,Global Cybersecurity Index - Overall Score (ITU GCI),_T,Total,_T,All age ranges or no breakdown by age,_T,Total,0_TO_100,0-100 scale,_Z,Not Applicable,_Z,Not Applicable,_Z,Not Applicable,2020,77.8595125430757,MEAN,Mean,ITU_GCI,Global Cybersecurity Index,0,Units,IX,Index,602,CCYY,A,Normal value,PU,Public
datastructure,WB.DATA360:DS_DATA360(1.2),I,A,Annual,BGD,Bangladesh,ITU_GCI_GCI_OVRL_SCRE,Global Cybersecurity Index - Overall Score (ITU GCI),_T,Total,_T,All age ranges or no breakdown by age,_T,Total,0_TO_100,0-100 scale,_Z,Not Applicable,_Z,Not Applicable,_Z,Not Applicable,2020,81.27036583031082,MEAN,Mean,ITU_GCI,Global Cybersecurity Index,0,Units,IX,Index,602,CCYY,A,Normal value,PU,Public
datastructure,WB.DATA360:DS_DATA360(1.2),I,A,Annual,BRB,Barbados,ITU_GCI_GCI_OVRL_SCRE,Global Cybersecurity Index - Overall Score (ITU GCI),_T,Total,_T,All age ranges or no breakdown by age,_T,Total,0_TO_100,0-100 scale,_Z,Not Applicable,_Z,Not Applicable,_Z,Not Applicable,2020,16.894020320517903,MEAN,Mean,ITU_GCI,Global Cybersecurity Index,0,Units,IX,Index,602,CCYY,A,Normal value,PU,Public
datastructure,WB.DATA360:DS_DATA360(1.2),I,A,Annual,BLR,Belarus,ITU_GCI_GCI_OVRL_SCRE,Global Cybersecurity Index - Overall Score (ITU GCI),_T,Total,_T,All age ranges or no breakdown by age,_T,Total,0_TO_100,0-100 scale,_Z,Not Applicable,_Z,Not Applicable,_Z,Not Applicable,2020,50.56683763244383,MEAN,Mean,ITU_GCI,Global Cybersecurity Index,0,Units,IX,Index,602,CCYY,A,Normal value,PU,Public
datastructure,WB.DATA360:DS_DATA360(1.2),I,A,Annual,BEL,Belgium,ITU_GCI_GCI_OVRL_SCRE,Global Cybersecurity Index - Overall Score (ITU GCI),_T,Total,_T,All age ranges or no breakdown by age,_T,Total,0_TO_100,0-100 scale,_Z,Not Applicable,_Z,Not Applicable,_Z,Not Applicable,2020,96.25422116527945,MEAN,Mean,ITU_GCI,Global Cybersecurity Index,0,Units,IX,Index,602,CCYY,A,Normal value,PU,Public
datastructure,WB.DATA360:DS_DATA360(1.2),I,A,Annual,BLZ,Belize,ITU_GCI_GCI_OVRL_SCRE,Global Cybersecurity Index - Overall Score (ITU GCI),_T,Total,_T,All age ranges or no breakdown by age,_T,Total,0_TO_100,0-100 scale,_Z,Not Applicable,_Z,Not Applicable,_Z,Not Applicable,2020,10.29010968891442,MEAN,Mean,ITU_GCI,Global Cybersecurity Index,0,Units,IX,Index,602,CCYY,A,Normal value,PU,Public
datastructure,WB.DATA360:DS_DATA360(1.2),I,A,Annual,BEN,Benin,ITU_GCI_GCI_OVRL_SCRE,Global Cybersecurity Index - Overall Score (ITU GCI),_T,Total,_T,All age ranges or no breakdown by age,_T,Total,0_TO_100,0-100 scale,_Z,Not Applicable,_Z,Not Applicable,_Z,Not Applicable,2020,80.0641298788483,MEAN,Mean,ITU_GCI,Global Cybersecurity Index,0,Units,IX,Index,602,CCYY,A,Normal value,PU,Public
datastructure,WB.DATA360:DS_DATA360(1.2),I,A,Annual,BTN,Bhutan,ITU_GCI_GCI_OVRL_SCRE,Global Cybersecurity Index - Overall Score (ITU GCI),_T,Total,_T,All age ranges or no breakdown by age,_T,Total,0_TO_100,0-100 scale,_Z,Not Applicable,_Z,Not Applicable,_Z,Not Applicable,2020,18.34299671108046,MEAN,Mean,ITU_GCI,Global Cybersecurity Index,0,Units,IX,Index,602,CCYY,A,Normal value,PU,Public
datastructure,WB.DATA360:DS_DATA360(1.2),I,A,Annual,BOL,Bolivia,ITU_GCI_GCI_OVRL_SCRE,Global Cybersecurity Index - Overall Score (ITU GCI),_T,Total,_T,All age ranges or no breakdown by age,_T,Total,0_TO_100,0-100 scale,_Z,Not Applicable,_Z,Not Applicable,_Z,Not Applicable,2020,16.138067652303285,MEAN,Mean,ITU_GCI,Global Cybersecurity Index,0,Units,IX,Index,602,CCYY,A,Normal value,PU,Public
datastructure,WB.DATA360:DS_DATA360(1.2),I,A,Annual,BIH,Bosnia and Herzegovina,ITU_GCI_GCI_OVRL_SCRE,Global Cybersecurity Index - Overall Score (ITU GCI),_T,Total,_T,All age ranges or no breakdown by age,_T,Total,0_TO_100,0-100 scale,_Z,Not Applicable,_Z,Not Applicable,_Z,Not Applicable,2020,29.443871698918457,MEAN,Mean,ITU_GCI,Global Cybersecurity Index,0,Units,IX,Index,602,CCYY,A,Normal value,PU,Public
datastructure,WB.DATA360:DS_DATA360(1.2),I,A,Annual,BWA,Botswana,ITU_GCI_GCI_OVRL_SCRE,Global Cybersecurity Index - Overall Score (ITU GCI),_T,Total,_T,All age ranges or no breakdown by age,_T,Total,0_TO_100,0-100 scale,_Z,Not Applicable,_Z,Not Applicable,_Z,Not Applicable,2020,53.05608520296072,MEAN,Mean,ITU_GCI,Global Cybersecurity Index,0,Units,IX,Index,602,CCYY,A,Normal value,PU,Public
datastructure,WB.DATA360:DS_DATA360(1.2),I,A,Annual,BRA,Brazil,ITU_GCI_GCI_OVRL_SCRE,Global Cybersecurity Index - Overall Score (ITU GCI),_T,Total,_T,All age ranges or no breakdown by age,_T,Total,0_TO_100,0-100 scale,_Z,Not Applicable,_Z,Not Applicable,_Z,Not Applicable,2020,96.5979811759706,MEAN,Mean,ITU_GCI,Global Cybersecurity Index,0,Units,IX,Index,602,CCYY,A,Normal value,PU,Public
datastructure,WB.DATA360:DS_DATA360(1.2),I,A,Annual,BRN,Brunei Darussalam,ITU_GCI_GCI_OVRL_SCRE,Global Cybersecurity Index - Overall Score (ITU GCI),_T,Total,_T,All age ranges or no breakdown by age,_T,Total,0_TO_100,0-100 scale,_Z,Not Applicable,_Z,Not Applicable,_Z,Not Applicable,2020,56.07251283897301,MEAN,Mean,ITU_GCI,Global Cybersecurity Index,0,Units,IX,Index,602,CCYY,A,Normal value,PU,Public
datastructure,WB.DATA360:DS_DATA360(1.2),I,A,Annual,BGR,Bulgaria,ITU_GCI_GCI_OVRL_SCRE,Global Cybersecurity Index - Overall Score (ITU GCI),_T,Total,_T,All age ranges or no breakdown by age,_T,Total,0_TO_100,0-100 scale,_Z,Not Applicable,_Z,Not Applicable,_Z,Not Applicable,2020,67.38238124255135,MEAN,Mean,ITU_GCI,Global Cybersecurity Index,0,Units,IX,Index,602,CCYY,A,Normal value,PU,Public
datastructure,WB.DATA360:DS_DATA360(1.2),I,A,Annual,BFA,Burkina Faso,ITU_GCI_GCI_OVRL_SCRE,Global Cybersecurity Index - Overall Score (ITU GCI),_T,Total,_T,All age ranges or no breakdown by age,_T,Total,0_TO_100,0-100 scale,_Z,Not Applicable,_Z,Not Applicable,_Z,Not Applicable,2020,39.9832384132157,MEAN,Mean,ITU_GCI,Global Cybersecurity Index,0,Units,IX,Index,602,CCYY,A,Normal value,PU,Public
datastructure,WB.DATA360:DS_DATA360(1.2),I,A,Annual,BDI,Burundi,ITU_GCI_GCI_OVRL_SCRE,Global Cybersecurity Index - Overall Score (ITU GCI),_T,Total,_T,All age ranges or no breakdown by age,_T,Total,0_TO_100,0-100 scale,_Z,Not Applicable,_Z,Not Applicable,_Z,Not Applicable,2020,1.727957760407723,MEAN,Mean,ITU_GCI,Global Cybersecurity Index,0,Units,IX,Index,602,CCYY,A,Normal value,PU,Public
datastructure,WB.DATA360:DS_DATA360(1.2),I,A,Annual,CPV,Cabo Verde,ITU_GCI_GCI_OVRL_SCRE,Global Cybersecurity Index - Overall Score (ITU GCI),_T,Total,_T,All age ranges or no breakdown by age,_T,Total,0_TO_100,0-100 scale,_Z,Not Applicable,_Z,Not Applicable,_Z,Not Applicable,2020,17.740108385349988,MEAN,Mean,ITU_GCI,Global Cybersecurity Index,0,Units,IX,Index,602,CCYY,A,Normal value,PU,Public
datastructure,WB.DATA360:DS_DATA360(1.2),I,A,Annual,KHM,Cambodia,ITU_GCI_GCI_OVRL_SCRE,Global Cybersecurity Index - Overall Score (ITU GCI),_T,Total,_T,All age ranges or no breakdown by age,_T,Total,0_TO_100,0-100 scale,_Z,Not Applicable,_Z,Not Applicable,_Z,Not Applicable,2020,19.1158760357082,MEAN,Mean,ITU_GCI,Global Cybersecurity Index,0,Units,IX,Index,602,CCYY,A,Normal value,PU,Public
datastructure,WB.DATA360:DS_DATA360(1.2),I,A,Annual,CMR,Cameroon,ITU_GCI_GCI_OVRL_SCRE,Global Cybersecurity Index - Overall Score (ITU GCI),_T,Total,_T,All age ranges or no breakdown by age,_T,Total,0_TO_100,0-100 scale,_Z,Not Applicable,_Z,Not Applicable,_Z,Not Applicable,2020,45.62663968029979,MEAN,Mean,ITU_GCI,Global Cybersecurity Index,0,Units,IX,Index,602,CCYY,A,Normal value,PU,Public
datastructure,WB.DATA360:DS_DATA360(1.2),I,A,Annual,CAN,Canada,ITU_GCI_GCI_OVRL_SCRE,Global Cybersecurity Index - Overall Score (ITU GCI),_T,Total,_T,All age ranges or no breakdown by age,_T,Total,0_TO_100,0-100 scale,_Z,Not Applicable,_Z,Not Applicable,_Z,Not Applicable,2020,97.67387780428948,MEAN,Mean,ITU_GCI,Global Cybersecurity Index,0,Units,IX,Index,602,CCYY,A,Normal value,PU,Public
datastructure,WB.DATA360:DS_DATA360(1.2),I,A,Annual,CAF,Central African Republic,ITU_GCI_GCI_OVRL_SCRE,Global Cybersecurity Index - Overall Score (ITU GCI),_T,Total,_T,All age ranges or no breakdown by age,_T,Total,0_TO_100,0-100 scale,_Z,Not Applicable,_Z,Not Applicable,_Z,Not Applicable,2020,3.243382479209087,MEAN,Mean,ITU_GCI,Global Cybersecurity Index,0,Units,IX,Index,602,CCYY,A,Normal value,PU,Public
datastructure,WB.DATA360:DS_DATA360(1.2),I,A,Annual,TCD,Chad,ITU_GCI_GCI_OVRL_SCRE,Global Cybersecurity Index - Overall Score (ITU GCI),_T,Total,_T,All age ranges or no breakdown by age,_T,Total,0_TO_100,0-100 scale,_Z,Not Applicable,_Z,Not Applicable,_Z,Not Applicable,2020,40.44057988752824,MEAN,Mean,ITU_GCI,Global Cybersecurity Index,0,Units,IX,Index,602,CCYY,A,Normal value,PU,Public
datastructure,WB.DATA360:DS_DATA360(1.2),I,A,Annual,CHL,Chile,ITU_GCI_GCI_OVRL_SCRE,Global Cybersecurity Index - Overall Score (ITU GCI),_T,Total,_T,All age ranges or no breakdown by age,_T,Total,0_TO_100,0-100 scale,_Z,Not Applicable,_Z,Not Applicable,_Z,Not Applicable,2020,68.82735405468793,MEAN,Mean,ITU_GCI,Global Cybersecurity Index,0,Units,IX,Index,602,CCYY,A,Normal value,PU,Public
datastructure,WB.DATA360:DS_DATA360(1.2),I,A,Annual,CHN,China,ITU_GCI_GCI_OVRL_SCRE,Global Cybersecurity Index - Overall Score (ITU GCI),_T,Total,_T,All age ranges or no breakdown by age,_T,Total,0_TO_100,0-100 scale,_Z,Not Applicable,_Z,Not Applicable,_Z,Not Applicable,2020,92.53398537868163,MEAN,Mean,ITU_GCI,Global Cybersecurity Index,0,Units,IX,Index,602,CCYY,A,Normal value,PU,Public
datastructure,WB.DATA360:DS_DATA360(1.2),I,A,Annual,COL,Colombia,ITU_GCI_GCI_OVRL_SCRE,Global Cybersecurity Index - Overall Score (ITU GCI),_T,Total,_T,All age ranges or no breakdown by age,_T,Total,0_TO_100,0-100 scale,_Z,Not Applicable,_Z,Not Applicable,_Z,Not Applicable,2020,63.72467605918338,MEAN,Mean,ITU_GCI,Global Cybersecurity Index,0,Units,IX,Index,602,CCYY,A,Normal value,PU,Public
datastructure,WB.DATA360:DS_DATA360(1.2),I,A,Annual,COM,Comoros,ITU_GCI_GCI_OVRL_SCRE,Global Cybersecurity Index - Overall Score (ITU GCI),_T,Total,_T,All age ranges or no breakdown by age,_T,Total,0_TO_100,0-100 scale,_Z,Not Applicable,_Z,Not Applicable,_Z,Not Applicable,2020,3.723992221751458,MEAN,Mean,ITU_GCI,Global Cybersecurity Index,0,Units,IX,Index,602,CCYY,A,Normal value,PU,Public
datastructure,WB.DATA360:DS_DATA360(1.2),I,A,Annual,COG,"Congo, Rep.",ITU_GCI_GCI_OVRL_SCRE,Global Cybersecurity Index - Overall Score (ITU GCI),_T,Total,_T,All age ranges or no breakdown by age,_T,Total,0_TO_100,0-100 scale,_Z,Not Applicable,_Z,Not Applicable,_Z,Not Applicable,2020,14.717671729517086,MEAN,Mean,ITU_GCI,Global Cybersecurity Index,0,Units,IX,Index,602,CCYY,A,Normal value,PU,Public
datastructure,WB.DATA360:DS_DATA360(1.2),I,A,Annual,CRI,Costa Rica,ITU_GCI_GCI_OVRL_SCRE,Global Cybersecurity Index - Overall Score (ITU GCI),_T,Total,_T,All age ranges or no breakdown by age,_T,Total,0_TO_100,0-100 scale,_Z,Not Applicable,_Z,Not Applicable,_Z,Not Applicable,2020,67.45223272636754,MEAN,Mean,ITU_GCI,Global Cybersecurity Index,0,Units,IX,Index,602,CCYY,A,Normal value,PU,Public
datastructure,WB.DATA360:DS_DATA360(1.2),I,A,Annual,CIV,Cote d'Ivoire,ITU_GCI_GCI_OVRL_SCRE,Global Cybersecurity Index - Overall Score (ITU GCI),_T,Total,_T,All age ranges or no breakdown by age,_T,Total,0_TO_100,0-100 scale,_Z,Not Applicable,_Z,Not Applicable,_Z,Not Applicable,2020,67.82323567936865,MEAN,Mean,ITU_GCI,Global Cybersecurity Index,0,Units,IX,Index,602,CCYY,A,Normal value,PU,Public
datastructure,WB.DATA360:DS_DATA360(1.2),I,A,Annual,HRV,Croatia,ITU_GCI_GCI_OVRL_SCRE,Global Cybersecurity Index - Overall Score (ITU GCI),_T,Total,_T,All age ranges or no breakdown by age,_T,Total,0_TO_100,0-100 scale,_Z,Not Applicable,_Z,Not Applicable,_Z,Not Applicable,2020,92.52586788043143,MEAN,Mean,ITU_GCI,Global Cybersecurity Index,0,Units,IX,Index,602,CCYY,A,Normal value,PU,Public
datastructure,WB.DATA360:DS_DATA360(1.2),I,A,Annual,CUB,Cuba,ITU_GCI_GCI_OVRL_SCRE,Global Cybersecurity Index - Overall Score (ITU GCI),_T,Total,_T,All age ranges or no breakdown by age,_T,Total,0_TO_100,0-100 scale,_Z,Not Applicable,_Z,Not Applicable,_Z,Not Applicable,2020,58.75716009510822,MEAN,Mean,ITU_GCI,Global Cybersecurity Index,0,Units,IX,Index,602,CCYY,A,Normal value,PU,Public
datastructure,WB.DATA360:DS_DATA360(1.2),I,A,Annual,CYP,Cyprus,ITU_GCI_GCI_OVRL_SCRE,Global Cybersecurity Index - Overall Score (ITU GCI),_T,Total,_T,All age ranges or no breakdown by age,_T,Total,0_TO_100,0-100 scale,_Z,Not Applicable,_Z,Not Applicable,_Z,Not Applicable,2020,88.81889345091807,MEAN,Mean,ITU_GCI,Global Cybersecurity Index,0,Units,IX,Index,602,CCYY,A,Normal value,PU,Public
datastructure,WB.DATA360:DS_DATA360(1.2),I,A,Annual,CZE,Czechia,ITU_GCI_GCI_OVRL_SCRE,Global Cybersecurity Index - Overall Score (ITU GCI),_T,Total,_T,All age ranges or no breakdown by age,_T,Total,0_TO_100,0-100 scale,_Z,Not Applicable,_Z,Not Applicable,_Z,Not Applicable,2020,74.37301698956526,MEAN,Mean,ITU_GCI,Global Cybersecurity Index,0,Units,IX,Index,602,CCYY,A,Normal value,PU,Public
datastructure,WB.DATA360:DS_DATA360(1.2),I,A,Annual,PRK,"Korea, Dem. People's Rep.",ITU_GCI_GCI_OVRL_SCRE,Global Cybersecurity Index - Overall Score (ITU GCI),_T,Total,_T,All age ranges or no breakdown by age,_T,Total,0_TO_100,0-100 scale,_Z,Not Applicable,_Z,Not Applicable,_Z,Not Applicable,2020,1.347571154447661,MEAN,Mean,ITU_GCI,Global Cybersecurity Index,0,Units,IX,Index,602,CCYY,A,Normal value,PU,Public
datastructure,WB.DATA360:DS_DATA360(1.2),I,A,Annual,COD,"Congo, Dem. Rep.",ITU_GCI_GCI_OVRL_SCRE,Global Cybersecurity Index - Overall Score (ITU GCI),_T,Total,_T,All age ranges or no breakdown by age,_T,Total,0_TO_100,0-100 scale,_Z,Not Applicable,_Z,Not Applicable,_Z,Not Applicable,2020,5.296650994351706,MEAN,Mean,ITU_GCI,Global Cybersecurity Index,0,Units,IX,Index,602,CCYY,A,Normal value,PU,Public
datastructure,WB.DATA360:DS_DATA360(1.2),I,A,Annual,DNK,Denmark,ITU_GCI_GCI_OVRL_SCRE,Global Cybersecurity Index - Overall Score (ITU GCI),_T,Total,_T,All age ranges or no breakdown by age,_T,Total,0_TO_100,0-100 scale,_Z,Not Applicable,_Z,Not Applicable,_Z,Not Applicable,2020,92.59638614091,MEAN,Mean,ITU_GCI,Global Cybersecurity Index,0,Units,IX,Index,602,CCYY,A,Normal value,PU,Public
datastructure,WB.DATA360:DS_DATA360(1.2),I,A,Annual,DJI,Djibouti,ITU_GCI_GCI_OVRL_SCRE,Global Cybersecurity Index - Overall Score (ITU GCI),_T,Total,_T,All age ranges or no breakdown by age,_T,Total,0_TO_100,0-100 scale,_Z,Not Applicable,_Z,Not Applicable,_Z,Not Applicable,2020,1.727957760407723,MEAN,Mean,ITU_GCI,Global Cybersecurity Index,0,Units,IX,Index,602,CCYY,A,Normal value,PU,Public
datastructure,WB.DATA360:DS_DATA360(1.2),I,A,Annual,DMA,Dominica,ITU_GCI_GCI_OVRL_SCRE,Global Cybersecurity Index - Overall Score (ITU GCI),_T,Total,_T,All age ranges or no breakdown by age,_T,Total,0_TO_100,0-100 scale,_Z,Not Applicable,_Z,Not Applicable,_Z,Not Applicable,2020,4.200134446009717,MEAN,Mean,ITU_GCI,Global Cybersecurity Index,0,Units,IX,Index,602,CCYY,A,Normal value,PU,Public
datastructure,WB.DATA360:DS_DATA360(1.2),I,A,Annual,DOM,Dominican Republic,ITU_GCI_GCI_OVRL_SCRE,Global Cybersecurity Index - Overall Score (ITU GCI),_T,Total,_T,All age ranges or no breakdown by age,_T,Total,0_TO_100,0-100 scale,_Z,Not Applicable,_Z,Not Applicable,_Z,Not Applicable,2020,75.06875939472309,MEAN,Mean,ITU_GCI,Global Cybersecurity Index,0,Units,IX,Index,602,CCYY,A,Normal value,PU,Public
datastructure,WB.DATA360:DS_DATA360(1.2),I,A,Annual,ECU,Ecuador,ITU_GCI_GCI_OVRL_SCRE,Global Cybersecurity Index - Overall Score (ITU GCI),_T,Total,_T,All age ranges or no breakdown by age,_T,Total,0_TO_100,0-100 scale,_Z,Not Applicable,_Z,Not Applicable,_Z,Not Applicable,2020,26.298061330912244,MEAN,Mean,ITU_GCI,Global Cybersecurity Index,0,Units,IX,Index,602,CCYY,A,Normal value,PU,Public
datastructure,WB.DATA360:DS_DATA360(1.2),I,A,Annual,EGY,"Egypt, Arab Rep.",ITU_GCI_GCI_OVRL_SCRE,Global Cybersecurity Index - Overall Score (ITU GCI),_T,Total,_T,All age ranges or no breakdown by age,_T,Total,0_TO_100,0-100 scale,_Z,Not Applicable,_Z,Not Applicable,_Z,Not Applicable,2020,95.48429721074392,MEAN,Mean,ITU_GCI,Global Cybersecurity Index,0,Units,IX,Index,602,CCYY,A,Normal value,PU,Public
datastructure,WB.DATA360:DS_DATA360(1.2),I,A,Annual,SLV,El Salvador,ITU_GCI_GCI_OVRL_SCRE,Global Cybersecurity Index - Overall Score (ITU GCI),_T,Total,_T,All age ranges or no breakdown by age,_T,Total,0_TO_100,0-100 scale,_Z,Not Applicable,_Z,Not Applicable,_Z,Not Applicable,2020,13.298676914923025,MEAN,Mean,ITU_GCI,Global Cybersecurity Index,0,Units,IX,Index,602,CCYY,A,Normal value,PU,Public
datastructure,WB.DATA360:DS_DATA360(1.2),I,A,Annual,GNQ,Equatorial Guinea,ITU_GCI_GCI_OVRL_SCRE,Global Cybersecurity Index - Overall Score (ITU GCI),_T,Total,_T,All age ranges or no breakdown by age,_T,Total,0_TO_100,0-100 scale,_Z,Not Applicable,_Z,Not Applicable,_Z,Not Applicable,2020,1.4600374400603742,MEAN,Mean,ITU_GCI,Global Cybersecurity Index,0,Units,IX,Index,602,CCYY,A,Normal value,PU,Public
datastructure,WB.DATA360:DS_DATA360(1.2),I,A,Annual,ERI,Eritrea,ITU_GCI_GCI_OVRL_SCRE,Global Cybersecurity Index - Overall Score (ITU GCI),_T,Total,_T,All age ranges or no breakdown by age,_T,Total,0_TO_100,0-100 scale,_Z,Not Applicable,_Z,Not Applicable,_Z,Not Applicable,2020,1.727957760407723,MEAN,Mean,ITU_GCI,Global Cybersecurity Index,0,Units,IX,Index,602,CCYY,A,Normal value,PU,Public
datastructure,WB.DATA360:DS_DATA360(1.2),I,A,Annual,EST,Estonia,ITU_GCI_GCI_OVRL_SCRE,Global Cybersecurity Index - Overall Score (ITU GCI),_T,Total,_T,All age ranges or no breakdown by age,_T,Total,0_TO_100,0-100 scale,_Z,Not Applicable,_Z,Not Applicable,_Z,Not Applicable,2020,99.482637483368,MEAN,Mean,ITU_GCI,Global Cybersecurity Index,0,Units,IX,Index,602,CCYY,A,Normal value,PU,Public
datastructure,WB.DATA360:DS_DATA360(1.2),I,A,Annual,SWZ,Eswatini,ITU_GCI_GCI_OVRL_SCRE,Global Cybersecurity Index - Overall Score (ITU GCI),_T,Total,_T,All age ranges or no breakdown by age,_T,Total,0_TO_100,0-100 scale,_Z,Not Applicable,_Z,Not Applicable,_Z,Not Applicable,2020,18.230235888384385,MEAN,Mean,ITU_GCI,Global Cybersecurity Index,0,Units,IX,Index,602,CCYY,A,Normal value,PU,Public
datastructure,WB.DATA360:DS_DATA360(1.2),I,A,Annual,ETH,Ethiopia,ITU_GCI_GCI_OVRL_SCRE,Global Cybersecurity Index - Overall Score (ITU GCI),_T,Total,_T,All age ranges or no breakdown by age,_T,Total,0_TO_100,0-100 scale,_Z,Not Applicable,_Z,Not Applicable,_Z,Not Applicable,2020,27.742517304576413,MEAN,Mean,ITU_GCI,Global Cybersecurity Index,0,Units,IX,Index,602,CCYY,A,Normal value,PU,Public
datastructure,WB.DATA360:DS_DATA360(1.2),I,A,Annual,FJI,Fiji,ITU_GCI_GCI_OVRL_SCRE,Global Cybersecurity Index - Overall Score (ITU GCI),_T,Total,_T,All age ranges or no breakdown by age,_T,Total,0_TO_100,0-100 scale,_Z,Not Applicable,_Z,Not Applicable,_Z,Not Applicable,2020,29.075341651133897,MEAN,Mean,ITU_GCI,Global Cybersecurity Index,0,Units,IX,Index,602,CCYY,A,Normal value,PU,Public
datastructure,WB.DATA360:DS_DATA360(1.2),I,A,Annual,FIN,Finland,ITU_GCI_GCI_OVRL_SCRE,Global Cybersecurity Index - Overall Score (ITU GCI),_T,Total,_T,All age ranges or no breakdown by age,_T,Total,0_TO_100,0-100 scale,_Z,Not Applicable,_Z,Not Applicable,_Z,Not Applicable,2020,95.77802657677049,MEAN,Mean,ITU_GCI,Global Cybersecurity Index,0,Units,IX,Index,602,CCYY,A,Normal value,PU,Public
datastructure,WB.DATA360:DS_DATA360(1.2),I,A,Annual,FRA,France,ITU_GCI_GCI_OVRL_SCRE,Global Cybersecurity Index - Overall Score (ITU GCI),_T,Total,_T,All age ranges or no breakdown by age,_T,Total,0_TO_100,0-100 scale,_Z,Not Applicable,_Z,Not Applicable,_Z,Not Applicable,2020,97.60198444858491,MEAN,Mean,ITU_GCI,Global Cybersecurity Index,0,Units,IX,Index,602,CCYY,A,Normal value,PU,Public
datastructure,WB.DATA360:DS_DATA360(1.2),I,A,Annual,GAB,Gabon,ITU_GCI_GCI_OVRL_SCRE,Global Cybersecurity Index - Overall Score (ITU GCI),_T,Total,_T,All age ranges or no breakdown by age,_T,Total,0_TO_100,0-100 scale,_Z,Not Applicable,_Z,Not Applicable,_Z,Not Applicable,2020,11.375690324744804,MEAN,Mean,ITU_GCI,Global Cybersecurity Index,0,Units,IX,Index,602,CCYY,A,Normal value,PU,Public
datastructure,WB.DATA360:DS_DATA360(1.2),I,A,Annual,GMB,"Gambia, The",ITU_GCI_GCI_OVRL_SCRE,Global Cybersecurity Index - Overall Score (ITU GCI),_T,Total,_T,All age ranges or no breakdown by age,_T,Total,0_TO_100,0-100 scale,_Z,Not Applicable,_Z,Not Applicable,_Z,Not Applicable,2020,32.12214021964833,MEAN,Mean,ITU_GCI,Global Cybersecurity Index,0,Units,IX,Index,602,CCYY,A,Normal value,PU,Public
datastructure,WB.DATA360:DS_DATA360(1.2),I,A,Annual,GEO,Georgia,ITU_GCI_GCI_OVRL_SCRE,Global Cybersecurity Index - Overall Score (ITU GCI),_T,Total,_T,All age ranges or no breakdown by age,_T,Total,0_TO_100,0-100 scale,_Z,Not Applicable,_Z,Not Applicable,_Z,Not Applicable,2020,81.06505790050059,MEAN,Mean,ITU_GCI,Global Cybersecurity Index,0,Units,IX,Index,602,CCYY,A,Normal value,PU,Public
datastructure,WB.DATA360:DS_DATA360(1.2),I,A,Annual,DEU,Germany,ITU_GCI_GCI_OVRL_SCRE,Global Cybersecurity Index - Overall Score (ITU GCI),_T,Total,_T,All age ranges or no breakdown by age,_T,Total,0_TO_100,0-100 scale,_Z,Not Applicable,_Z,Not Applicable,_Z,Not Applicable,2020,97.4100931507712,MEAN,Mean,ITU_GCI,Global Cybersecurity Index,0,Units,IX,Index,602,CCYY,A,Normal value,PU,Public
datastructure,WB.DATA360:DS_DATA360(1.2),I,A,Annual,GHA,Ghana,ITU_GCI_GCI_OVRL_SCRE,Global Cybersecurity Index - Overall Score (ITU GCI),_T,Total,_T,All age ranges or no breakdown by age,_T,Total,0_TO_100,0-100 scale,_Z,Not Applicable,_Z,Not Applicable,_Z,Not Applicable,2020,86.68728117435491,MEAN,Mean,ITU_GCI,Global Cybersecurity Index,0,Units,IX,Index,602,CCYY,A,Normal value,PU,Public
datastructure,WB.DATA360:DS_DATA360(1.2),I,A,Annual,GRC,Greece,ITU_GCI_GCI_OVRL_SCRE,Global Cybersecurity Index - Overall Score (ITU GCI),_T,Total,_T,All age ranges or no breakdown by age,_T,Total,0_TO_100,0-100 scale,_Z,Not Applicable,_Z,Not Applicable,_Z,Not Applicable,2020,93.9826919455881,MEAN,Mean,ITU_GCI,Global Cybersecurity Index,0,Units,IX,Index,602,CCYY,A,Normal value,PU,Public
datastructure,WB.DATA360:DS_DATA360(1.2),I,A,Annual,GRD,Grenada,ITU_GCI_GCI_OVRL_SCRE,Global Cybersecurity Index - Overall Score (ITU GCI),_T,Total,_T,All age ranges or no breakdown by age,_T,Total,0_TO_100,0-100 scale,_Z,Not Applicable,_Z,Not Applicable,_Z,Not Applicable,2020,9.412871644052416,MEAN,Mean,ITU_GCI,Global Cybersecurity Index,0,Units,IX,Index,602,CCYY,A,Normal value,PU,Public
datastructure,WB.DATA360:DS_DATA360(1.2),I,A,Annual,GTM,Guatemala,ITU_GCI_GCI_OVRL_SCRE,Global Cybersecurity Index - Overall Score (ITU GCI),_T,Total,_T,All age ranges or no breakdown by age,_T,Total,0_TO_100,0-100 scale,_Z,Not Applicable,_Z,Not Applicable,_Z,Not Applicable,2020,13.128409671750829,MEAN,Mean,ITU_GCI,Global Cybersecurity Index,0,Units,IX,Index,602,CCYY,A,Normal value,PU,Public
datastructure,WB.DATA360:DS_DATA360(1.2),I,A,Annual,GIN,Guinea,ITU_GCI_GCI_OVRL_SCRE,Global Cybersecurity Index - Overall Score (ITU GCI),_T,Total,_T,All age ranges or no breakdown by age,_T,Total,0_TO_100,0-100 scale,_Z,Not Applicable,_Z,Not Applicable,_Z,Not Applicable,2020,20.525536809173424,MEAN,Mean,ITU_GCI,Global Cybersecurity Index,0,Units,IX,Index,602,CCYY,A,Normal value,PU,Public
datastructure,WB.DATA360:DS_DATA360(1.2),I,A,Annual,GNB,Guinea-Bissau,ITU_GCI_GCI_OVRL_SCRE,Global Cybersecurity Index - Overall Score (ITU GCI),_T,Total,_T,All age ranges or no breakdown by age,_T,Total,0_TO_100,0-100 scale,_Z,Not Applicable,_Z,Not Applicable,_Z,Not Applicable,2020,9.848674476677724,MEAN,Mean,ITU_GCI,Global Cybersecurity Index,0,Units,IX,Index,602,CCYY,A,Normal value,PU,Public
datastructure,WB.DATA360:DS_DATA360(1.2),I,A,Annual,GUY,Guyana,ITU_GCI_GCI_OVRL_SCRE,Global Cybersecurity Index - Overall Score (ITU GCI),_T,Total,_T,All age ranges or no breakdown by age,_T,Total,0_TO_100,0-100 scale,_Z,Not Applicable,_Z,Not Applicable,_Z,Not Applicable,2020,28.10906637723197,MEAN,Mean,ITU_GCI,Global Cybersecurity Index,0,Units,IX,Index,602,CCYY,A,Normal value,PU,Public
datastructure,WB.DATA360:DS_DATA360(1.2),I,A,Annual,HTI,Haiti,ITU_GCI_GCI_OVRL_SCRE,Global Cybersecurity Index - Overall Score (ITU GCI),_T,Total,_T,All age ranges or no breakdown by age,_T,Total,0_TO_100,0-100 scale,_Z,Not Applicable,_Z,Not Applicable,_Z,Not Applicable,2020,6.4020982110513724,MEAN,Mean,ITU_GCI,Global Cybersecurity Index,0,Units,IX,Index,602,CCYY,A,Normal value,PU,Public
datastructure,WB.DATA360:DS_DATA360(1.2),I,A,Annual,HND,Honduras,ITU_GCI_GCI_OVRL_SCRE,Global Cybersecurity Index - Overall Score (ITU GCI),_T,Total,_T,All age ranges or no breakdown by age,_T,Total,0_TO_100,0-100 scale,_Z,Not Applicable,_Z,Not Applicable,_Z,Not Applicable,2020,2.2045693397103268,MEAN,Mean,ITU_GCI,Global Cybersecurity Index,0,Units,IX,Index,602,CCYY,A,Normal value,PU,Public
datastructure,WB.DATA360:DS_DATA360(1.2),I,A,Annual,HUN,Hungary,ITU_GCI_GCI_OVRL_SCRE,Global Cybersecurity Index - Overall Score (ITU GCI),_T,Total,_T,All age ranges or no breakdown by age,_T,Total,0_TO_100,0-100 scale,_Z,Not Applicable,_Z,Not Applicable,_Z,Not Applicable,2020,91.2753036075304,MEAN,Mean,ITU_GCI,Global Cybersecurity Index,0,Units,IX,Index,602,CCYY,A,Normal value,PU,Public
datastructure,WB.DATA360:DS_DATA360(1.2),I,A,Annual,ISL,Iceland,ITU_GCI_GCI_OVRL_SCRE,Global Cybersecurity Index - Overall Score (ITU GCI),_T,Total,_T,All age ranges or no breakdown by age,_T,Total,0_TO_100,0-100 scale,_Z,Not Applicable,_Z,Not Applicable,_Z,Not Applicable,2020,79.80678946278535,MEAN,Mean,ITU_GCI,Global Cybersecurity Index,0,Units,IX,Index,602,CCYY,A,Normal value,PU,Public
datastructure,WB.DATA360:DS_DATA360(1.2),I,A,Annual,IND,India,ITU_GCI_GCI_OVRL_SCRE,Global Cybersecurity Index - Overall Score (ITU GCI),_T,Total,_T,All age ranges or no breakdown by age,_T,Total,0_TO_100,0-100 scale,_Z,Not Applicable,_Z,Not Applicable,_Z,Not Applicable,2020,97.49450579769008,MEAN,Mean,ITU_GCI,Global Cybersecurity Index,0,Units,IX,Index,602,CCYY,A,Normal value,PU,Public
datastructure,WB.DATA360:DS_DATA360(1.2),I,A,Annual,IDN,Indonesia,ITU_GCI_GCI_OVRL_SCRE,Global Cybersecurity Index - Overall Score (ITU GCI),_T,Total,_T,All age ranges or no breakdown by age,_T,Total,0_TO_100,0-100 scale,_Z,Not Applicable,_Z,Not Applicable,_Z,Not Applicable,2020,94.88161470716162,MEAN,Mean,ITU_GCI,Global Cybersecurity Index,0,Units,IX,Index,602,CCYY,A,Normal value,PU,Public
datastructure,WB.DATA360:DS_DATA360(1.2),I,A,Annual,IRN,"Iran, Islamic Rep.",ITU_GCI_GCI_OVRL_SCRE,Global Cybersecurity Index - Overall Score (ITU GCI),_T,Total,_T,All age ranges or no breakdown by age,_T,Total,0_TO_100,0-100 scale,_Z,Not Applicable,_Z,Not Applicable,_Z,Not Applicable,2020,81.05807975824983,MEAN,Mean,ITU_GCI,Global Cybersecurity Index,0,Units,IX,Index,602,CCYY,A,Normal value,PU,Public
datastructure,WB.DATA360:DS_DATA360(1.2),I,A,Annual,IRQ,Iraq,ITU_GCI_GCI_OVRL_SCRE,Global Cybersecurity Index - Overall Score (ITU GCI),_T,Total,_T,All age ranges or no breakdown by age,_T,Total,0_TO_100,0-100 scale,_Z,Not Applicable,_Z,Not Applicable,_Z,Not Applicable,2020,20.714663395684408,MEAN,Mean,ITU_GCI,Global Cybersecurity Index,0,Units,IX,Index,602,CCYY,A,Normal value,PU,Public
datastructure,WB.DATA360:DS_DATA360(1.2),I,A,Annual,IRL,Ireland,ITU_GCI_GCI_OVRL_SCRE,Global Cybersecurity Index - Overall Score (ITU GCI),_T,Total,_T,All age ranges or no breakdown by age,_T,Total,0_TO_100,0-100 scale,_Z,Not Applicable,_Z,Not Applicable,_Z,Not Applicable,2020,85.85878880707858,MEAN,Mean,ITU_GCI,Global Cybersecurity Index,0,Units,IX,Index,602,CCYY,A,Normal value,PU,Public
datastructure,WB.DATA360:DS_DATA360(1.2),I,A,Annual,ISR,Israel,ITU_GCI_GCI_OVRL_SCRE,Global Cybersecurity Index - Overall Score (ITU GCI),_T,Total,_T,All age ranges or no breakdown by age,_T,Total,0_TO_100,0-100 scale,_Z,Not Applicable,_Z,Not Applicable,_Z,Not Applicable,2020,90.93233883644888,MEAN,Mean,ITU_GCI,Global Cybersecurity Index,0,Units,IX,Index,602,CCYY,A,Normal value,PU,Public
datastructure,WB.DATA360:DS_DATA360(1.2),I,A,Annual,ITA,Italy,ITU_GCI_GCI_OVRL_SCRE,Global Cybersecurity Index - Overall Score (ITU GCI),_T,Total,_T,All age ranges or no breakdown by age,_T,Total,0_TO_100,0-100 scale,_Z,Not Applicable,_Z,Not Applicable,_Z,Not Applicable,2020,96.1269106550618,MEAN,Mean,ITU_GCI,Global Cybersecurity Index,0,Units,IX,Index,602,CCYY,A,Normal value,PU,Public
datastructure,WB.DATA360:DS_DATA360(1.2),I,A,Annual,JAM,Jamaica,ITU_GCI_GCI_OVRL_SCRE,Global Cybersecurity Index - Overall Score (ITU GCI),_T,Total,_T,All age ranges or no breakdown by age,_T,Total,0_TO_100,0-100 scale,_Z,Not Applicable,_Z,Not Applicable,_Z,Not Applicable,2020,32.527188361000015,MEAN,Mean,ITU_GCI,Global Cybersecurity Index,0,Units,IX,Index,602,CCYY,A,Normal value,PU,Public
datastructure,WB.DATA360:DS_DATA360(1.2),I,A,Annual,JPN,Japan,ITU_GCI_GCI_OVRL_SCRE,Global Cybersecurity Index - Overall Score (ITU GCI),_T,Total,_T,All age ranges or no breakdown by age,_T,Total,0_TO_100,0-100 scale,_Z,Not Applicable,_Z,Not Applicable,_Z,Not Applicable,2020,97.8186187857858,MEAN,Mean,ITU_GCI,Global Cybersecurity Index,0,Units,IX,Index,602,CCYY,A,Normal value,PU,Public
datastructure,WB.DATA360:DS_DATA360(1.2),I,A,Annual,JOR,Jordan,ITU_GCI_GCI_OVRL_SCRE,Global Cybersecurity Index - Overall Score (ITU GCI),_T,Total,_T,All age ranges or no breakdown by age,_T,Total,0_TO_100,0-100 scale,_Z,Not Applicable,_Z,Not Applicable,_Z,Not Applicable,2020,70.95522471902197,MEAN,Mean,ITU_GCI,Global Cybersecurity Index,0,Units,IX,Index,602,CCYY,A,Normal value,PU,Public
datastructure,WB.DATA360:DS_DATA360(1.2),I,A,Annual,KAZ,Kazakhstan,ITU_GCI_GCI_OVRL_SCRE,Global Cybersecurity Index - Overall Score (ITU GCI),_T,Total,_T,All age ranges or no breakdown by age,_T,Total,0_TO_100,0-100 scale,_Z,Not Applicable,_Z,Not Applicable,_Z,Not Applicable,2020,93.1529940774246,MEAN,Mean,ITU_GCI,Global Cybersecurity Index,0,Units,IX,Index,602,CCYY,A,Normal value,PU,Public
datastructure,WB.DATA360:DS_DATA360(1.2),I,A,Annual,KEN,Kenya,ITU_GCI_GCI_OVRL_SCRE,Global Cybersecurity Index - Overall Score (ITU GCI),_T,Total,_T,All age ranges or no breakdown by age,_T,Total,0_TO_100,0-100 scale,_Z,Not Applicable,_Z,Not Applicable,_Z,Not Applicable,2020,81.69558311060074,MEAN,Mean,ITU_GCI,Global Cybersecurity Index,0,Units,IX,Index,602,CCYY,A,Normal value,PU,Public
datastructure,WB.DATA360:DS_DATA360(1.2),I,A,Annual,KIR,Kiribati,ITU_GCI_GCI_OVRL_SCRE,Global Cybersecurity Index - Overall Score (ITU GCI),_T,Total,_T,All age ranges or no breakdown by age,_T,Total,0_TO_100,0-100 scale,_Z,Not Applicable,_Z,Not Applicable,_Z,Not Applicable,2020,13.842499246348728,MEAN,Mean,ITU_GCI,Global Cybersecurity Index,0,Units,IX,Index,602,CCYY,A,Normal value,PU,Public
datastructure,WB.DATA360:DS_DATA360(1.2),I,A,Annual,KWT,Kuwait,ITU_GCI_GCI_OVRL_SCRE,Global Cybersecurity Index - Overall Score (ITU GCI),_T,Total,_T,All age ranges or no breakdown by age,_T,Total,0_TO_100,0-100 scale,_Z,Not Applicable,_Z,Not Applicable,_Z,Not Applicable,2020,75.05126270651475,MEAN,Mean,ITU_GCI,Global Cybersecurity Index,0,Units,IX,Index,602,CCYY,A,Normal value,PU,Public
datastructure,WB.DATA360:DS_DATA360(1.2),I,A,Annual,KGZ,Kyrgyz Republic,ITU_GCI_GCI_OVRL_SCRE,Global Cybersecurity Index - Overall Score (ITU GCI),_T,Total,_T,All age ranges or no breakdown by age,_T,Total,0_TO_100,0-100 scale,_Z,Not Applicable,_Z,Not Applicable,_Z,Not Applicable,2020,49.63715318655919,MEAN,Mean,ITU_GCI,Global Cybersecurity Index,0,Units,IX,Index,602,CCYY,A,Normal value,PU,Public
datastructure,WB.DATA360:DS_DATA360(1.2),I,A,Annual,LAO,Lao PDR,ITU_GCI_GCI_OVRL_SCRE,Global Cybersecurity Index - Overall Score (ITU GCI),_T,Total,_T,All age ranges or no breakdown by age,_T,Total,0_TO_100,0-100 scale,_Z,Not Applicable,_Z,Not Applicable,_Z,Not Applicable,2020,20.34444641645468,MEAN,Mean,ITU_GCI,Global Cybersecurity Index,0,Units,IX,Index,602,CCYY,A,Normal value,PU,Public
datastructure,WB.DATA360:DS_DATA360(1.2),I,A,Annual,LVA,Latvia,ITU_GCI_GCI_OVRL_SCRE,Global Cybersecurity Index - Overall Score (ITU GCI),_T,Total,_T,All age ranges or no breakdown by age,_T,Total,0_TO_100,0-100 scale,_Z,Not Applicable,_Z,Not Applicable,_Z,Not Applicable,2020,97.2805269516682,MEAN,Mean,ITU_GCI,Global Cybersecurity Index,0,Units,IX,Index,602,CCYY,A,Normal value,PU,Public
datastructure,WB.DATA360:DS_DATA360(1.2),I,A,Annual,LBN,Lebanon,ITU_GCI_GCI_OVRL_SCRE,Global Cybersecurity Index - Overall Score (ITU GCI),_T,Total,_T,All age ranges or no breakdown by age,_T,Total,0_TO_100,0-100 scale,_Z,Not Applicable,_Z,Not Applicable,_Z,Not Applicable,2020,30.43860529854452,MEAN,Mean,ITU_GCI,Global Cybersecurity Index,0,Units,IX,Index,602,CCYY,A,Normal value,PU,Public
datastructure,WB.DATA360:DS_DATA360(1.2),I,A,Annual,LSO,Lesotho,ITU_GCI_GCI_OVRL_SCRE,Global Cybersecurity Index - Overall Score (ITU GCI),_T,Total,_T,All age ranges or no breakdown by age,_T,Total,0_TO_100,0-100 scale,_Z,Not Applicable,_Z,Not Applicable,_Z,Not Applicable,2020,9.07911844353884,MEAN,Mean,ITU_GCI,Global Cybersecurity Index,0,Units,IX,Index,602,CCYY,A,Normal value,PU,Public
datastructure,WB.DATA360:DS_DATA360(1.2),I,A,Annual,LBR,Liberia,ITU_GCI_GCI_OVRL_SCRE,Global Cybersecurity Index - Overall Score (ITU GCI),_T,Total,_T,All age ranges or no breakdown by age,_T,Total,0_TO_100,0-100 scale,_Z,Not Applicable,_Z,Not Applicable,_Z,Not Applicable,2020,9.724174056340743,MEAN,Mean,ITU_GCI,Global Cybersecurity Index,0,Units,IX,Index,602,CCYY,A,Normal value,PU,Public
datastructure,WB.DATA360:DS_DATA360(1.2),I,A,Annual,LBY,Libya,ITU_GCI_GCI_OVRL_SCRE,Global Cybersecurity Index - Overall Score (ITU GCI),_T,Total,_T,All age ranges or no breakdown by age,_T,Total,0_TO_100,0-100 scale,_Z,Not Applicable,_Z,Not Applicable,_Z,Not Applicable,2020,28.780504218139697,MEAN,Mean,ITU_GCI,Global Cybersecurity Index,0,Units,IX,Index,602,CCYY,A,Normal value,PU,Public
datastructure,WB.DATA360:DS_DATA360(1.2),I,A,Annual,LIE,Liechtenstein,ITU_GCI_GCI_OVRL_SCRE,Global Cybersecurity Index - Overall Score (ITU GCI),_T,Total,_T,All age ranges or no breakdown by age,_T,Total,0_TO_100,0-100 scale,_Z,Not Applicable,_Z,Not Applicable,_Z,Not Applicable,2020,35.15399622440156,MEAN,Mean,ITU_GCI,Global Cybersecurity Index,0,Units,IX,Index,602,CCYY,A,Normal value,PU,Public
datastructure,WB.DATA360:DS_DATA360(1.2),I,A,Annual,LTU,Lithuania,ITU_GCI_GCI_OVRL_SCRE,Global Cybersecurity Index - Overall Score (ITU GCI),_T,Total,_T,All age ranges or no breakdown by age,_T,Total,0_TO_100,0-100 scale,_Z,Not Applicable,_Z,Not Applicable,_Z,Not Applicable,2020,97.9274556674032,MEAN,Mean,ITU_GCI,Global Cybersecurity Index,0,Units,IX,Index,602,CCYY,A,Normal value,PU,Public
datastructure,WB.DATA360:DS_DATA360(1.2),I,A,Annual,LUX,Luxembourg,ITU_GCI_GCI_OVRL_SCRE,Global Cybersecurity Index - Overall Score (ITU GCI),_T,Total,_T,All age ranges or no breakdown by age,_T,Total,0_TO_100,0-100 scale,_Z,Not Applicable,_Z,Not Applicable,_Z,Not Applicable,2020,97.4100931507712,MEAN,Mean,ITU_GCI,Global Cybersecurity Index,0,Units,IX,Index,602,CCYY,A,Normal value,PU,Public
datastructure,WB.DATA360:DS_DATA360(1.2),I,A,Annual,MDG,Madagascar,ITU_GCI_GCI_OVRL_SCRE,Global Cybersecurity Index - Overall Score (ITU GCI),_T,Total,_T,All age ranges or no breakdown by age,_T,Total,0_TO_100,0-100 scale,_Z,Not Applicable,_Z,Not Applicable,_Z,Not Applicable,2020,23.32595571849347,MEAN,Mean,ITU_GCI,Global Cybersecurity Index,0,Units,IX,Index,602,CCYY,A,Normal value,PU,Public
datastructure,WB.DATA360:DS_DATA360(1.2),I,A,Annual,MWI,Malawi,ITU_GCI_GCI_OVRL_SCRE,Global Cybersecurity Index - Overall Score (ITU GCI),_T,Total,_T,All age ranges or no breakdown by age,_T,Total,0_TO_100,0-100 scale,_Z,Not Applicable,_Z,Not Applicable,_Z,Not Applicable,2020,36.82955060704771,MEAN,Mean,ITU_GCI,Global Cybersecurity Index,0,Units,IX,Index,602,CCYY,A,Normal value,PU,Public
datastructure,WB.DATA360:DS_DATA360(1.2),I,A,Annual,MYS,Malaysia,ITU_GCI_GCI_OVRL_SCRE,Global Cybersecurity Index - Overall Score (ITU GCI),_T,Total,_T,All age ranges or no breakdown by age,_T,Total,0_TO_100,0-100 scale,_Z,Not Applicable,_Z,Not Applicable,_Z,Not Applicable,2020,98.06130127925962,MEAN,Mean,ITU_GCI,Global Cybersecurity Index,0,Units,IX,Index,602,CCYY,A,Normal value,PU,Public
datastructure,WB.DATA360:DS_DATA360(1.2),I,A,Annual,MDV,Maldives,ITU_GCI_GCI_OVRL_SCRE,Global Cybersecurity Index - Overall Score (ITU GCI),_T,Total,_T,All age ranges or no breakdown by age,_T,Total,0_TO_100,0-100 scale,_Z,Not Applicable,_Z,Not Applicable,_Z,Not Applicable,2020,2.948226659559637,MEAN,Mean,ITU_GCI,Global Cybersecurity Index,0,Units,IX,Index,602,CCYY,A,Normal value,PU,Public
datastructure,WB.DATA360:DS_DATA360(1.2),I,A,Annual,MLI,Mali,ITU_GCI_GCI_OVRL_SCRE,Global Cybersecurity Index - Overall Score (ITU GCI),_T,Total,_T,All age ranges or no breakdown by age,_T,Total,0_TO_100,0-100 scale,_Z,Not Applicable,_Z,Not Applicable,_Z,Not Applicable,2020,10.14467669101046,MEAN,Mean,ITU_GCI,Global Cybersecurity Index,0,Units,IX,Index,602,CCYY,A,Normal value,PU,Public
datastructure,WB.DATA360:DS_DATA360(1.2),I,A,Annual,MLT,Malta,ITU_GCI_GCI_OVRL_SCRE,Global Cybersecurity Index - Overall Score (ITU GCI),_T,Total,_T,All age ranges or no breakdown by age,_T,Total,0_TO_100,0-100 scale,_Z,Not Applicable,_Z,Not Applicable,_Z,Not Applicable,2020,83.6477478904534,MEAN,Mean,ITU_GCI,Global Cybersecurity Index,0,Units,IX,Index,602,CCYY,A,Normal value,PU,Public
datastructure,WB.DATA360:DS_DATA360(1.2),I,A,Annual,MHL,Marshall Islands,ITU_GCI_GCI_OVRL_SCRE,Global Cybersecurity Index - Overall Score (ITU GCI),_T,Total,_T,All age ranges or no breakdown by age,_T,Total,0_TO_100,0-100 scale,_Z,Not Applicable,_Z,Not Applicable,_Z,Not Applicable,2020,4.901640394941037,MEAN,Mean,ITU_GCI,Global Cybersecurity Index,0,Units,IX,Index,602,CCYY,A,Normal value,PU,Public
datastructure,WB.DATA360:DS_DATA360(1.2),I,A,Annual,MRT,Mauritania,ITU_GCI_GCI_OVRL_SCRE,Global Cybersecurity Index - Overall Score (ITU GCI),_T,Total,_T,All age ranges or no breakdown by age,_T,Total,0_TO_100,0-100 scale,_Z,Not Applicable,_Z,Not Applicable,_Z,Not Applicable,2020,18.94026269159246,MEAN,Mean,ITU_GCI,Global Cybersecurity Index,0,Units,IX,Index,602,CCYY,A,Normal value,PU,Public
datastructure,WB.DATA360:DS_DATA360(1.2),I,A,Annual,MUS,Mauritius,ITU_GCI_GCI_OVRL_SCRE,Global Cybersecurity Index - Overall Score (ITU GCI),_T,Total,_T,All age ranges or no breakdown by age,_T,Total,0_TO_100,0-100 scale,_Z,Not Applicable,_Z,Not Applicable,_Z,Not Applicable,2020,96.89256971365506,MEAN,Mean,ITU_GCI,Global Cybersecurity Index,0,Units,IX,Index,602,CCYY,A,Normal value,PU,Public
datastructure,WB.DATA360:DS_DATA360(1.2),I,A,Annual,MEX,Mexico,ITU_GCI_GCI_OVRL_SCRE,Global Cybersecurity Index - Overall Score (ITU GCI),_T,Total,_T,All age ranges or no breakdown by age,_T,Total,0_TO_100,0-100 scale,_Z,Not Applicable,_Z,Not Applicable,_Z,Not Applicable,2020,81.68209356072518,MEAN,Mean,ITU_GCI,Global Cybersecurity Index,0,Units,IX,Index,602,CCYY,A,Normal value,PU,Public
datastructure,WB.DATA360:DS_DATA360(1.2),I,A,Annual,FSM,"Micronesia, Fed. Sts.",ITU_GCI_GCI_OVRL_SCRE,Global Cybersecurity Index - Overall Score (ITU GCI),_T,Total,_T,All age ranges or no breakdown by age,_T,Total,0_TO_100,0-100 scale,_Z,Not Applicable,_Z,Not Applicable,_Z,Not Applicable,2020,0.0,MEAN,Mean,ITU_GCI,Global Cybersecurity Index,0,Units,IX,Index,602,CCYY,A,Normal value,PU,Public
datastructure,WB.DATA360:DS_DATA360(1.2),I,A,Annual,MDA,Moldova,ITU_GCI_GCI_OVRL_SCRE,Global Cybersecurity Index - Overall Score (ITU GCI),_T,Total,_T,All age ranges or no breakdown by age,_T,Total,0_TO_100,0-100 scale,_Z,Not Applicable,_Z,Not Applicable,_Z,Not Applicable,2020,75.77910085154025,MEAN,Mean,ITU_GCI,Global Cybersecurity Index,0,Units,IX,Index,602,CCYY,A,Normal value,PU,Public
datastructure,WB.DATA360:DS_DATA360(1.2),I,A,Annual,MCO,Monaco,ITU_GCI_GCI_OVRL_SCRE,Global Cybersecurity Index - Overall Score (ITU GCI),_T,Total,_T,All age ranges or no breakdown by age,_T,Total,0_TO_100,0-100 scale,_Z,Not Applicable,_Z,Not Applicable,_Z,Not Applicable,2020,72.56989016998985,MEAN,Mean,ITU_GCI,Global Cybersecurity Index,0,Units,IX,Index,602,CCYY,A,Normal value,PU,Public
datastructure,WB.DATA360:DS_DATA360(1.2),I,A,Annual,MNG,Mongolia,ITU_GCI_GCI_OVRL_SCRE,Global Cybersecurity Index - Overall Score (ITU GCI),_T,Total,_T,All age ranges or no breakdown by age,_T,Total,0_TO_100,0-100 scale,_Z,Not Applicable,_Z,Not Applicable,_Z,Not Applicable,2020,26.203541264247548,MEAN,Mean,ITU_GCI,Global Cybersecurity Index,0,Units,IX,Index,602,CCYY,A,Normal value,PU,Public
datastructure,WB.DATA360:DS_DATA360(1.2),I,A,Annual,MNE,Montenegro,ITU_GCI_GCI_OVRL_SCRE,Global Cybersecurity Index - Overall Score (ITU GCI),_T,Total,_T,All age ranges or no breakdown by age,_T,Total,0_TO_100,0-100 scale,_Z,Not Applicable,_Z,Not Applicable,_Z,Not Applicable,2020,53.23470243537223,MEAN,Mean,ITU_GCI,Global Cybersecurity Index,0,Units,IX,Index,602,CCYY,A,Normal value,PU,Public
datastructure,WB.DATA360:DS_DATA360(1.2),I,A,Annual,MAR,Morocco,ITU_GCI_GCI_OVRL_SCRE,Global Cybersecurity Index - Overall Score (ITU GCI),_T,Total,_T,All age ranges or no breakdown by age,_T,Total,0_TO_100,0-100 scale,_Z,Not Applicable,_Z,Not Applicable,_Z,Not Applicable,2020,82.40789551997304,MEAN,Mean,ITU_GCI,Global Cybersecurity Index,0,Units,IX,Index,602,CCYY,A,Normal value,PU,Public
datastructure,WB.DATA360:DS_DATA360(1.2),I,A,Annual,MOZ,Mozambique,ITU_GCI_GCI_OVRL_SCRE,Global Cybersecurity Index - Overall Score (ITU GCI),_T,Total,_T,All age ranges or no breakdown by age,_T,Total,0_TO_100,0-100 scale,_Z,Not Applicable,_Z,Not Applicable,_Z,Not Applicable,2020,24.18137645997864,MEAN,Mean,ITU_GCI,Global Cybersecurity Index,0,Units,IX,Index,602,CCYY,A,Normal value,PU,Public
datastructure,WB.DATA360:DS_DATA360(1.2),I,A,Annual,MMR,Myanmar,ITU_GCI_GCI_OVRL_SCRE,Global Cybersecurity Index - Overall Score (ITU GCI),_T,Total,_T,All age ranges or no breakdown by age,_T,Total,0_TO_100,0-100 scale,_Z,Not Applicable,_Z,Not Applicable,_Z,Not Applicable,2020,36.41282671358321,MEAN,Mean,ITU_GCI,Global Cybersecurity Index,0,Units,IX,Index,602,CCYY,A,Normal value,PU,Public
datastructure,WB.DATA360:DS_DATA360(1.2),I,A,Annual,NAM,Namibia,ITU_GCI_GCI_OVRL_SCRE,Global Cybersecurity Index - Overall Score (ITU GCI),_T,Total,_T,All age ranges or no breakdown by age,_T,Total,0_TO_100,0-100 scale,_Z,Not Applicable,_Z,Not Applicable,_Z,Not Applicable,2020,11.474814695402356,MEAN,Mean,ITU_GCI,Global Cybersecurity Index,0,Units,IX,Index,602,CCYY,A,Normal value,PU,Public
datastructure,WB.DATA360:DS_DATA360(1.2),I,A,Annual,NRU,Nauru,ITU_GCI_GCI_OVRL_SCRE,Global Cybersecurity Index - Overall Score (ITU GCI),_T,Total,_T,All age ranges or no breakdown by age,_T,Total,0_TO_100,0-100 scale,_Z,Not Applicable,_Z,Not Applicable,_Z,Not Applicable,2020,21.4240138179742,MEAN,Mean,ITU_GCI,Global Cybersecurity Index,0,Units,IX,Index,602,CCYY,A,Normal value,PU,Public
datastructure,WB.DATA360:DS_DATA360(1.2),I,A,Annual,NPL,Nepal,ITU_GCI_GCI_OVRL_SCRE,Global Cybersecurity Index - Overall Score (ITU GCI),_T,Total,_T,All age ranges or no breakdown by age,_T,Total,0_TO_100,0-100 scale,_Z,Not Applicable,_Z,Not Applicable,_Z,Not Applicable,2020,44.991709114810014,MEAN,Mean,ITU_GCI,Global Cybersecurity Index,0,Units,IX,Index,602,CCYY,A,Normal value,PU,Public
datastructure,WB.DATA360:DS_DATA360(1.2),I,A,Annual,NLD,Netherlands,ITU_GCI_GCI_OVRL_SCRE,Global Cybersecurity Index - Overall Score (ITU GCI),_T,Total,_T,All age ranges or no breakdown by age,_T,Total,0_TO_100,0-100 scale,_Z,Not Applicable,_Z,Not Applicable,_Z,Not Applicable,2020,97.04590219056718,MEAN,Mean,ITU_GCI,Global Cybersecurity Index,0,Units,IX,Index,602,CCYY,A,Normal value,PU,Public
datastructure,WB.DATA360:DS_DATA360(1.2),I,A,Annual,NZL,New Zealand,ITU_GCI_GCI_OVRL_SCRE,Global Cybersecurity Index - Overall Score (ITU GCI),_T,Total,_T,All age ranges or no breakdown by age,_T,Total,0_TO_100,0-100 scale,_Z,Not Applicable,_Z,Not Applicable,_Z,Not Applicable,2020,84.03876994887852,MEAN,Mean,ITU_GCI,Global Cybersecurity Index,0,Units,IX,Index,602,CCYY,A,Normal value,PU,Public
datastructure,WB.DATA360:DS_DATA360(1.2),I,A,Annual,NIC,Nicaragua,ITU_GCI_GCI_OVRL_SCRE,Global Cybersecurity Index - Overall Score (ITU GCI),_T,Total,_T,All age ranges or no breakdown by age,_T,Total,0_TO_100,0-100 scale,_Z,Not Applicable,_Z,Not Applicable,_Z,Not Applicable,2020,9.000721369241944,MEAN,Mean,ITU_GCI,Global Cybersecurity Index,0,Units,IX,Index,602,CCYY,A,Normal value,PU,Public
datastructure,WB.DATA360:DS_DATA360(1.2),I,A,Annual,NER,Niger,ITU_GCI_GCI_OVRL_SCRE,Global Cybersecurity Index - Overall Score (ITU GCI),_T,Total,_T,All age ranges or no breakdown by age,_T,Total,0_TO_100,0-100 scale,_Z,Not Applicable,_Z,Not Applicable,_Z,Not Applicable,2020,11.36098387100601,MEAN,Mean,ITU_GCI,Global Cybersecurity Index,0,Units,IX,Index,602,CCYY,A,Normal value,PU,Public
datastructure,WB.DATA360:DS_DATA360(1.2),I,A,Annual,NGA,Nigeria,ITU_GCI_GCI_OVRL_SCRE,Global Cybersecurity Index - Overall Score (ITU GCI),_T,Total,_T,All age ranges or no breakdown by age,_T,Total,0_TO_100,0-100 scale,_Z,Not Applicable,_Z,Not Applicable,_Z,Not Applicable,2020,84.75749737168422,MEAN,Mean,ITU_GCI,Global Cybersecurity Index,0,Units,IX,Index,602,CCYY,A,Normal value,PU,Public
datastructure,WB.DATA360:DS_DATA360(1.2),I,A,Annual,NOR,Norway,ITU_GCI_GCI_OVRL_SCRE,Global Cybersecurity Index - Overall Score (ITU GCI),_T,Total,_T,All age ranges or no breakdown by age,_T,Total,0_TO_100,0-100 scale,_Z,Not Applicable,_Z,Not Applicable,_Z,Not Applicable,2020,96.88733806657194,MEAN,Mean,ITU_GCI,Global Cybersecurity Index,0,Units,IX,Index,602,CCYY,A,Normal value,PU,Public
datastructure,WB.DATA360:DS_DATA360(1.2),I,A,Annual,OMN,Oman,ITU_GCI_GCI_OVRL_SCRE,Global Cybersecurity Index - Overall Score (ITU GCI),_T,Total,_T,All age ranges or no breakdown by age,_T,Total,0_TO_100,0-100 scale,_Z,Not Applicable,_Z,Not Applicable,_Z,Not Applicable,2020,96.04154533464563,MEAN,Mean,ITU_GCI,Global Cybersecurity Index,0,Units,IX,Index,602,CCYY,A,Normal value,PU,Public
datastructure,WB.DATA360:DS_DATA360(1.2),I,A,Annual,PAK,Pakistan,ITU_GCI_GCI_OVRL_SCRE,Global Cybersecurity Index - Overall Score (ITU GCI),_T,Total,_T,All age ranges or no breakdown by age,_T,Total,0_TO_100,0-100 scale,_Z,Not Applicable,_Z,Not Applicable,_Z,Not Applicable,2020,64.87513741811078,MEAN,Mean,ITU_GCI,Global Cybersecurity Index,0,Units,IX,Index,602,CCYY,A,Normal value,PU,Public
datastructure,WB.DATA360:DS_DATA360(1.2),I,A,Annual,PAN,Panama,ITU_GCI_GCI_OVRL_SCRE,Global Cybersecurity Index - Overall Score (ITU GCI),_T,Total,_T,All age ranges or no breakdown by age,_T,Total,0_TO_100,0-100 scale,_Z,Not Applicable,_Z,Not Applicable,_Z,Not Applicable,2020,34.10954236299384,MEAN,Mean,ITU_GCI,Global Cybersecurity Index,0,Units,IX,Index,602,CCYY,A,Normal value,PU,Public
datastructure,WB.DATA360:DS_DATA360(1.2),I,A,Annual,PNG,Papua New Guinea,ITU_GCI_GCI_OVRL_SCRE,Global Cybersecurity Index - Overall Score (ITU GCI),_T,Total,_T,All age ranges or no breakdown by age,_T,Total,0_TO_100,0-100 scale,_Z,Not Applicable,_Z,Not Applicable,_Z,Not Applicable,2020,26.329319342897463,MEAN,Mean,ITU_GCI,Global Cybersecurity Index,0,Units,IX,Index,602,CCYY,A,Normal value,PU,Public
datastructure,WB.DATA360:DS_DATA360(1.2),I,A,Annual,PRY,Paraguay,ITU_GCI_GCI_OVRL_SCRE,Global Cybersecurity Index - Overall Score (ITU GCI),_T,Total,_T,All age ranges or no breakdown by age,_T,Total,0_TO_100,0-100 scale,_Z,Not Applicable,_Z,Not Applicable,_Z,Not Applicable,2020,57.085346868909,MEAN,Mean,ITU_GCI,Global Cybersecurity Index,0,Units,IX,Index,602,CCYY,A,Normal value,PU,Public
datastructure,WB.DATA360:DS_DATA360(1.2),I,A,Annual,PER,Peru,ITU_GCI_GCI_OVRL_SCRE,Global Cybersecurity Index - Overall Score (ITU GCI),_T,Total,_T,All age ranges or no breakdown by age,_T,Total,0_TO_100,0-100 scale,_Z,Not Applicable,_Z,Not Applicable,_Z,Not Applicable,2020,55.6749943038354,MEAN,Mean,ITU_GCI,Global Cybersecurity Index,0,Units,IX,Index,602,CCYY,A,Normal value,PU,Public
datastructure,WB.DATA360:DS_DATA360(1.2),I,A,Annual,PHL,Philippines,ITU_GCI_GCI_OVRL_SCRE,Global Cybersecurity Index - Overall Score (ITU GCI),_T,Total,_T,All age ranges or no breakdown by age,_T,Total,0_TO_100,0-100 scale,_Z,Not Applicable,_Z,Not Applicable,_Z,Not Applicable,2020,76.99586780527996,MEAN,Mean,ITU_GCI,Global Cybersecurity Index,0,Units,IX,Index,602,CCYY,A,Normal value,PU,Public
datastructure,WB.DATA360:DS_DATA360(1.2),I,A,Annual,POL,Poland,ITU_GCI_GCI_OVRL_SCRE,Global Cybersecurity Index - Overall Score (ITU GCI),_T,Total,_T,All age ranges or no breakdown by age,_T,Total,0_TO_100,0-100 scale,_Z,Not Applicable,_Z,Not Applicable,_Z,Not Applicable,2020,93.85606640487646,MEAN,Mean,ITU_GCI,Global Cybersecurity Index,0,Units,IX,Index,602,CCYY,A,Normal value,PU,Public
datastructure,WB.DATA360:DS_DATA360(1.2),I,A,Annual,PRT,Portugal,ITU_GCI_GCI_OVRL_SCRE,Global Cybersecurity Index - Overall Score (ITU GCI),_T,Total,_T,All age ranges or no breakdown by age,_T,Total,0_TO_100,0-100 scale,_Z,Not Applicable,_Z,Not Applicable,_Z,Not Applicable,2020,97.32468190071596,MEAN,Mean,ITU_GCI,Global Cybersecurity Index,0,Units,IX,Index,602,CCYY,A,Normal value,PU,Public
datastructure,WB.DATA360:DS_DATA360(1.2),I,A,Annual,QAT,Qatar,ITU_GCI_GCI_OVRL_SCRE,Global Cybersecurity Index - Overall Score (ITU GCI),_T,Total,_T,All age ranges or no breakdown by age,_T,Total,0_TO_100,0-100 scale,_Z,Not Applicable,_Z,Not Applicable,_Z,Not Applicable,2020,94.5029144720037,MEAN,Mean,ITU_GCI,Global Cybersecurity Index,0,Units,IX,Index,602,CCYY,A,Normal value,PU,Public
datastructure,WB.DATA360:DS_DATA360(1.2),I,A,Annual,KOR,"Korea, Rep.",ITU_GCI_GCI_OVRL_SCRE,Global Cybersecurity Index - Overall Score (ITU GCI),_T,Total,_T,All age ranges or no breakdown by age,_T,Total,0_TO_100,0-100 scale,_Z,Not Applicable,_Z,Not Applicable,_Z,Not Applicable,2020,98.52135614894412,MEAN,Mean,ITU_GCI,Global Cybersecurity Index,0,Units,IX,Index,602,CCYY,A,Normal value,PU,Public
datastructure,WB.DATA360:DS_DATA360(1.2),I,A,Annual,ROU,Romania,ITU_GCI_GCI_OVRL_SCRE,Global Cybersecurity Index - Overall Score (ITU GCI),_T,Total,_T,All age ranges or no breakdown by age,_T,Total,0_TO_100,0-100 scale,_Z,Not Applicable,_Z,Not Applicable,_Z,Not Applicable,2020,76.2945552843155,MEAN,Mean,ITU_GCI,Global Cybersecurity Index,0,Units,IX,Index,602,CCYY,A,Normal value,PU,Public
datastructure,WB.DATA360:DS_DATA360(1.2),I,A,Annual,RUS,Russian Federation,ITU_GCI_GCI_OVRL_SCRE,Global Cybersecurity Index - Overall Score (ITU GCI),_T,Total,_T,All age ranges or no breakdown by age,_T,Total,0_TO_100,0-100 scale,_Z,Not Applicable,_Z,Not Applicable,_Z,Not Applicable,2020,98.06130127925962,MEAN,Mean,ITU_GCI,Global Cybersecurity Index,0,Units,IX,Index,602,CCYY,A,Normal value,PU,Public
datastructure,WB.DATA360:DS_DATA360(1.2),I,A,Annual,RWA,Rwanda,ITU_GCI_GCI_OVRL_SCRE,Global Cybersecurity Index - Overall Score (ITU GCI),_T,Total,_T,All age ranges or no breakdown by age,_T,Total,0_TO_100,0-100 scale,_Z,Not Applicable,_Z,Not Applicable,_Z,Not Applicable,2020,79.95173163684525,MEAN,Mean,ITU_GCI,Global Cybersecurity Index,0,Units,IX,Index,602,CCYY,A,Normal value,PU,Public
datastructure,WB.DATA360:DS_DATA360(1.2),I,A,Annual,KNA,St. Kitts and Nevis,ITU_GCI_GCI_OVRL_SCRE,Global Cybersecurity Index - Overall Score (ITU GCI),_T,Total,_T,All age ranges or no breakdown by age,_T,Total,0_TO_100,0-100 scale,_Z,Not Applicable,_Z,Not Applicable,_Z,Not Applicable,2020,12.441480729185546,MEAN,Mean,ITU_GCI,Global Cybersecurity Index,0,Units,IX,Index,602,CCYY,A,Normal value,PU,Public
datastructure,WB.DATA360:DS_DATA360(1.2),I,A,Annual,LCA,St. Lucia,ITU_GCI_GCI_OVRL_SCRE,Global Cybersecurity Index - Overall Score (ITU GCI),_T,Total,_T,All age ranges or no breakdown by age,_T,Total,0_TO_100,0-100 scale,_Z,Not Applicable,_Z,Not Applicable,_Z,Not Applicable,2020,10.955514594319494,MEAN,Mean,ITU_GCI,Global Cybersecurity Index,0,Units,IX,Index,602,CCYY,A,Normal value,PU,Public
datastructure,WB.DATA360:DS_DATA360(1.2),I,A,Annual,VCT,St. Vincent and the Grenadines,ITU_GCI_GCI_OVRL_SCRE,Global Cybersecurity Index - Overall Score (ITU GCI),_T,Total,_T,All age ranges or no breakdown by age,_T,Total,0_TO_100,0-100 scale,_Z,Not Applicable,_Z,Not Applicable,_Z,Not Applicable,2020,12.179874885310843,MEAN,Mean,ITU_GCI,Global Cybersecurity Index,0,Units,IX,Index,602,CCYY,A,Normal value,PU,Public
datastructure,WB.DATA360:DS_DATA360(1.2),I,A,Annual,WSM,Samoa,ITU_GCI_GCI_OVRL_SCRE,Global Cybersecurity Index - Overall Score (ITU GCI),_T,Total,_T,All age ranges or no breakdown by age,_T,Total,0_TO_100,0-100 scale,_Z,Not Applicable,_Z,Not Applicable,_Z,Not Applicable,2020,29.32689188139521,MEAN,Mean,ITU_GCI,Global Cybersecurity Index,0,Units,IX,Index,602,CCYY,A,Normal value,PU,Public
datastructure,WB.DATA360:DS_DATA360(1.2),I,A,Annual,SMR,San Marino,ITU_GCI_GCI_OVRL_SCRE,Global Cybersecurity Index - Overall Score (ITU GCI),_T,Total,_T,All age ranges or no breakdown by age,_T,Total,0_TO_100,0-100 scale,_Z,Not Applicable,_Z,Not Applicable,_Z,Not Applicable,2020,13.831603116579876,MEAN,Mean,ITU_GCI,Global Cybersecurity Index,0,Units,IX,Index,602,CCYY,A,Normal value,PU,Public
datastructure,WB.DATA360:DS_DATA360(1.2),I,A,Annual,STP,Sao Tome and Principe,ITU_GCI_GCI_OVRL_SCRE,Global Cybersecurity Index - Overall Score (ITU GCI),_T,Total,_T,All age ranges or no breakdown by age,_T,Total,0_TO_100,0-100 scale,_Z,Not Applicable,_Z,Not Applicable,_Z,Not Applicable,2020,15.63854845850318,MEAN,Mean,ITU_GCI,Global Cybersecurity Index,0,Units,IX,Index,602,CCYY,A,Normal value,PU,Public
datastructure,WB.DATA360:DS_DATA360(1.2),I,A,Annual,SAU,Saudi Arabia,ITU_GCI_GCI_OVRL_SCRE,Global Cybersecurity Index - Overall Score (ITU GCI),_T,Total,_T,All age ranges or no breakdown by age,_T,Total,0_TO_100,0-100 scale,_Z,Not Applicable,_Z,Not Applicable,_Z,Not Applicable,2020,99.5399451303155,MEAN,Mean,ITU_GCI,Global Cybersecurity Index,0,Units,IX,Index,602,CCYY,A,Normal value,PU,Public
datastructure,WB.DATA360:DS_DATA360(1.2),I,A,Annual,SEN,Senegal,ITU_GCI_GCI_OVRL_SCRE,Global Cybersecurity Index - Overall Score (ITU GCI),_T,Total,_T,All age ranges or no breakdown by age,_T,Total,0_TO_100,0-100 scale,_Z,Not Applicable,_Z,Not Applicable,_Z,Not Applicable,2020,35.85327076676427,MEAN,Mean,ITU_GCI,Global Cybersecurity Index,0,Units,IX,Index,602,CCYY,A,Normal value,PU,Public
datastructure,WB.DATA360:DS_DATA360(1.2),I,A,Annual,SRB,Serbia,ITU_GCI_GCI_OVRL_SCRE,Global Cybersecurity Index - Overall Score (ITU GCI),_T,Total,_T,All age ranges or no breakdown by age,_T,Total,0_TO_100,0-100 scale,_Z,Not Applicable,_Z,Not Applicable,_Z,Not Applicable,2020,89.80310931576227,MEAN,Mean,ITU_GCI,Global Cybersecurity Index,0,Units,IX,Index,602,CCYY,A,Normal value,PU,Public
datastructure,WB.DATA360:DS_DATA360(1.2),I,A,Annual,SYC,Seychelles,ITU_GCI_GCI_OVRL_SCRE,Global Cybersecurity Index - Overall Score (ITU GCI),_T,Total,_T,All age ranges or no breakdown by age,_T,Total,0_TO_100,0-100 scale,_Z,Not Applicable,_Z,Not Applicable,_Z,Not Applicable,2020,13.233543959337398,MEAN,Mean,ITU_GCI,Global Cybersecurity Index,0,Units,IX,Index,602,CCYY,A,Normal value,PU,Public
datastructure,WB.DATA360:DS_DATA360(1.2),I,A,Annual,SLE,Sierra Leone,ITU_GCI_GCI_OVRL_SCRE,Global Cybersecurity Index - Overall Score (ITU GCI),_T,Total,_T,All age ranges or no breakdown by age,_T,Total,0_TO_100,0-100 scale,_Z,Not Applicable,_Z,Not Applicable,_Z,Not Applicable,2020,25.314660930577496,MEAN,Mean,ITU_GCI,Global Cybersecurity Index,0,Units,IX,Index,602,CCYY,A,Normal value,PU,Public
datastructure,WB.DATA360:DS_DATA360(1.2),I,A,Annual,SGP,Singapore,ITU_GCI_GCI_OVRL_SCRE,Global Cybersecurity Index - Overall Score (ITU GCI),_T,Total,_T,All age ranges or no breakdown by age,_T,Total,0_TO_100,0-100 scale,_Z,Not Applicable,_Z,Not Applicable,_Z,Not Applicable,2020,98.52135614894412,MEAN,Mean,ITU_GCI,Global Cybersecurity Index,0,Units,IX,Index,602,CCYY,A,Normal value,PU,Public
datastructure,WB.DATA360:DS_DATA360(1.2),I,A,Annual,SVK,Slovak Republic,ITU_GCI_GCI_OVRL_SCRE,Global Cybersecurity Index - Overall Score (ITU GCI),_T,Total,_T,All age ranges or no breakdown by age,_T,Total,0_TO_100,0-100 scale,_Z,Not Applicable,_Z,Not Applicable,_Z,Not Applicable,2020,92.35633895456051,MEAN,Mean,ITU_GCI,Global Cybersecurity Index,0,Units,IX,Index,602,CCYY,A,Normal value,PU,Public
datastructure,WB.DATA360:DS_DATA360(1.2),I,A,Annual,SVN,Slovenia,ITU_GCI_GCI_OVRL_SCRE,Global Cybersecurity Index - Overall Score (ITU GCI),_T,Total,_T,All age ranges or no breakdown by age,_T,Total,0_TO_100,0-100 scale,_Z,Not Applicable,_Z,Not Applicable,_Z,Not Applicable,2020,74.92594606395419,MEAN,Mean,ITU_GCI,Global Cybersecurity Index,0,Units,IX,Index,602,CCYY,A,Normal value,PU,Public
datastructure,WB.DATA360:DS_DATA360(1.2),I,A,Annual,SLB,Solomon Islands,ITU_GCI_GCI_OVRL_SCRE,Global Cybersecurity Index - Overall Score (ITU GCI),_T,Total,_T,All age ranges or no breakdown by age,_T,Total,0_TO_100,0-100 scale,_Z,Not Applicable,_Z,Not Applicable,_Z,Not Applicable,2020,7.07677787025566,MEAN,Mean,ITU_GCI,Global Cybersecurity Index,0,Units,IX,Index,602,CCYY,A,Normal value,PU,Public
datastructure,WB.DATA360:DS_DATA360(1.2),I,A,Annual,SOM,Somalia,ITU_GCI_GCI_OVRL_SCRE,Global Cybersecurity Index - Overall Score (ITU GCI),_T,Total,_T,All age ranges or no breakdown by age,_T,Total,0_TO_100,0-100 scale,_Z,Not Applicable,_Z,Not Applicable,_Z,Not Applicable,2020,17.253386699898535,MEAN,Mean,ITU_GCI,Global Cybersecurity Index,0,Units,IX,Index,602,CCYY,A,Normal value,PU,Public
datastructure,WB.DATA360:DS_DATA360(1.2),I,A,Annual,ZAF,South Africa,ITU_GCI_GCI_OVRL_SCRE,Global Cybersecurity Index - Overall Score (ITU GCI),_T,Total,_T,All age ranges or no breakdown by age,_T,Total,0_TO_100,0-100 scale,_Z,Not Applicable,_Z,Not Applicable,_Z,Not Applicable,2020,78.46293525391707,MEAN,Mean,ITU_GCI,Global Cybersecurity Index,0,Units,IX,Index,602,CCYY,A,Normal value,PU,Public
datastructure,WB.DATA360:DS_DATA360(1.2),I,A,Annual,SSD,South Sudan,ITU_GCI_GCI_OVRL_SCRE,Global Cybersecurity Index - Overall Score (ITU GCI),_T,Total,_T,All age ranges or no breakdown by age,_T,Total,0_TO_100,0-100 scale,_Z,Not Applicable,_Z,Not Applicable,_Z,Not Applicable,2020,5.753726964669,MEAN,Mean,ITU_GCI,Global Cybersecurity Index,0,Units,IX,Index,602,CCYY,A,Normal value,PU,Public
datastructure,WB.DATA360:DS_DATA360(1.2),I,A,Annual,ESP,Spain,ITU_GCI_GCI_OVRL_SCRE,Global Cybersecurity Index - Overall Score (ITU GCI),_T,Total,_T,All age ranges or no breakdown by age,_T,Total,0_TO_100,0-100 scale,_Z,Not Applicable,_Z,Not Applicable,_Z,Not Applicable,2020,98.52135614894412,MEAN,Mean,ITU_GCI,Global Cybersecurity Index,0,Units,IX,Index,602,CCYY,A,Normal value,PU,Public
datastructure,WB.DATA360:DS_DATA360(1.2),I,A,Annual,LKA,Sri Lanka,ITU_GCI_GCI_OVRL_SCRE,Global Cybersecurity Index - Overall Score (ITU GCI),_T,Total,_T,All age ranges or no breakdown by age,_T,Total,0_TO_100,0-100 scale,_Z,Not Applicable,_Z,Not Applicable,_Z,Not Applicable,2020,58.64647306207936,MEAN,Mean,ITU_GCI,Global Cybersecurity Index,0,Units,IX,Index,602,CCYY,A,Normal value,PU,Public
datastructure,WB.DATA360:DS_DATA360(1.2),I,A,Annual,PSE,West Bank and Gaza,ITU_GCI_GCI_OVRL_SCRE,Global Cybersecurity Index - Overall Score (ITU GCI),_T,Total,_T,All age ranges or no breakdown by age,_T,Total,0_TO_100,0-100 scale,_Z,Not Applicable,_Z,Not Applicable,_Z,Not Applicable,2020,25.182271353993617,MEAN,Mean,ITU_GCI,Global Cybersecurity Index,0,Units,IX,Index,602,CCYY,A,Normal value,PU,Public
datastructure,WB.DATA360:DS_DATA360(1.2),I,A,Annual,SDN,Sudan,ITU_GCI_GCI_OVRL_SCRE,Global Cybersecurity Index - Overall Score (ITU GCI),_T,Total,_T,All age ranges or no breakdown by age,_T,Total,0_TO_100,0-100 scale,_Z,Not Applicable,_Z,Not Applicable,_Z,Not Applicable,2020,35.03097739898304,MEAN,Mean,ITU_GCI,Global Cybersecurity Index,0,Units,IX,Index,602,CCYY,A,Normal value,PU,Public
datastructure,WB.DATA360:DS_DATA360(1.2),I,A,Annual,SUR,Suriname,ITU_GCI_GCI_OVRL_SCRE,Global Cybersecurity Index - Overall Score (ITU GCI),_T,Total,_T,All age ranges or no breakdown by age,_T,Total,0_TO_100,0-100 scale,_Z,Not Applicable,_Z,Not Applicable,_Z,Not Applicable,2020,31.201211851398043,MEAN,Mean,ITU_GCI,Global Cybersecurity Index,0,Units,IX,Index,602,CCYY,A,Normal value,PU,Public
datastructure,WB.DATA360:DS_DATA360(1.2),I,A,Annual,SWE,Sweden,ITU_GCI_GCI_OVRL_SCRE,Global Cybersecurity Index - Overall Score (ITU GCI),_T,Total,_T,All age ranges or no breakdown by age,_T,Total,0_TO_100,0-100 scale,_Z,Not Applicable,_Z,Not Applicable,_Z,Not Applicable,2020,94.5877695307036,MEAN,Mean,ITU_GCI,Global Cybersecurity Index,0,Units,IX,Index,602,CCYY,A,Normal value,PU,Public
datastructure,WB.DATA360:DS_DATA360(1.2),I,A,Annual,CHE,Switzerland,ITU_GCI_GCI_OVRL_SCRE,Global Cybersecurity Index - Overall Score (ITU GCI),_T,Total,_T,All age ranges or no breakdown by age,_T,Total,0_TO_100,0-100 scale,_Z,Not Applicable,_Z,Not Applicable,_Z,Not Applicable,2020,86.96614841495517,MEAN,Mean,ITU_GCI,Global Cybersecurity Index,0,Units,IX,Index,602,CCYY,A,Normal value,PU,Public
datastructure,WB.DATA360:DS_DATA360(1.2),I,A,Annual,SYR,Syrian Arab Republic,ITU_GCI_GCI_OVRL_SCRE,Global Cybersecurity Index - Overall Score (ITU GCI),_T,Total,_T,All age ranges or no breakdown by age,_T,Total,0_TO_100,0-100 scale,_Z,Not Applicable,_Z,Not Applicable,_Z,Not Applicable,2020,22.14212346754856,MEAN,Mean,ITU_GCI,Global Cybersecurity Index,0,Units,IX,Index,602,CCYY,A,Normal value,PU,Public
datastructure,WB.DATA360:DS_DATA360(1.2),I,A,Annual,TJK,Tajikistan,ITU_GCI_GCI_OVRL_SCRE,Global Cybersecurity Index - Overall Score (ITU GCI),_T,Total,_T,All age ranges or no breakdown by age,_T,Total,0_TO_100,0-100 scale,_Z,Not Applicable,_Z,Not Applicable,_Z,Not Applicable,2020,17.099251748330467,MEAN,Mean,ITU_GCI,Global Cybersecurity Index,0,Units,IX,Index,602,CCYY,A,Normal value,PU,Public
datastructure,WB.DATA360:DS_DATA360(1.2),I,A,Annual,TZA,Tanzania,ITU_GCI_GCI_OVRL_SCRE,Global Cybersecurity Index - Overall Score (ITU GCI),_T,Total,_T,All age ranges or no breakdown by age,_T,Total,0_TO_100,0-100 scale,_Z,Not Applicable,_Z,Not Applicable,_Z,Not Applicable,2020,90.58012814225316,MEAN,Mean,ITU_GCI,Global Cybersecurity Index,0,Units,IX,Index,602,CCYY,A,Normal value,PU,Public
datastructure,WB.DATA360:DS_DATA360(1.2),I,A,Annual,THA,Thailand,ITU_GCI_GCI_OVRL_SCRE,Global Cybersecurity Index - Overall Score (ITU GCI),_T,Total,_T,All age ranges or no breakdown by age,_T,Total,0_TO_100,0-100 scale,_Z,Not Applicable,_Z,Not Applicable,_Z,Not Applicable,2020,86.49882855017196,MEAN,Mean,ITU_GCI,Global Cybersecurity Index,0,Units,IX,Index,602,CCYY,A,Normal value,PU,Public
datastructure,WB.DATA360:DS_DATA360(1.2),I,A,Annual,MKD,North Macedonia,ITU_GCI_GCI_OVRL_SCRE,Global Cybersecurity Index - Overall Score (ITU GCI),_T,Total,_T,All age ranges or no breakdown by age,_T,Total,0_TO_100,0-100 scale,_Z,Not Applicable,_Z,Not Applicable,_Z,Not Applicable,2020,89.92061027270192,MEAN,Mean,ITU_GCI,Global Cybersecurity Index,0,Units,IX,Index,602,CCYY,A,Normal value,PU,Public
datastructure,WB.DATA360:DS_DATA360(1.2),I,A,Annual,TLS,Timor-Leste,ITU_GCI_GCI_OVRL_SCRE,Global Cybersecurity Index - Overall Score (ITU GCI),_T,Total,_T,All age ranges or no breakdown by age,_T,Total,0_TO_100,0-100 scale,_Z,Not Applicable,_Z,Not Applicable,_Z,Not Applicable,2020,4.25925925925926,MEAN,Mean,ITU_GCI,Global Cybersecurity Index,0,Units,IX,Index,602,CCYY,A,Normal value,PU,Public
datastructure,WB.DATA360:DS_DATA360(1.2),I,A,Annual,TGO,Togo,ITU_GCI_GCI_OVRL_SCRE,Global Cybersecurity Index - Overall Score (ITU GCI),_T,Total,_T,All age ranges or no breakdown by age,_T,Total,0_TO_100,0-100 scale,_Z,Not Applicable,_Z,Not Applicable,_Z,Not Applicable,2020,33.190200848337504,MEAN,Mean,ITU_GCI,Global Cybersecurity Index,0,Units,IX,Index,602,CCYY,A,Normal value,PU,Public
datastructure,WB.DATA360:DS_DATA360(1.2),I,A,Annual,TON,Tonga,ITU_GCI_GCI_OVRL_SCRE,Global Cybersecurity Index - Overall Score (ITU GCI),_T,Total,_T,All age ranges or no breakdown by age,_T,Total,0_TO_100,0-100 scale,_Z,Not Applicable,_Z,Not Applicable,_Z,Not Applicable,2020,20.952153802397568,MEAN,Mean,ITU_GCI,Global Cybersecurity Index,0,Units,IX,Index,602,CCYY,A,Normal value,PU,Public
datastructure,WB.DATA360:DS_DATA360(1.2),I,A,Annual,TTO,Trinidad and Tobago,ITU_GCI_GCI_OVRL_SCRE,Global Cybersecurity Index - Overall Score (ITU GCI),_T,Total,_T,All age ranges or no breakdown by age,_T,Total,0_TO_100,0-100 scale,_Z,Not Applicable,_Z,Not Applicable,_Z,Not Applicable,2020,22.18029642416973,MEAN,Mean,ITU_GCI,Global Cybersecurity Index,0,Units,IX,Index,602,CCYY,A,Normal value,PU,Public
datastructure,WB.DATA360:DS_DATA360(1.2),I,A,Annual,TUN,Tunisia,ITU_GCI_GCI_OVRL_SCRE,Global Cybersecurity Index - Overall Score (ITU GCI),_T,Total,_T,All age ranges or no breakdown by age,_T,Total,0_TO_100,0-100 scale,_Z,Not Applicable,_Z,Not Applicable,_Z,Not Applicable,2020,86.22721978256425,MEAN,Mean,ITU_GCI,Global Cybersecurity Index,0,Units,IX,Index,602,CCYY,A,Normal value,PU,Public
datastructure,WB.DATA360:DS_DATA360(1.2),I,A,Annual,TUR,Turkiye,ITU_GCI_GCI_OVRL_SCRE,Global Cybersecurity Index - Overall Score (ITU GCI),_T,Total,_T,All age ranges or no breakdown by age,_T,Total,0_TO_100,0-100 scale,_Z,Not Applicable,_Z,Not Applicable,_Z,Not Applicable,2020,97.50276716757271,MEAN,Mean,ITU_GCI,Global Cybersecurity Index,0,Units,IX,Index,602,CCYY,A,Normal value,PU,Public
datastructure,WB.DATA360:DS_DATA360(1.2),I,A,Annual,TKM,Turkmenistan,ITU_GCI_GCI_OVRL_SCRE,Global Cybersecurity Index - Overall Score (ITU GCI),_T,Total,_T,All age ranges or no breakdown by age,_T,Total,0_TO_100,0-100 scale,_Z,Not Applicable,_Z,Not Applicable,_Z,Not Applicable,2020,14.479243750138837,MEAN,Mean,ITU_GCI,Global Cybersecurity Index,0,Units,IX,Index,602,CCYY,A,Normal value,PU,Public
datastructure,WB.DATA360:DS_DATA360(1.2),I,A,Annual,TUV,Tuvalu,ITU_GCI_GCI_OVRL_SCRE,Global Cybersecurity Index - Overall Score (ITU GCI),_T,Total,_T,All age ranges or no breakdown by age,_T,Total,0_TO_100,0-100 scale,_Z,Not Applicable,_Z,Not Applicable,_Z,Not Applicable,2020,5.78289442039442,MEAN,Mean,ITU_GCI,Global Cybersecurity Index,0,Units,IX,Index,602,CCYY,A,Normal value,PU,Public
datastructure,WB.DATA360:DS_DATA360(1.2),I,A,Annual,UGA,Uganda,ITU_GCI_GCI_OVRL_SCRE,Global Cybersecurity Index - Overall Score (ITU GCI),_T,Total,_T,All age ranges or no breakdown by age,_T,Total,0_TO_100,0-100 scale,_Z,Not Applicable,_Z,Not Applicable,_Z,Not Applicable,2020,69.98104463211652,MEAN,Mean,ITU_GCI,Global Cybersecurity Index,0,Units,IX,Index,602,CCYY,A,Normal value,PU,Public
datastructure,WB.DATA360:DS_DATA360(1.2),I,A,Annual,UKR,Ukraine,ITU_GCI_GCI_OVRL_SCRE,Global Cybersecurity Index - Overall Score (ITU GCI),_T,Total,_T,All age ranges or no breakdown by age,_T,Total,0_TO_100,0-100 scale,_Z,Not Applicable,_Z,Not Applicable,_Z,Not Applicable,2020,65.92918373376024,MEAN,Mean,ITU_GCI,Global Cybersecurity Index,0,Units,IX,Index,602,CCYY,A,Normal value,PU,Public
datastructure,WB.DATA360:DS_DATA360(1.2),I,A,Annual,ARE,United Arab Emirates,ITU_GCI_GCI_OVRL_SCRE,Global Cybersecurity Index - Overall Score (ITU GCI),_T,Total,_T,All age ranges or no breakdown by age,_T,Total,0_TO_100,0-100 scale,_Z,Not Applicable,_Z,Not Applicable,_Z,Not Applicable,2020,98.06130127925962,MEAN,Mean,ITU_GCI,Global Cybersecurity Index,0,Units,IX,Index,602,CCYY,A,Normal value,PU,Public
datastructure,WB.DATA360:DS_DATA360(1.2),I,A,Annual,GBR,United Kingdom,ITU_GCI_GCI_OVRL_SCRE,Global Cybersecurity Index - Overall Score (ITU GCI),_T,Total,_T,All age ranges or no breakdown by age,_T,Total,0_TO_100,0-100 scale,_Z,Not Applicable,_Z,Not Applicable,_Z,Not Applicable,2020,99.5399451303155,MEAN,Mean,ITU_GCI,Global Cybersecurity Index,0,Units,IX,Index,602,CCYY,A,Normal value,PU,Public
datastructure,WB.DATA360:DS_DATA360(1.2),I,A,Annual,USA,United States,ITU_GCI_GCI_OVRL_SCRE,Global Cybersecurity Index - Overall Score (ITU GCI),_T,Total,_T,All age ranges or no breakdown by age,_T,Total,0_TO_100,0-100 scale,_Z,Not Applicable,_Z,Not Applicable,_Z,Not Applicable,2020,100.0,MEAN,Mean,ITU_GCI,Global Cybersecurity Index,0,Units,IX,Index,602,CCYY,A,Normal value,PU,Public
datastructure,WB.DATA360:DS_DATA360(1.2),I,A,Annual,URY,Uruguay,ITU_GCI_GCI_OVRL_SCRE,Global Cybersecurity Index - Overall Score (ITU GCI),_T,Total,_T,All age ranges or no breakdown by age,_T,Total,0_TO_100,0-100 scale,_Z,Not Applicable,_Z,Not Applicable,_Z,Not Applicable,2020,75.1540315381022,MEAN,Mean,ITU_GCI,Global Cybersecurity Index,0,Units,IX,Index,602,CCYY,A,Normal value,PU,Public
datastructure,WB.DATA360:DS_DATA360(1.2),I,A,Annual,UZB,Uzbekistan,ITU_GCI_GCI_OVRL_SCRE,Global Cybersecurity Index - Overall Score (ITU GCI),_T,Total,_T,All age ranges or no breakdown by age,_T,Total,0_TO_100,0-100 scale,_Z,Not Applicable,_Z,Not Applicable,_Z,Not Applicable,2020,71.11309259578664,MEAN,Mean,ITU_GCI,Global Cybersecurity Index,0,Units,IX,Index,602,CCYY,A,Normal value,PU,Public
datastructure,WB.DATA360:DS_DATA360(1.2),I,A,Annual,VUT,Vanuatu,ITU_GCI_GCI_OVRL_SCRE,Global Cybersecurity Index - Overall Score (ITU GCI),_T,Total,_T,All age ranges or no breakdown by age,_T,Total,0_TO_100,0-100 scale,_Z,Not Applicable,_Z,Not Applicable,_Z,Not Applicable,2020,12.884449837007612,MEAN,Mean,ITU_GCI,Global Cybersecurity Index,0,Units,IX,Index,602,CCYY,A,Normal value,PU,Public
datastructure,WB.DATA360:DS_DATA360(1.2),I,A,Annual,VAT,Holy See (Vatican City State),ITU_GCI_GCI_OVRL_SCRE,Global Cybersecurity Index - Overall Score (ITU GCI),_T,Total,_T,All age ranges or no breakdown by age,_T,Total,0_TO_100,0-100 scale,_Z,Not Applicable,_Z,Not Applicable,_Z,Not Applicable,2020,0.0,MEAN,Mean,ITU_GCI,Global Cybersecurity Index,0,Units,IX,Index,602,CCYY,A,Normal value,PU,Public
datastructure,WB.DATA360:DS_DATA360(1.2),I,A,Annual,VEN,"Venezuela, RB",ITU_GCI_GCI_OVRL_SCRE,Global Cybersecurity Index - Overall Score (ITU GCI),_T,Total,_T,All age ranges or no breakdown by age,_T,Total,0_TO_100,0-100 scale,_Z,Not Applicable,_Z,Not Applicable,_Z,Not Applicable,2020,27.058049400973683,MEAN,Mean,ITU_GCI,Global Cybersecurity Index,0,Units,IX,Index,602,CCYY,A,Normal value,PU,Public
datastructure,WB.DATA360:DS_DATA360(1.2),I,A,Annual,VNM,Viet Nam,ITU_GCI_GCI_OVRL_SCRE,Global Cybersecurity Index - Overall Score (ITU GCI),_T,Total,_T,All age ranges or no breakdown by age,_T,Total,0_TO_100,0-100 scale,_Z,Not Applicable,_Z,Not Applicable,_Z,Not Applicable,2020,94.55164012069136,MEAN,Mean,ITU_GCI,Global Cybersecurity Index,0,Units,IX,Index,602,CCYY,A,Normal value,PU,Public
datastructure,WB.DATA360:DS_DATA360(1.2),I,A,Annual,YEM,"Yemen, Rep.",ITU_GCI_GCI_OVRL_SCRE,Global Cybersecurity Index - Overall Score (ITU GCI),_T,Total,_T,All age ranges or no breakdown by age,_T,Total,0_TO_100,0-100 scale,_Z,Not Applicable,_Z,Not Applicable,_Z,Not Applicable,2020,0.0,MEAN,Mean,ITU_GCI,Global Cybersecurity Index,0,Units,IX,Index,602,CCYY,A,Normal value,PU,Public
datastructure,WB.DATA360:DS_DATA360(1.2),I,A,Annual,ZMB,Zambia,ITU_GCI_GCI_OVRL_SCRE,Global Cybersecurity Index - Overall Score (ITU GCI),_T,Total,_T,All age ranges or no breakdown by age,_T,Total,0_TO_100,0-100 scale,_Z,Not Applicable,_Z,Not Applicable,_Z,Not Applicable,2020,68.87660672544338,MEAN,Mean,ITU_GCI,Global Cybersecurity Index,0,Units,IX,Index,602,CCYY,A,Normal value,PU,Public
datastructure,WB.DATA360:DS_DATA360(1.2),I,A,Annual,ZWE,Zimbabwe,ITU_GCI_GCI_OVRL_SCRE,Global Cybersecurity Index - Overall Score (ITU GCI),_T,Total,_T,All age ranges or no breakdown by age,_T,Total,0_TO_100,0-100 scale,_Z,Not Applicable,_Z,Not Applicable,_Z,Not Applicable,2020,36.49290431057565,MEAN,Mean,ITU_GCI,Global Cybersecurity Index,0,Units,IX,Index,602,CCYY,A,Normal value,PU,Public
datastructure,WB.DATA360:DS_DATA360(1.2),I,A,Annual,AFG,Afghanistan,ITU_GCI_GCI_OVRL_SCRE,Global Cybersecurity Index - Overall Score (ITU GCI),_T,Total,_T,All age ranges or no breakdown by age,_T,Total,0_TO_100,0-100 scale,_Z,Not Applicable,_Z,Not Applicable,_Z,Not Applicable,2024,18.41864682399532,MEAN,Mean,ITU_GCI,Global Cybersecurity Index,0,Units,IX,Index,602,CCYY,A,Normal value,PU,Public
datastructure,WB.DATA360:DS_DATA360(1.2),I,A,Annual,ALB,Albania,ITU_GCI_GCI_OVRL_SCRE,Global Cybersecurity Index - Overall Score (ITU GCI),_T,Total,_T,All age ranges or no breakdown by age,_T,Total,0_TO_100,0-100 scale,_Z,Not Applicable,_Z,Not Applicable,_Z,Not Applicable,2024,86.5063381552001,MEAN,Mean,ITU_GCI,Global Cybersecurity Index,0,Units,IX,Index,602,CCYY,A,Normal value,PU,Public
datastructure,WB.DATA360:DS_DATA360(1.2),I,A,Annual,DZA,Algeria,ITU_GCI_GCI_OVRL_SCRE,Global Cybersecurity Index - Overall Score (ITU GCI),_T,Total,_T,All age ranges or no breakdown by age,_T,Total,0_TO_100,0-100 scale,_Z,Not Applicable,_Z,Not Applicable,_Z,Not Applicable,2024,66.02384612558048,MEAN,Mean,ITU_GCI,Global Cybersecurity Index,0,Units,IX,Index,602,CCYY,A,Normal value,PU,Public
datastructure,WB.DATA360:DS_DATA360(1.2),I,A,Annual,AND,Andorra,ITU_GCI_GCI_OVRL_SCRE,Global Cybersecurity Index - Overall Score (ITU GCI),_T,Total,_T,All age ranges or no breakdown by age,_T,Total,0_TO_100,0-100 scale,_Z,Not Applicable,_Z,Not Applicable,_Z,Not Applicable,2024,76.4950525840838,MEAN,Mean,ITU_GCI,Global Cybersecurity Index,0,Units,IX,Index,602,CCYY,A,Normal value,PU,Public
datastructure,WB.DATA360:DS_DATA360(1.2),I,A,Annual,AGO,Angola,ITU_GCI_GCI_OVRL_SCRE,Global Cybersecurity Index - Overall Score (ITU GCI),_T,Total,_T,All age ranges or no breakdown by age,_T,Total,0_TO_100,0-100 scale,_Z,Not Applicable,_Z,Not Applicable,_Z,Not Applicable,2024,39.63588517512337,MEAN,Mean,ITU_GCI,Global Cybersecurity Index,0,Units,IX,Index,602,CCYY,A,Normal value,PU,Public
datastructure,WB.DATA360:DS_DATA360(1.2),I,A,Annual,ATG,Antigua and Barbuda,ITU_GCI_GCI_OVRL_SCRE,Global Cybersecurity Index - Overall Score (ITU GCI),_T,Total,_T,All age ranges or no breakdown by age,_T,Total,0_TO_100,0-100 scale,_Z,Not Applicable,_Z,Not Applicable,_Z,Not Applicable,2024,18.20065843745653,MEAN,Mean,ITU_GCI,Global Cybersecurity Index,0,Units,IX,Index,602,CCYY,A,Normal value,PU,Public
datastructure,WB.DATA360:DS_DATA360(1.2),I,A,Annual,ARG,Argentina,ITU_GCI_GCI_OVRL_SCRE,Global Cybersecurity Index - Overall Score (ITU GCI),_T,Total,_T,All age ranges or no breakdown by age,_T,Total,0_TO_100,0-100 scale,_Z,Not Applicable,_Z,Not Applicable,_Z,Not Applicable,2024,51.52505285657585,MEAN,Mean,ITU_GCI,Global Cybersecurity Index,0,Units,IX,Index,602,CCYY,A,Normal value,PU,Public
datastructure,WB.DATA360:DS_DATA360(1.2),I,A,Annual,ARM,Armenia,ITU_GCI_GCI_OVRL_SCRE,Global Cybersecurity Index - Overall Score (ITU GCI),_T,Total,_T,All age ranges or no breakdown by age,_T,Total,0_TO_100,0-100 scale,_Z,Not Applicable,_Z,Not Applicable,_Z,Not Applicable,2024,53.95888850458859,MEAN,Mean,ITU_GCI,Global Cybersecurity Index,0,Units,IX,Index,602,CCYY,A,Normal value,PU,Public
datastructure,WB.DATA360:DS_DATA360(1.2),I,A,Annual,AUS,Australia,ITU_GCI_GCI_OVRL_SCRE,Global Cybersecurity Index - Overall Score (ITU GCI),_T,Total,_T,All age ranges or no breakdown by age,_T,Total,0_TO_100,0-100 scale,_Z,Not Applicable,_Z,Not Applicable,_Z,Not Applicable,2024,96.242934043114,MEAN,Mean,ITU_GCI,Global Cybersecurity Index,0,Units,IX,Index,602,CCYY,A,Normal value,PU,Public
datastructure,WB.DATA360:DS_DATA360(1.2),I,A,Annual,AUT,Austria,ITU_GCI_GCI_OVRL_SCRE,Global Cybersecurity Index - Overall Score (ITU GCI),_T,Total,_T,All age ranges or no breakdown by age,_T,Total,0_TO_100,0-100 scale,_Z,Not Applicable,_Z,Not Applicable,_Z,Not Applicable,2024,89.14274061773781,MEAN,Mean,ITU_GCI,Global Cybersecurity Index,0,Units,IX,Index,602,CCYY,A,Normal value,PU,Public
datastructure,WB.DATA360:DS_DATA360(1.2),I,A,Annual,AZE,Azerbaijan,ITU_GCI_GCI_OVRL_SCRE,Global Cybersecurity Index - Overall Score (ITU GCI),_T,Total,_T,All age ranges or no breakdown by age,_T,Total,0_TO_100,0-100 scale,_Z,Not Applicable,_Z,Not Applicable,_Z,Not Applicable,2024,93.92429558417427,MEAN,Mean,ITU_GCI,Global Cybersecurity Index,0,Units,IX,Index,602,CCYY,A,Normal value,PU,Public
datastructure,WB.DATA360:DS_DATA360(1.2),I,A,Annual,BHS,"Bahamas, The",ITU_GCI_GCI_OVRL_SCRE,Global Cybersecurity Index - Overall Score (ITU GCI),_T,Total,_T,All age ranges or no breakdown by age,_T,Total,0_TO_100,0-100 scale,_Z,Not Applicable,_Z,Not Applicable,_Z,Not Applicable,2024,33.99999919015123,MEAN,Mean,ITU_GCI,Global Cybersecurity Index,0,Units,IX,Index,602,CCYY,A,Normal value,PU,Public
datastructure,WB.DATA360:DS_DATA360(1.2),I,A,Annual,BHR,Bahrain,ITU_GCI_GCI_OVRL_SCRE,Global Cybersecurity Index - Overall Score (ITU GCI),_T,Total,_T,All age ranges or no breakdown by age,_T,Total,0_TO_100,0-100 scale,_Z,Not Applicable,_Z,Not Applicable,_Z,Not Applicable,2024,97.9381267281106,MEAN,Mean,ITU_GCI,Global Cybersecurity Index,0,Units,IX,Index,602,CCYY,A,Normal value,PU,Public
datastructure,WB.DATA360:DS_DATA360(1.2),I,A,Annual,BGD,Bangladesh,ITU_GCI_GCI_OVRL_SCRE,Global Cybersecurity Index - Overall Score (ITU GCI),_T,Total,_T,All age ranges or no breakdown by age,_T,Total,0_TO_100,0-100 scale,_Z,Not Applicable,_Z,Not Applicable,_Z,Not Applicable,2024,96.96343053706808,MEAN,Mean,ITU_GCI,Global Cybersecurity Index,0,Units,IX,Index,602,CCYY,A,Normal value,PU,Public
datastructure,WB.DATA360:DS_DATA360(1.2),I,A,Annual,BRB,Barbados,ITU_GCI_GCI_OVRL_SCRE,Global Cybersecurity Index - Overall Score (ITU GCI),_T,Total,_T,All age ranges or no breakdown by age,_T,Total,0_TO_100,0-100 scale,_Z,Not Applicable,_Z,Not Applicable,_Z,Not Applicable,2024,36.60552084246504,MEAN,Mean,ITU_GCI,Global Cybersecurity Index,0,Units,IX,Index,602,CCYY,A,Normal value,PU,Public
datastructure,WB.DATA360:DS_DATA360(1.2),I,A,Annual,BLR,Belarus,ITU_GCI_GCI_OVRL_SCRE,Global Cybersecurity Index - Overall Score (ITU GCI),_T,Total,_T,All age ranges or no breakdown by age,_T,Total,0_TO_100,0-100 scale,_Z,Not Applicable,_Z,Not Applicable,_Z,Not Applicable,2024,61.52725004883585,MEAN,Mean,ITU_GCI,Global Cybersecurity Index,0,Units,IX,Index,602,CCYY,A,Normal value,PU,Public
datastructure,WB.DATA360:DS_DATA360(1.2),I,A,Annual,BEL,Belgium,ITU_GCI_GCI_OVRL_SCRE,Global Cybersecurity Index - Overall Score (ITU GCI),_T,Total,_T,All age ranges or no breakdown by age,_T,Total,0_TO_100,0-100 scale,_Z,Not Applicable,_Z,Not Applicable,_Z,Not Applicable,2024,96.8196812009602,MEAN,Mean,ITU_GCI,Global Cybersecurity Index,0,Units,IX,Index,602,CCYY,A,Normal value,PU,Public
datastructure,WB.DATA360:DS_DATA360(1.2),I,A,Annual,BLZ,Belize,ITU_GCI_GCI_OVRL_SCRE,Global Cybersecurity Index - Overall Score (ITU GCI),_T,Total,_T,All age ranges or no breakdown by age,_T,Total,0_TO_100,0-100 scale,_Z,Not Applicable,_Z,Not Applicable,_Z,Not Applicable,2024,32.35040074137108,MEAN,Mean,ITU_GCI,Global Cybersecurity Index,0,Units,IX,Index,602,CCYY,A,Normal value,PU,Public
datastructure,WB.DATA360:DS_DATA360(1.2),I,A,Annual,BEN,Benin,ITU_GCI_GCI_OVRL_SCRE,Global Cybersecurity Index - Overall Score (ITU GCI),_T,Total,_T,All age ranges or no breakdown by age,_T,Total,0_TO_100,0-100 scale,_Z,Not Applicable,_Z,Not Applicable,_Z,Not Applicable,2024,91.54137863589438,MEAN,Mean,ITU_GCI,Global Cybersecurity Index,0,Units,IX,Index,602,CCYY,A,Normal value,PU,Public
datastructure,WB.DATA360:DS_DATA360(1.2),I,A,Annual,BTN,Bhutan,ITU_GCI_GCI_OVRL_SCRE,Global Cybersecurity Index - Overall Score (ITU GCI),_T,Total,_T,All age ranges or no breakdown by age,_T,Total,0_TO_100,0-100 scale,_Z,Not Applicable,_Z,Not Applicable,_Z,Not Applicable,2024,60.766334172994505,MEAN,Mean,ITU_GCI,Global Cybersecurity Index,0,Units,IX,Index,602,CCYY,A,Normal value,PU,Public
datastructure,WB.DATA360:DS_DATA360(1.2),I,A,Annual,BOL,Bolivia,ITU_GCI_GCI_OVRL_SCRE,Global Cybersecurity Index - Overall Score (ITU GCI),_T,Total,_T,All age ranges or no breakdown by age,_T,Total,0_TO_100,0-100 scale,_Z,Not Applicable,_Z,Not Applicable,_Z,Not Applicable,2024,43.151737282798166,MEAN,Mean,ITU_GCI,Global Cybersecurity Index,0,Units,IX,Index,602,CCYY,A,Normal value,PU,Public
datastructure,WB.DATA360:DS_DATA360(1.2),I,A,Annual,BIH,Bosnia and Herzegovina,ITU_GCI_GCI_OVRL_SCRE,Global Cybersecurity Index - Overall Score (ITU GCI),_T,Total,_T,All age ranges or no breakdown by age,_T,Total,0_TO_100,0-100 scale,_Z,Not Applicable,_Z,Not Applicable,_Z,Not Applicable,2024,33.60863583830947,MEAN,Mean,ITU_GCI,Global Cybersecurity Index,0,Units,IX,Index,602,CCYY,A,Normal value,PU,Public
datastructure,WB.DATA360:DS_DATA360(1.2),I,A,Annual,BWA,Botswana,ITU_GCI_GCI_OVRL_SCRE,Global Cybersecurity Index - Overall Score (ITU GCI),_T,Total,_T,All age ranges or no breakdown by age,_T,Total,0_TO_100,0-100 scale,_Z,Not Applicable,_Z,Not Applicable,_Z,Not Applicable,2024,78.75539967322078,MEAN,Mean,ITU_GCI,Global Cybersecurity Index,0,Units,IX,Index,602,CCYY,A,Normal value,PU,Public
datastructure,WB.DATA360:DS_DATA360(1.2),I,A,Annual,BRA,Brazil,ITU_GCI_GCI_OVRL_SCRE,Global Cybersecurity Index - Overall Score (ITU GCI),_T,Total,_T,All age ranges or no breakdown by age,_T,Total,0_TO_100,0-100 scale,_Z,Not Applicable,_Z,Not Applicable,_Z,Not Applicable,2024,96.54474288838912,MEAN,Mean,ITU_GCI,Global Cybersecurity Index,0,Units,IX,Index,602,CCYY,A,Normal value,PU,Public
datastructure,WB.DATA360:DS_DATA360(1.2),I,A,Annual,BRN,Brunei Darussalam,ITU_GCI_GCI_OVRL_SCRE,Global Cybersecurity Index - Overall Score (ITU GCI),_T,Total,_T,All age ranges or no breakdown by age,_T,Total,0_TO_100,0-100 scale,_Z,Not Applicable,_Z,Not Applicable,_Z,Not Applicable,2024,70.3977940062542,MEAN,Mean,ITU_GCI,Global Cybersecurity Index,0,Units,IX,Index,602,CCYY,A,Normal value,PU,Public
datastructure,WB.DATA360:DS_DATA360(1.2),I,A,Annual,BGR,Bulgaria,ITU_GCI_GCI_OVRL_SCRE,Global Cybersecurity Index - Overall Score (ITU GCI),_T,Total,_T,All age ranges or no breakdown by age,_T,Total,0_TO_100,0-100 scale,_Z,Not Applicable,_Z,Not Applicable,_Z,Not Applicable,2024,74.5567177422081,MEAN,Mean,ITU_GCI,Global Cybersecurity Index,0,Units,IX,Index,602,CCYY,A,Normal value,PU,Public
datastructure,WB.DATA360:DS_DATA360(1.2),I,A,Annual,BFA,Burkina Faso,ITU_GCI_GCI_OVRL_SCRE,Global Cybersecurity Index - Overall Score (ITU GCI),_T,Total,_T,All age ranges or no breakdown by age,_T,Total,0_TO_100,0-100 scale,_Z,Not Applicable,_Z,Not Applicable,_Z,Not Applicable,2024,70.39149815080222,MEAN,Mean,ITU_GCI,Global Cybersecurity Index,0,Units,IX,Index,602,CCYY,A,Normal value,PU,Public
datastructure,WB.DATA360:DS_DATA360(1.2),I,A,Annual,BDI,Burundi,ITU_GCI_GCI_OVRL_SCRE,Global Cybersecurity Index - Overall Score (ITU GCI),_T,Total,_T,All age ranges or no breakdown by age,_T,Total,0_TO_100,0-100 scale,_Z,Not Applicable,_Z,Not Applicable,_Z,Not Applicable,2024,16.769340071653254,MEAN,Mean,ITU_GCI,Global Cybersecurity Index,0,Units,IX,Index,602,CCYY,A,Normal value,PU,Public
datastructure,WB.DATA360:DS_DATA360(1.2),I,A,Annual,CPV,Cabo Verde,ITU_GCI_GCI_OVRL_SCRE,Global Cybersecurity Index - Overall Score (ITU GCI),_T,Total,_T,All age ranges or no breakdown by age,_T,Total,0_TO_100,0-100 scale,_Z,Not Applicable,_Z,Not Applicable,_Z,Not Applicable,2024,51.54265774004799,MEAN,Mean,ITU_GCI,Global Cybersecurity Index,0,Units,IX,Index,602,CCYY,A,Normal value,PU,Public
datastructure,WB.DATA360:DS_DATA360(1.2),I,A,Annual,KHM,Cambodia,ITU_GCI_GCI_OVRL_SCRE,Global Cybersecurity Index - Overall Score (ITU GCI),_T,Total,_T,All age ranges or no breakdown by age,_T,Total,0_TO_100,0-100 scale,_Z,Not Applicable,_Z,Not Applicable,_Z,Not Applicable,2024,37.08732237164711,MEAN,Mean,ITU_GCI,Global Cybersecurity Index,0,Units,IX,Index,602,CCYY,A,Normal value,PU,Public
datastructure,WB.DATA360:DS_DATA360(1.2),I,A,Annual,CMR,Cameroon,ITU_GCI_GCI_OVRL_SCRE,Global Cybersecurity Index - Overall Score (ITU GCI),_T,Total,_T,All age ranges or no breakdown by age,_T,Total,0_TO_100,0-100 scale,_Z,Not Applicable,_Z,Not Applicable,_Z,Not Applicable,2024,65.53357883958375,MEAN,Mean,ITU_GCI,Global Cybersecurity Index,0,Units,IX,Index,602,CCYY,A,Normal value,PU,Public
datastructure,WB.DATA360:DS_DATA360(1.2),I,A,Annual,CAN,Canada,ITU_GCI_GCI_OVRL_SCRE,Global Cybersecurity Index - Overall Score (ITU GCI),_T,Total,_T,All age ranges or no breakdown by age,_T,Total,0_TO_100,0-100 scale,_Z,Not Applicable,_Z,Not Applicable,_Z,Not Applicable,2024,93.17791701114764,MEAN,Mean,ITU_GCI,Global Cybersecurity Index,0,Units,IX,Index,602,CCYY,A,Normal value,PU,Public
datastructure,WB.DATA360:DS_DATA360(1.2),I,A,Annual,CAF,Central African Republic,ITU_GCI_GCI_OVRL_SCRE,Global Cybersecurity Index - Overall Score (ITU GCI),_T,Total,_T,All age ranges or no breakdown by age,_T,Total,0_TO_100,0-100 scale,_Z,Not Applicable,_Z,Not Applicable,_Z,Not Applicable,2024,4.757965714285714,MEAN,Mean,ITU_GCI,Global Cybersecurity Index,0,Units,IX,Index,602,CCYY,A,Normal value,PU,Public
datastructure,WB.DATA360:DS_DATA360(1.2),I,A,Annual,TCD,Chad,ITU_GCI_GCI_OVRL_SCRE,Global Cybersecurity Index - Overall Score (ITU GCI),_T,Total,_T,All age ranges or no breakdown by age,_T,Total,0_TO_100,0-100 scale,_Z,Not Applicable,_Z,Not Applicable,_Z,Not Applicable,2024,48.677992723194095,MEAN,Mean,ITU_GCI,Global Cybersecurity Index,0,Units,IX,Index,602,CCYY,A,Normal value,PU,Public
datastructure,WB.DATA360:DS_DATA360(1.2),I,A,Annual,CHL,Chile,ITU_GCI_GCI_OVRL_SCRE,Global Cybersecurity Index - Overall Score (ITU GCI),_T,Total,_T,All age ranges or no breakdown by age,_T,Total,0_TO_100,0-100 scale,_Z,Not Applicable,_Z,Not Applicable,_Z,Not Applicable,2024,70.23913967998111,MEAN,Mean,ITU_GCI,Global Cybersecurity Index,0,Units,IX,Index,602,CCYY,A,Normal value,PU,Public
datastructure,WB.DATA360:DS_DATA360(1.2),I,A,Annual,CHN,China,ITU_GCI_GCI_OVRL_SCRE,Global Cybersecurity Index - Overall Score (ITU GCI),_T,Total,_T,All age ranges or no breakdown by age,_T,Total,0_TO_100,0-100 scale,_Z,Not Applicable,_Z,Not Applicable,_Z,Not Applicable,2024,91.72678294040132,MEAN,Mean,ITU_GCI,Global Cybersecurity Index,0,Units,IX,Index,602,CCYY,A,Normal value,PU,Public
datastructure,WB.DATA360:DS_DATA360(1.2),I,A,Annual,COL,Colombia,ITU_GCI_GCI_OVRL_SCRE,Global Cybersecurity Index - Overall Score (ITU GCI),_T,Total,_T,All age ranges or no breakdown by age,_T,Total,0_TO_100,0-100 scale,_Z,Not Applicable,_Z,Not Applicable,_Z,Not Applicable,2024,65.7267643198041,MEAN,Mean,ITU_GCI,Global Cybersecurity Index,0,Units,IX,Index,602,CCYY,A,Normal value,PU,Public
datastructure,WB.DATA360:DS_DATA360(1.2),I,A,Annual,COM,Comoros,ITU_GCI_GCI_OVRL_SCRE,Global Cybersecurity Index - Overall Score (ITU GCI),_T,Total,_T,All age ranges or no breakdown by age,_T,Total,0_TO_100,0-100 scale,_Z,Not Applicable,_Z,Not Applicable,_Z,Not Applicable,2024,39.2239122224369,MEAN,Mean,ITU_GCI,Global Cybersecurity Index,0,Units,IX,Index,602,CCYY,A,Normal value,PU,Public
datastructure,WB.DATA360:DS_DATA360(1.2),I,A,Annual,COG,"Congo, Rep.",ITU_GCI_GCI_OVRL_SCRE,Global Cybersecurity Index - Overall Score (ITU GCI),_T,Total,_T,All age ranges or no breakdown by age,_T,Total,0_TO_100,0-100 scale,_Z,Not Applicable,_Z,Not Applicable,_Z,Not Applicable,2024,27.60254392958016,MEAN,Mean,ITU_GCI,Global Cybersecurity Index,0,Units,IX,Index,602,CCYY,A,Normal value,PU,Public
datastructure,WB.DATA360:DS_DATA360(1.2),I,A,Annual,CRI,Costa Rica,ITU_GCI_GCI_OVRL_SCRE,Global Cybersecurity Index - Overall Score (ITU GCI),_T,Total,_T,All age ranges or no breakdown by age,_T,Total,0_TO_100,0-100 scale,_Z,Not Applicable,_Z,Not Applicable,_Z,Not Applicable,2024,75.07487056519429,MEAN,Mean,ITU_GCI,Global Cybersecurity Index,0,Units,IX,Index,602,CCYY,A,Normal value,PU,Public
datastructure,WB.DATA360:DS_DATA360(1.2),I,A,Annual,CIV,Cote d'Ivoire,ITU_GCI_GCI_OVRL_SCRE,Global Cybersecurity Index - Overall Score (ITU GCI),_T,Total,_T,All age ranges or no breakdown by age,_T,Total,0_TO_100,0-100 scale,_Z,Not Applicable,_Z,Not Applicable,_Z,Not Applicable,2024,78.94954789129312,MEAN,Mean,ITU_GCI,Global Cybersecurity Index,0,Units,IX,Index,602,CCYY,A,Normal value,PU,Public
datastructure,WB.DATA360:DS_DATA360(1.2),I,A,Annual,HRV,Croatia,ITU_GCI_GCI_OVRL_SCRE,Global Cybersecurity Index - Overall Score (ITU GCI),_T,Total,_T,All age ranges or no breakdown by age,_T,Total,0_TO_100,0-100 scale,_Z,Not Applicable,_Z,Not Applicable,_Z,Not Applicable,2024,88.28075847155881,MEAN,Mean,ITU_GCI,Global Cybersecurity Index,0,Units,IX,Index,602,CCYY,A,Normal value,PU,Public
datastructure,WB.DATA360:DS_DATA360(1.2),I,A,Annual,CUB,Cuba,ITU_GCI_GCI_OVRL_SCRE,Global Cybersecurity Index - Overall Score (ITU GCI),_T,Total,_T,All age ranges or no breakdown by age,_T,Total,0_TO_100,0-100 scale,_Z,Not Applicable,_Z,Not Applicable,_Z,Not Applicable,2024,72.88548221602072,MEAN,Mean,ITU_GCI,Global Cybersecurity Index,0,Units,IX,Index,602,CCYY,A,Normal value,PU,Public
datastructure,WB.DATA360:DS_DATA360(1.2),I,A,Annual,CYP,Cyprus,ITU_GCI_GCI_OVRL_SCRE,Global Cybersecurity Index - Overall Score (ITU GCI),_T,Total,_T,All age ranges or no breakdown by age,_T,Total,0_TO_100,0-100 scale,_Z,Not Applicable,_Z,Not Applicable,_Z,Not Applicable,2024,98.01340647631352,MEAN,Mean,ITU_GCI,Global Cybersecurity Index,0,Units,IX,Index,602,CCYY,A,Normal value,PU,Public
datastructure,WB.DATA360:DS_DATA360(1.2),I,A,Annual,CZE,Czechia,ITU_GCI_GCI_OVRL_SCRE,Global Cybersecurity Index - Overall Score (ITU GCI),_T,Total,_T,All age ranges or no breakdown by age,_T,Total,0_TO_100,0-100 scale,_Z,Not Applicable,_Z,Not Applicable,_Z,Not Applicable,2024,87.9340356656817,MEAN,Mean,ITU_GCI,Global Cybersecurity Index,0,Units,IX,Index,602,CCYY,A,Normal value,PU,Public
datastructure,WB.DATA360:DS_DATA360(1.2),I,A,Annual,PRK,"Korea, Dem. People's Rep.",ITU_GCI_GCI_OVRL_SCRE,Global Cybersecurity Index - Overall Score (ITU GCI),_T,Total,_T,All age ranges or no breakdown by age,_T,Total,0_TO_100,0-100 scale,_Z,Not Applicable,_Z,Not Applicable,_Z,Not Applicable,2024,6.18327929028011,MEAN,Mean,ITU_GCI,Global Cybersecurity Index,0,Units,IX,Index,602,CCYY,A,Normal value,PU,Public
datastructure,WB.DATA360:DS_DATA360(1.2),I,A,Annual,COD,"Congo, Dem. Rep.",ITU_GCI_GCI_OVRL_SCRE,Global Cybersecurity Index - Overall Score (ITU GCI),_T,Total,_T,All age ranges or no breakdown by age,_T,Total,0_TO_100,0-100 scale,_Z,Not Applicable,_Z,Not Applicable,_Z,Not Applicable,2024,56.75251591628694,MEAN,Mean,ITU_GCI,Global Cybersecurity Index,0,Units,IX,Index,602,CCYY,A,Normal value,PU,Public
datastructure,WB.DATA360:DS_DATA360(1.2),I,A,Annual,DNK,Denmark,ITU_GCI_GCI_OVRL_SCRE,Global Cybersecurity Index - Overall Score (ITU GCI),_T,Total,_T,All age ranges or no breakdown by age,_T,Total,0_TO_100,0-100 scale,_Z,Not Applicable,_Z,Not Applicable,_Z,Not Applicable,2024,100.0,MEAN,Mean,ITU_GCI,Global Cybersecurity Index,0,Units,IX,Index,602,CCYY,A,Normal value,PU,Public
datastructure,WB.DATA360:DS_DATA360(1.2),I,A,Annual,DJI,Djibouti,ITU_GCI_GCI_OVRL_SCRE,Global Cybersecurity Index - Overall Score (ITU GCI),_T,Total,_T,All age ranges or no breakdown by age,_T,Total,0_TO_100,0-100 scale,_Z,Not Applicable,_Z,Not Applicable,_Z,Not Applicable,2024,31.484022357656563,MEAN,Mean,ITU_GCI,Global Cybersecurity Index,0,Units,IX,Index,602,CCYY,A,Normal value,PU,Public
datastructure,WB.DATA360:DS_DATA360(1.2),I,A,Annual,DMA,Dominica,ITU_GCI_GCI_OVRL_SCRE,Global Cybersecurity Index - Overall Score (ITU GCI),_T,Total,_T,All age ranges or no breakdown by age,_T,Total,0_TO_100,0-100 scale,_Z,Not Applicable,_Z,Not Applicable,_Z,Not Applicable,2024,22.84162284367552,MEAN,Mean,ITU_GCI,Global Cybersecurity Index,0,Units,IX,Index,602,CCYY,A,Normal value,PU,Public
datastructure,WB.DATA360:DS_DATA360(1.2),I,A,Annual,DOM,Dominican Republic,ITU_GCI_GCI_OVRL_SCRE,Global Cybersecurity Index - Overall Score (ITU GCI),_T,Total,_T,All age ranges or no breakdown by age,_T,Total,0_TO_100,0-100 scale,_Z,Not Applicable,_Z,Not Applicable,_Z,Not Applicable,2024,75.82809909605498,MEAN,Mean,ITU_GCI,Global Cybersecurity Index,0,Units,IX,Index,602,CCYY,A,Normal value,PU,Public
datastructure,WB.DATA360:DS_DATA360(1.2),I,A,Annual,ECU,Ecuador,ITU_GCI_GCI_OVRL_SCRE,Global Cybersecurity Index - Overall Score (ITU GCI),_T,Total,_T,All age ranges or no breakdown by age,_T,Total,0_TO_100,0-100 scale,_Z,Not Applicable,_Z,Not Applicable,_Z,Not Applicable,2024,87.11004070959461,MEAN,Mean,ITU_GCI,Global Cybersecurity Index,0,Units,IX,Index,602,CCYY,A,Normal value,PU,Public
datastructure,WB.DATA360:DS_DATA360(1.2),I,A,Annual,EGY,"Egypt, Arab Rep.",ITU_GCI_GCI_OVRL_SCRE,Global Cybersecurity Index - Overall Score (ITU GCI),_T,Total,_T,All age ranges or no breakdown by age,_T,Total,0_TO_100,0-100 scale,_Z,Not Applicable,_Z,Not Applicable,_Z,Not Applicable,2024,100.0,MEAN,Mean,ITU_GCI,Global Cybersecurity Index,0,Units,IX,Index,602,CCYY,A,Normal value,PU,Public
datastructure,WB.DATA360:DS_DATA360(1.2),I,A,Annual,SLV,El Salvador,ITU_GCI_GCI_OVRL_SCRE,Global Cybersecurity Index - Overall Score (ITU GCI),_T,Total,_T,All age ranges or no breakdown by age,_T,Total,0_TO_100,0-100 scale,_Z,Not Applicable,_Z,Not Applicable,_Z,Not Applicable,2024,37.29378559225543,MEAN,Mean,ITU_GCI,Global Cybersecurity Index,0,Units,IX,Index,602,CCYY,A,Normal value,PU,Public
datastructure,WB.DATA360:DS_DATA360(1.2),I,A,Annual,GNQ,Equatorial Guinea,ITU_GCI_GCI_OVRL_SCRE,Global Cybersecurity Index - Overall Score (ITU GCI),_T,Total,_T,All age ranges or no breakdown by age,_T,Total,0_TO_100,0-100 scale,_Z,Not Applicable,_Z,Not Applicable,_Z,Not Applicable,2024,25.442942902276187,MEAN,Mean,ITU_GCI,Global Cybersecurity Index,0,Units,IX,Index,602,CCYY,A,Normal value,PU,Public
datastructure,WB.DATA360:DS_DATA360(1.2),I,A,Annual,ERI,Eritrea,ITU_GCI_GCI_OVRL_SCRE,Global Cybersecurity Index - Overall Score (ITU GCI),_T,Total,_T,All age ranges or no breakdown by age,_T,Total,0_TO_100,0-100 scale,_Z,Not Applicable,_Z,Not Applicable,_Z,Not Applicable,2024,2.205290765412004,MEAN,Mean,ITU_GCI,Global Cybersecurity Index,0,Units,IX,Index,602,CCYY,A,Normal value,PU,Public
datastructure,WB.DATA360:DS_DATA360(1.2),I,A,Annual,EST,Estonia,ITU_GCI_GCI_OVRL_SCRE,Global Cybersecurity Index - Overall Score (ITU GCI),_T,Total,_T,All age ranges or no breakdown by age,_T,Total,0_TO_100,0-100 scale,_Z,Not Applicable,_Z,Not Applicable,_Z,Not Applicable,2024,95.03706868563636,MEAN,Mean,ITU_GCI,Global Cybersecurity Index,0,Units,IX,Index,602,CCYY,A,Normal value,PU,Public
datastructure,WB.DATA360:DS_DATA360(1.2),I,A,Annual,SWZ,Eswatini,ITU_GCI_GCI_OVRL_SCRE,Global Cybersecurity Index - Overall Score (ITU GCI),_T,Total,_T,All age ranges or no breakdown by age,_T,Total,0_TO_100,0-100 scale,_Z,Not Applicable,_Z,Not Applicable,_Z,Not Applicable,2024,79.42930444875775,MEAN,Mean,ITU_GCI,Global Cybersecurity Index,0,Units,IX,Index,602,CCYY,A,Normal value,PU,Public
datastructure,WB.DATA360:DS_DATA360(1.2),I,A,Annual,ETH,Ethiopia,ITU_GCI_GCI_OVRL_SCRE,Global Cybersecurity Index - Overall Score (ITU GCI),_T,Total,_T,All age ranges or no breakdown by age,_T,Total,0_TO_100,0-100 scale,_Z,Not Applicable,_Z,Not Applicable,_Z,Not Applicable,2024,76.5073349233127,MEAN,Mean,ITU_GCI,Global Cybersecurity Index,0,Units,IX,Index,602,CCYY,A,Normal value,PU,Public
datastructure,WB.DATA360:DS_DATA360(1.2),I,A,Annual,FJI,Fiji,ITU_GCI_GCI_OVRL_SCRE,Global Cybersecurity Index - Overall Score (ITU GCI),_T,Total,_T,All age ranges or no breakdown by age,_T,Total,0_TO_100,0-100 scale,_Z,Not Applicable,_Z,Not Applicable,_Z,Not Applicable,2024,53.831800962259706,MEAN,Mean,ITU_GCI,Global Cybersecurity Index,0,Units,IX,Index,602,CCYY,A,Normal value,PU,Public
datastructure,WB.DATA360:DS_DATA360(1.2),I,A,Annual,FIN,Finland,ITU_GCI_GCI_OVRL_SCRE,Global Cybersecurity Index - Overall Score (ITU GCI),_T,Total,_T,All age ranges or no breakdown by age,_T,Total,0_TO_100,0-100 scale,_Z,Not Applicable,_Z,Not Applicable,_Z,Not Applicable,2024,100.0,MEAN,Mean,ITU_GCI,Global Cybersecurity Index,0,Units,IX,Index,602,CCYY,A,Normal value,PU,Public
datastructure,WB.DATA360:DS_DATA360(1.2),I,A,Annual,FRA,France,ITU_GCI_GCI_OVRL_SCRE,Global Cybersecurity Index - Overall Score (ITU GCI),_T,Total,_T,All age ranges or no breakdown by age,_T,Total,0_TO_100,0-100 scale,_Z,Not Applicable,_Z,Not Applicable,_Z,Not Applicable,2024,98.9776674861618,MEAN,Mean,ITU_GCI,Global Cybersecurity Index,0,Units,IX,Index,602,CCYY,A,Normal value,PU,Public
datastructure,WB.DATA360:DS_DATA360(1.2),I,A,Annual,GAB,Gabon,ITU_GCI_GCI_OVRL_SCRE,Global Cybersecurity Index - Overall Score (ITU GCI),_T,Total,_T,All age ranges or no breakdown by age,_T,Total,0_TO_100,0-100 scale,_Z,Not Applicable,_Z,Not Applicable,_Z,Not Applicable,2024,39.84907094246232,MEAN,Mean,ITU_GCI,Global Cybersecurity Index,0,Units,IX,Index,602,CCYY,A,Normal value,PU,Public
datastructure,WB.DATA360:DS_DATA360(1.2),I,A,Annual,GMB,"Gambia, The",ITU_GCI_GCI_OVRL_SCRE,Global Cybersecurity Index - Overall Score (ITU GCI),_T,Total,_T,All age ranges or no breakdown by age,_T,Total,0_TO_100,0-100 scale,_Z,Not Applicable,_Z,Not Applicable,_Z,Not Applicable,2024,61.73254081821932,MEAN,Mean,ITU_GCI,Global Cybersecurity Index,0,Units,IX,Index,602,CCYY,A,Normal value,PU,Public
datastructure,WB.DATA360:DS_DATA360(1.2),I,A,Annual,GEO,Georgia,ITU_GCI_GCI_OVRL_SCRE,Global Cybersecurity Index - Overall Score (ITU GCI),_T,Total,_T,All age ranges or no breakdown by age,_T,Total,0_TO_100,0-100 scale,_Z,Not Applicable,_Z,Not Applicable,_Z,Not Applicable,2024,92.0763826471768,MEAN,Mean,ITU_GCI,Global Cybersecurity Index,0,Units,IX,Index,602,CCYY,A,Normal value,PU,Public
datastructure,WB.DATA360:DS_DATA360(1.2),I,A,Annual,DEU,Germany,ITU_GCI_GCI_OVRL_SCRE,Global Cybersecurity Index - Overall Score (ITU GCI),_T,Total,_T,All age ranges or no breakdown by age,_T,Total,0_TO_100,0-100 scale,_Z,Not Applicable,_Z,Not Applicable,_Z,Not Applicable,2024,97.854300927576,MEAN,Mean,ITU_GCI,Global Cybersecurity Index,0,Units,IX,Index,602,CCYY,A,Normal value,PU,Public
datastructure,WB.DATA360:DS_DATA360(1.2),I,A,Annual,GHA,Ghana,ITU_GCI_GCI_OVRL_SCRE,Global Cybersecurity Index - Overall Score (ITU GCI),_T,Total,_T,All age ranges or no breakdown by age,_T,Total,0_TO_100,0-100 scale,_Z,Not Applicable,_Z,Not Applicable,_Z,Not Applicable,2024,99.27215234131114,MEAN,Mean,ITU_GCI,Global Cybersecurity Index,0,Units,IX,Index,602,CCYY,A,Normal value,PU,Public
datastructure,WB.DATA360:DS_DATA360(1.2),I,A,Annual,GRC,Greece,ITU_GCI_GCI_OVRL_SCRE,Global Cybersecurity Index - Overall Score (ITU GCI),_T,Total,_T,All age ranges or no breakdown by age,_T,Total,0_TO_100,0-100 scale,_Z,Not Applicable,_Z,Not Applicable,_Z,Not Applicable,2024,97.1913523689705,MEAN,Mean,ITU_GCI,Global Cybersecurity Index,0,Units,IX,Index,602,CCYY,A,Normal value,PU,Public
datastructure,WB.DATA360:DS_DATA360(1.2),I,A,Annual,GRD,Grenada,ITU_GCI_GCI_OVRL_SCRE,Global Cybersecurity Index - Overall Score (ITU GCI),_T,Total,_T,All age ranges or no breakdown by age,_T,Total,0_TO_100,0-100 scale,_Z,Not Applicable,_Z,Not Applicable,_Z,Not Applicable,2024,24.71712867969521,MEAN,Mean,ITU_GCI,Global Cybersecurity Index,0,Units,IX,Index,602,CCYY,A,Normal value,PU,Public
datastructure,WB.DATA360:DS_DATA360(1.2),I,A,Annual,GTM,Guatemala,ITU_GCI_GCI_OVRL_SCRE,Global Cybersecurity Index - Overall Score (ITU GCI),_T,Total,_T,All age ranges or no breakdown by age,_T,Total,0_TO_100,0-100 scale,_Z,Not Applicable,_Z,Not Applicable,_Z,Not Applicable,2024,39.98293030646048,MEAN,Mean,ITU_GCI,Global Cybersecurity Index,0,Units,IX,Index,602,CCYY,A,Normal value,PU,Public
datastructure,WB.DATA360:DS_DATA360(1.2),I,A,Annual,GIN,Guinea,ITU_GCI_GCI_OVRL_SCRE,Global Cybersecurity Index - Overall Score (ITU GCI),_T,Total,_T,All age ranges or no breakdown by age,_T,Total,0_TO_100,0-100 scale,_Z,Not Applicable,_Z,Not Applicable,_Z,Not Applicable,2024,56.54986823042776,MEAN,Mean,ITU_GCI,Global Cybersecurity Index,0,Units,IX,Index,602,CCYY,A,Normal value,PU,Public
datastructure,WB.DATA360:DS_DATA360(1.2),I,A,Annual,GNB,Guinea-Bissau,ITU_GCI_GCI_OVRL_SCRE,Global Cybersecurity Index - Overall Score (ITU GCI),_T,Total,_T,All age ranges or no breakdown by age,_T,Total,0_TO_100,0-100 scale,_Z,Not Applicable,_Z,Not Applicable,_Z,Not Applicable,2024,6.431647300855827,MEAN,Mean,ITU_GCI,Global Cybersecurity Index,0,Units,IX,Index,602,CCYY,A,Normal value,PU,Public
datastructure,WB.DATA360:DS_DATA360(1.2),I,A,Annual,GUY,Guyana,ITU_GCI_GCI_OVRL_SCRE,Global Cybersecurity Index - Overall Score (ITU GCI),_T,Total,_T,All age ranges or no breakdown by age,_T,Total,0_TO_100,0-100 scale,_Z,Not Applicable,_Z,Not Applicable,_Z,Not Applicable,2024,47.37990673523902,MEAN,Mean,ITU_GCI,Global Cybersecurity Index,0,Units,IX,Index,602,CCYY,A,Normal value,PU,Public
datastructure,WB.DATA360:DS_DATA360(1.2),I,A,Annual,HTI,Haiti,ITU_GCI_GCI_OVRL_SCRE,Global Cybersecurity Index - Overall Score (ITU GCI),_T,Total,_T,All age ranges or no breakdown by age,_T,Total,0_TO_100,0-100 scale,_Z,Not Applicable,_Z,Not Applicable,_Z,Not Applicable,2024,24.28077105702481,MEAN,Mean,ITU_GCI,Global Cybersecurity Index,0,Units,IX,Index,602,CCYY,A,Normal value,PU,Public
datastructure,WB.DATA360:DS_DATA360(1.2),I,A,Annual,HND,Honduras,ITU_GCI_GCI_OVRL_SCRE,Global Cybersecurity Index - Overall Score (ITU GCI),_T,Total,_T,All age ranges or no breakdown by age,_T,Total,0_TO_100,0-100 scale,_Z,Not Applicable,_Z,Not Applicable,_Z,Not Applicable,2024,28.07666198665249,MEAN,Mean,ITU_GCI,Global Cybersecurity Index,0,Units,IX,Index,602,CCYY,A,Normal value,PU,Public
datastructure,WB.DATA360:DS_DATA360(1.2),I,A,Annual,HUN,Hungary,ITU_GCI_GCI_OVRL_SCRE,Global Cybersecurity Index - Overall Score (ITU GCI),_T,Total,_T,All age ranges or no breakdown by age,_T,Total,0_TO_100,0-100 scale,_Z,Not Applicable,_Z,Not Applicable,_Z,Not Applicable,2024,88.64863829395192,MEAN,Mean,ITU_GCI,Global Cybersecurity Index,0,Units,IX,Index,602,CCYY,A,Normal value,PU,Public
datastructure,WB.DATA360:DS_DATA360(1.2),I,A,Annual,ISL,Iceland,ITU_GCI_GCI_OVRL_SCRE,Global Cybersecurity Index - Overall Score (ITU GCI),_T,Total,_T,All age ranges or no breakdown by age,_T,Total,0_TO_100,0-100 scale,_Z,Not Applicable,_Z,Not Applicable,_Z,Not Applicable,2024,98.82587284079084,MEAN,Mean,ITU_GCI,Global Cybersecurity Index,0,Units,IX,Index,602,CCYY,A,Normal value,PU,Public
datastructure,WB.DATA360:DS_DATA360(1.2),I,A,Annual,IND,India,ITU_GCI_GCI_OVRL_SCRE,Global Cybersecurity Index - Overall Score (ITU GCI),_T,Total,_T,All age ranges or no breakdown by age,_T,Total,0_TO_100,0-100 scale,_Z,Not Applicable,_Z,Not Applicable,_Z,Not Applicable,2024,98.492590842872,MEAN,Mean,ITU_GCI,Global Cybersecurity Index,0,Units,IX,Index,602,CCYY,A,Normal value,PU,Public
datastructure,WB.DATA360:DS_DATA360(1.2),I,A,Annual,IDN,Indonesia,ITU_GCI_GCI_OVRL_SCRE,Global Cybersecurity Index - Overall Score (ITU GCI),_T,Total,_T,All age ranges or no breakdown by age,_T,Total,0_TO_100,0-100 scale,_Z,Not Applicable,_Z,Not Applicable,_Z,Not Applicable,2024,100.0,MEAN,Mean,ITU_GCI,Global Cybersecurity Index,0,Units,IX,Index,602,CCYY,A,Normal value,PU,Public
datastructure,WB.DATA360:DS_DATA360(1.2),I,A,Annual,IRN,"Iran, Islamic Rep.",ITU_GCI_GCI_OVRL_SCRE,Global Cybersecurity Index - Overall Score (ITU GCI),_T,Total,_T,All age ranges or no breakdown by age,_T,Total,0_TO_100,0-100 scale,_Z,Not Applicable,_Z,Not Applicable,_Z,Not Applicable,2024,65.5221497517631,MEAN,Mean,ITU_GCI,Global Cybersecurity Index,0,Units,IX,Index,602,CCYY,A,Normal value,PU,Public
datastructure,WB.DATA360:DS_DATA360(1.2),I,A,Annual,IRQ,Iraq,ITU_GCI_GCI_OVRL_SCRE,Global Cybersecurity Index - Overall Score (ITU GCI),_T,Total,_T,All age ranges or no breakdown by age,_T,Total,0_TO_100,0-100 scale,_Z,Not Applicable,_Z,Not Applicable,_Z,Not Applicable,2024,53.06856441493363,MEAN,Mean,ITU_GCI,Global Cybersecurity Index,0,Units,IX,Index,602,CCYY,A,Normal value,PU,Public
datastructure,WB.DATA360:DS_DATA360(1.2),I,A,Annual,IRL,Ireland,ITU_GCI_GCI_OVRL_SCRE,Global Cybersecurity Index - Overall Score (ITU GCI),_T,Total,_T,All age ranges or no breakdown by age,_T,Total,0_TO_100,0-100 scale,_Z,Not Applicable,_Z,Not Applicable,_Z,Not Applicable,2024,90.88792675975073,MEAN,Mean,ITU_GCI,Global Cybersecurity Index,0,Units,IX,Index,602,CCYY,A,Normal value,PU,Public
datastructure,WB.DATA360:DS_DATA360(1.2),I,A,Annual,ISR,Israel,ITU_GCI_GCI_OVRL_SCRE,Global Cybersecurity Index - Overall Score (ITU GCI),_T,Total,_T,All age ranges or no breakdown by age,_T,Total,0_TO_100,0-100 scale,_Z,Not Applicable,_Z,Not Applicable,_Z,Not Applicable,2024,93.75811559668551,MEAN,Mean,ITU_GCI,Global Cybersecurity Index,0,Units,IX,Index,602,CCYY,A,Normal value,PU,Public
datastructure,WB.DATA360:DS_DATA360(1.2),I,A,Annual,ITA,Italy,ITU_GCI_GCI_OVRL_SCRE,Global Cybersecurity Index - Overall Score (ITU GCI),_T,Total,_T,All age ranges or no breakdown by age,_T,Total,0_TO_100,0-100 scale,_Z,Not Applicable,_Z,Not Applicable,_Z,Not Applicable,2024,100.0,MEAN,Mean,ITU_GCI,Global Cybersecurity Index,0,Units,IX,Index,602,CCYY,A,Normal value,PU,Public
datastructure,WB.DATA360:DS_DATA360(1.2),I,A,Annual,JAM,Jamaica,ITU_GCI_GCI_OVRL_SCRE,Global Cybersecurity Index - Overall Score (ITU GCI),_T,Total,_T,All age ranges or no breakdown by age,_T,Total,0_TO_100,0-100 scale,_Z,Not Applicable,_Z,Not Applicable,_Z,Not Applicable,2024,58.02844386285378,MEAN,Mean,ITU_GCI,Global Cybersecurity Index,0,Units,IX,Index,602,CCYY,A,Normal value,PU,Public
datastructure,WB.DATA360:DS_DATA360(1.2),I,A,Annual,JPN,Japan,ITU_GCI_GCI_OVRL_SCRE,Global Cybersecurity Index - Overall Score (ITU GCI),_T,Total,_T,All age ranges or no breakdown by age,_T,Total,0_TO_100,0-100 scale,_Z,Not Applicable,_Z,Not Applicable,_Z,Not Applicable,2024,97.57308228187102,MEAN,Mean,ITU_GCI,Global Cybersecurity Index,0,Units,IX,Index,602,CCYY,A,Normal value,PU,Public
datastructure,WB.DATA360:DS_DATA360(1.2),I,A,Annual,JOR,Jordan,ITU_GCI_GCI_OVRL_SCRE,Global Cybersecurity Index - Overall Score (ITU GCI),_T,Total,_T,All age ranges or no breakdown by age,_T,Total,0_TO_100,0-100 scale,_Z,Not Applicable,_Z,Not Applicable,_Z,Not Applicable,2024,98.5973687245093,MEAN,Mean,ITU_GCI,Global Cybersecurity Index,0,Units,IX,Index,602,CCYY,A,Normal value,PU,Public
datastructure,WB.DATA360:DS_DATA360(1.2),I,A,Annual,KAZ,Kazakhstan,ITU_GCI_GCI_OVRL_SCRE,Global Cybersecurity Index - Overall Score (ITU GCI),_T,Total,_T,All age ranges or no breakdown by age,_T,Total,0_TO_100,0-100 scale,_Z,Not Applicable,_Z,Not Applicable,_Z,Not Applicable,2024,94.05332324768744,MEAN,Mean,ITU_GCI,Global Cybersecurity Index,0,Units,IX,Index,602,CCYY,A,Normal value,PU,Public
datastructure,WB.DATA360:DS_DATA360(1.2),I,A,Annual,KEN,Kenya,ITU_GCI_GCI_OVRL_SCRE,Global Cybersecurity Index - Overall Score (ITU GCI),_T,Total,_T,All age ranges or no breakdown by age,_T,Total,0_TO_100,0-100 scale,_Z,Not Applicable,_Z,Not Applicable,_Z,Not Applicable,2024,98.5917620278688,MEAN,Mean,ITU_GCI,Global Cybersecurity Index,0,Units,IX,Index,602,CCYY,A,Normal value,PU,Public
datastructure,WB.DATA360:DS_DATA360(1.2),I,A,Annual,KIR,Kiribati,ITU_GCI_GCI_OVRL_SCRE,Global Cybersecurity Index - Overall Score (ITU GCI),_T,Total,_T,All age ranges or no breakdown by age,_T,Total,0_TO_100,0-100 scale,_Z,Not Applicable,_Z,Not Applicable,_Z,Not Applicable,2024,55.629984184197525,MEAN,Mean,ITU_GCI,Global Cybersecurity Index,0,Units,IX,Index,602,CCYY,A,Normal value,PU,Public
datastructure,WB.DATA360:DS_DATA360(1.2),I,A,Annual,KWT,Kuwait,ITU_GCI_GCI_OVRL_SCRE,Global Cybersecurity Index - Overall Score (ITU GCI),_T,Total,_T,All age ranges or no breakdown by age,_T,Total,0_TO_100,0-100 scale,_Z,Not Applicable,_Z,Not Applicable,_Z,Not Applicable,2024,60.73266092624394,MEAN,Mean,ITU_GCI,Global Cybersecurity Index,0,Units,IX,Index,602,CCYY,A,Normal value,PU,Public
datastructure,WB.DATA360:DS_DATA360(1.2),I,A,Annual,KGZ,Kyrgyz Republic,ITU_GCI_GCI_OVRL_SCRE,Global Cybersecurity Index - Overall Score (ITU GCI),_T,Total,_T,All age ranges or no breakdown by age,_T,Total,0_TO_100,0-100 scale,_Z,Not Applicable,_Z,Not Applicable,_Z,Not Applicable,2024,65.60338643770805,MEAN,Mean,ITU_GCI,Global Cybersecurity Index,0,Units,IX,Index,602,CCYY,A,Normal value,PU,Public
datastructure,WB.DATA360:DS_DATA360(1.2),I,A,Annual,LAO,Lao PDR,ITU_GCI_GCI_OVRL_SCRE,Global Cybersecurity Index - Overall Score (ITU GCI),_T,Total,_T,All age ranges or no breakdown by age,_T,Total,0_TO_100,0-100 scale,_Z,Not Applicable,_Z,Not Applicable,_Z,Not Applicable,2024,33.73675020328295,MEAN,Mean,ITU_GCI,Global Cybersecurity Index,0,Units,IX,Index,602,CCYY,A,Normal value,PU,Public
datastructure,WB.DATA360:DS_DATA360(1.2),I,A,Annual,LVA,Latvia,ITU_GCI_GCI_OVRL_SCRE,Global Cybersecurity Index - Overall Score (ITU GCI),_T,Total,_T,All age ranges or no breakdown by age,_T,Total,0_TO_100,0-100 scale,_Z,Not Applicable,_Z,Not Applicable,_Z,Not Applicable,2024,82.62904662548401,MEAN,Mean,ITU_GCI,Global Cybersecurity Index,0,Units,IX,Index,602,CCYY,A,Normal value,PU,Public
datastructure,WB.DATA360:DS_DATA360(1.2),I,A,Annual,LBN,Lebanon,ITU_GCI_GCI_OVRL_SCRE,Global Cybersecurity Index - Overall Score (ITU GCI),_T,Total,_T,All age ranges or no breakdown by age,_T,Total,0_TO_100,0-100 scale,_Z,Not Applicable,_Z,Not Applicable,_Z,Not Applicable,2024,32.384113756262025,MEAN,Mean,ITU_GCI,Global Cybersecurity Index,0,Units,IX,Index,602,CCYY,A,Normal value,PU,Public
datastructure,WB.DATA360:DS_DATA360(1.2),I,A,Annual,LSO,Lesotho,ITU_GCI_GCI_OVRL_SCRE,Global Cybersecurity Index - Overall Score (ITU GCI),_T,Total,_T,All age ranges or no breakdown by age,_T,Total,0_TO_100,0-100 scale,_Z,Not Applicable,_Z,Not Applicable,_Z,Not Applicable,2024,30.58257283425345,MEAN,Mean,ITU_GCI,Global Cybersecurity Index,0,Units,IX,Index,602,CCYY,A,Normal value,PU,Public
datastructure,WB.DATA360:DS_DATA360(1.2),I,A,Annual,LBR,Liberia,ITU_GCI_GCI_OVRL_SCRE,Global Cybersecurity Index - Overall Score (ITU GCI),_T,Total,_T,All age ranges or no breakdown by age,_T,Total,0_TO_100,0-100 scale,_Z,Not Applicable,_Z,Not Applicable,_Z,Not Applicable,2024,21.344985011066733,MEAN,Mean,ITU_GCI,Global Cybersecurity Index,0,Units,IX,Index,602,CCYY,A,Normal value,PU,Public
datastructure,WB.DATA360:DS_DATA360(1.2),I,A,Annual,LBY,Libya,ITU_GCI_GCI_OVRL_SCRE,Global Cybersecurity Index - Overall Score (ITU GCI),_T,Total,_T,All age ranges or no breakdown by age,_T,Total,0_TO_100,0-100 scale,_Z,Not Applicable,_Z,Not Applicable,_Z,Not Applicable,2024,68.0943630101198,MEAN,Mean,ITU_GCI,Global Cybersecurity Index,0,Units,IX,Index,602,CCYY,A,Normal value,PU,Public
datastructure,WB.DATA360:DS_DATA360(1.2),I,A,Annual,LIE,Liechtenstein,ITU_GCI_GCI_OVRL_SCRE,Global Cybersecurity Index - Overall Score (ITU GCI),_T,Total,_T,All age ranges or no breakdown by age,_T,Total,0_TO_100,0-100 scale,_Z,Not Applicable,_Z,Not Applicable,_Z,Not Applicable,2024,51.97533309627984,MEAN,Mean,ITU_GCI,Global Cybersecurity Index,0,Units,IX,Index,602,CCYY,A,Normal value,PU,Public
datastructure,WB.DATA360:DS_DATA360(1.2),I,A,Annual,LTU,Lithuania,ITU_GCI_GCI_OVRL_SCRE,Global Cybersecurity Index - Overall Score (ITU GCI),_T,Total,_T,All age ranges or no breakdown by age,_T,Total,0_TO_100,0-100 scale,_Z,Not Applicable,_Z,Not Applicable,_Z,Not Applicable,2024,92.73340037535404,MEAN,Mean,ITU_GCI,Global Cybersecurity Index,0,Units,IX,Index,602,CCYY,A,Normal value,PU,Public
datastructure,WB.DATA360:DS_DATA360(1.2),I,A,Annual,LUX,Luxembourg,ITU_GCI_GCI_OVRL_SCRE,Global Cybersecurity Index - Overall Score (ITU GCI),_T,Total,_T,All age ranges or no breakdown by age,_T,Total,0_TO_100,0-100 scale,_Z,Not Applicable,_Z,Not Applicable,_Z,Not Applicable,2024,98.71651346216396,MEAN,Mean,ITU_GCI,Global Cybersecurity Index,0,Units,IX,Index,602,CCYY,A,Normal value,PU,Public
datastructure,WB.DATA360:DS_DATA360(1.2),I,A,Annual,MDG,Madagascar,ITU_GCI_GCI_OVRL_SCRE,Global Cybersecurity Index - Overall Score (ITU GCI),_T,Total,_T,All age ranges or no breakdown by age,_T,Total,0_TO_100,0-100 scale,_Z,Not Applicable,_Z,Not Applicable,_Z,Not Applicable,2024,31.70371934399401,MEAN,Mean,ITU_GCI,Global Cybersecurity Index,0,Units,IX,Index,602,CCYY,A,Normal value,PU,Public
datastructure,WB.DATA360:DS_DATA360(1.2),I,A,Annual,MWI,Malawi,ITU_GCI_GCI_OVRL_SCRE,Global Cybersecurity Index - Overall Score (ITU GCI),_T,Total,_T,All age ranges or no breakdown by age,_T,Total,0_TO_100,0-100 scale,_Z,Not Applicable,_Z,Not Applicable,_Z,Not Applicable,2024,80.42082637083016,MEAN,Mean,ITU_GCI,Global Cybersecurity Index,0,Units,IX,Index,602,CCYY,A,Normal value,PU,Public
datastructure,WB.DATA360:DS_DATA360(1.2),I,A,Annual,MYS,Malaysia,ITU_GCI_GCI_OVRL_SCRE,Global Cybersecurity Index - Overall Score (ITU GCI),_T,Total,_T,All age ranges or no breakdown by age,_T,Total,0_TO_100,0-100 scale,_Z,Not Applicable,_Z,Not Applicable,_Z,Not Applicable,2024,98.8219646201873,MEAN,Mean,ITU_GCI,Global Cybersecurity Index,0,Units,IX,Index,602,CCYY,A,Normal value,PU,Public
datastructure,WB.DATA360:DS_DATA360(1.2),I,A,Annual,MDV,Maldives,ITU_GCI_GCI_OVRL_SCRE,Global Cybersecurity Index - Overall Score (ITU GCI),_T,Total,_T,All age ranges or no breakdown by age,_T,Total,0_TO_100,0-100 scale,_Z,Not Applicable,_Z,Not Applicable,_Z,Not Applicable,2024,14.819181792901102,MEAN,Mean,ITU_GCI,Global Cybersecurity Index,0,Units,IX,Index,602,CCYY,A,Normal value,PU,Public
datastructure,WB.DATA360:DS_DATA360(1.2),I,A,Annual,MLI,Mali,ITU_GCI_GCI_OVRL_SCRE,Global Cybersecurity Index - Overall Score (ITU GCI),_T,Total,_T,All age ranges or no breakdown by age,_T,Total,0_TO_100,0-100 scale,_Z,Not Applicable,_Z,Not Applicable,_Z,Not Applicable,2024,29.47018375005531,MEAN,Mean,ITU_GCI,Global Cybersecurity Index,0,Units,IX,Index,602,CCYY,A,Normal value,PU,Public
datastructure,WB.DATA360:DS_DATA360(1.2),I,A,Annual,MLT,Malta,ITU_GCI_GCI_OVRL_SCRE,Global Cybersecurity Index - Overall Score (ITU GCI),_T,Total,_T,All age ranges or no breakdown by age,_T,Total,0_TO_100,0-100 scale,_Z,Not Applicable,_Z,Not Applicable,_Z,Not Applicable,2024,93.41595279672605,MEAN,Mean,ITU_GCI,Global Cybersecurity Index,0,Units,IX,Index,602,CCYY,A,Normal value,PU,Public
datastructure,WB.DATA360:DS_DATA360(1.2),I,A,Annual,MHL,Marshall Islands,ITU_GCI_GCI_OVRL_SCRE,Global Cybersecurity Index - Overall Score (ITU GCI),_T,Total,_T,All age ranges or no breakdown by age,_T,Total,0_TO_100,0-100 scale,_Z,Not Applicable,_Z,Not Applicable,_Z,Not Applicable,2024,14.236513740420488,MEAN,Mean,ITU_GCI,Global Cybersecurity Index,0,Units,IX,Index,602,CCYY,A,Normal value,PU,Public
datastructure,WB.DATA360:DS_DATA360(1.2),I,A,Annual,MRT,Mauritania,ITU_GCI_GCI_OVRL_SCRE,Global Cybersecurity Index - Overall Score (ITU GCI),_T,Total,_T,All age ranges or no breakdown by age,_T,Total,0_TO_100,0-100 scale,_Z,Not Applicable,_Z,Not Applicable,_Z,Not Applicable,2024,39.32820729475588,MEAN,Mean,ITU_GCI,Global Cybersecurity Index,0,Units,IX,Index,602,CCYY,A,Normal value,PU,Public
datastructure,WB.DATA360:DS_DATA360(1.2),I,A,Annual,MUS,Mauritius,ITU_GCI_GCI_OVRL_SCRE,Global Cybersecurity Index - Overall Score (ITU GCI),_T,Total,_T,All age ranges or no breakdown by age,_T,Total,0_TO_100,0-100 scale,_Z,Not Applicable,_Z,Not Applicable,_Z,Not Applicable,2024,100.0,MEAN,Mean,ITU_GCI,Global Cybersecurity Index,0,Units,IX,Index,602,CCYY,A,Normal value,PU,Public
datastructure,WB.DATA360:DS_DATA360(1.2),I,A,Annual,MEX,Mexico,ITU_GCI_GCI_OVRL_SCRE,Global Cybersecurity Index - Overall Score (ITU GCI),_T,Total,_T,All age ranges or no breakdown by age,_T,Total,0_TO_100,0-100 scale,_Z,Not Applicable,_Z,Not Applicable,_Z,Not Applicable,2024,85.76224549570306,MEAN,Mean,ITU_GCI,Global Cybersecurity Index,0,Units,IX,Index,602,CCYY,A,Normal value,PU,Public
datastructure,WB.DATA360:DS_DATA360(1.2),I,A,Annual,FSM,"Micronesia, Fed. Sts.",ITU_GCI_GCI_OVRL_SCRE,Global Cybersecurity Index - Overall Score (ITU GCI),_T,Total,_T,All age ranges or no breakdown by age,_T,Total,0_TO_100,0-100 scale,_Z,Not Applicable,_Z,Not Applicable,_Z,Not Applicable,2024,8.772607181925238,MEAN,Mean,ITU_GCI,Global Cybersecurity Index,0,Units,IX,Index,602,CCYY,A,Normal value,PU,Public
datastructure,WB.DATA360:DS_DATA360(1.2),I,A,Annual,MDA,Moldova,ITU_GCI_GCI_OVRL_SCRE,Global Cybersecurity Index - Overall Score (ITU GCI),_T,Total,_T,All age ranges or no breakdown by age,_T,Total,0_TO_100,0-100 scale,_Z,Not Applicable,_Z,Not Applicable,_Z,Not Applicable,2024,65.2537599200252,MEAN,Mean,ITU_GCI,Global Cybersecurity Index,0,Units,IX,Index,602,CCYY,A,Normal value,PU,Public
datastructure,WB.DATA360:DS_DATA360(1.2),I,A,Annual,MCO,Monaco,ITU_GCI_GCI_OVRL_SCRE,Global Cybersecurity Index - Overall Score (ITU GCI),_T,Total,_T,All age ranges or no breakdown by age,_T,Total,0_TO_100,0-100 scale,_Z,Not Applicable,_Z,Not Applicable,_Z,Not Applicable,2024,75.42103595741648,MEAN,Mean,ITU_GCI,Global Cybersecurity Index,0,Units,IX,Index,602,CCYY,A,Normal value,PU,Public
datastructure,WB.DATA360:DS_DATA360(1.2),I,A,Annual,MNG,Mongolia,ITU_GCI_GCI_OVRL_SCRE,Global Cybersecurity Index - Overall Score (ITU GCI),_T,Total,_T,All age ranges or no breakdown by age,_T,Total,0_TO_100,0-100 scale,_Z,Not Applicable,_Z,Not Applicable,_Z,Not Applicable,2024,56.36612308625787,MEAN,Mean,ITU_GCI,Global Cybersecurity Index,0,Units,IX,Index,602,CCYY,A,Normal value,PU,Public
datastructure,WB.DATA360:DS_DATA360(1.2),I,A,Annual,MNE,Montenegro,ITU_GCI_GCI_OVRL_SCRE,Global Cybersecurity Index - Overall Score (ITU GCI),_T,Total,_T,All age ranges or no breakdown by age,_T,Total,0_TO_100,0-100 scale,_Z,Not Applicable,_Z,Not Applicable,_Z,Not Applicable,2024,74.82551287679786,MEAN,Mean,ITU_GCI,Global Cybersecurity Index,0,Units,IX,Index,602,CCYY,A,Normal value,PU,Public
datastructure,WB.DATA360:DS_DATA360(1.2),I,A,Annual,MAR,Morocco,ITU_GCI_GCI_OVRL_SCRE,Global Cybersecurity Index - Overall Score (ITU GCI),_T,Total,_T,All age ranges or no breakdown by age,_T,Total,0_TO_100,0-100 scale,_Z,Not Applicable,_Z,Not Applicable,_Z,Not Applicable,2024,97.49367886496005,MEAN,Mean,ITU_GCI,Global Cybersecurity Index,0,Units,IX,Index,602,CCYY,A,Normal value,PU,Public
datastructure,WB.DATA360:DS_DATA360(1.2),I,A,Annual,MOZ,Mozambique,ITU_GCI_GCI_OVRL_SCRE,Global Cybersecurity Index - Overall Score (ITU GCI),_T,Total,_T,All age ranges or no breakdown by age,_T,Total,0_TO_100,0-100 scale,_Z,Not Applicable,_Z,Not Applicable,_Z,Not Applicable,2024,66.06592026331663,MEAN,Mean,ITU_GCI,Global Cybersecurity Index,0,Units,IX,Index,602,CCYY,A,Normal value,PU,Public
datastructure,WB.DATA360:DS_DATA360(1.2),I,A,Annual,MMR,Myanmar,ITU_GCI_GCI_OVRL_SCRE,Global Cybersecurity Index - Overall Score (ITU GCI),_T,Total,_T,All age ranges or no breakdown by age,_T,Total,0_TO_100,0-100 scale,_Z,Not Applicable,_Z,Not Applicable,_Z,Not Applicable,2024,73.58150503290338,MEAN,Mean,ITU_GCI,Global Cybersecurity Index,0,Units,IX,Index,602,CCYY,A,Normal value,PU,Public
datastructure,WB.DATA360:DS_DATA360(1.2),I,A,Annual,NAM,Namibia,ITU_GCI_GCI_OVRL_SCRE,Global Cybersecurity Index - Overall Score (ITU GCI),_T,Total,_T,All age ranges or no breakdown by age,_T,Total,0_TO_100,0-100 scale,_Z,Not Applicable,_Z,Not Applicable,_Z,Not Applicable,2024,36.92393382940071,MEAN,Mean,ITU_GCI,Global Cybersecurity Index,0,Units,IX,Index,602,CCYY,A,Normal value,PU,Public
datastructure,WB.DATA360:DS_DATA360(1.2),I,A,Annual,NRU,Nauru,ITU_GCI_GCI_OVRL_SCRE,Global Cybersecurity Index - Overall Score (ITU GCI),_T,Total,_T,All age ranges or no breakdown by age,_T,Total,0_TO_100,0-100 scale,_Z,Not Applicable,_Z,Not Applicable,_Z,Not Applicable,2024,21.59610428188521,MEAN,Mean,ITU_GCI,Global Cybersecurity Index,0,Units,IX,Index,602,CCYY,A,Normal value,PU,Public
datastructure,WB.DATA360:DS_DATA360(1.2),I,A,Annual,NPL,Nepal,ITU_GCI_GCI_OVRL_SCRE,Global Cybersecurity Index - Overall Score (ITU GCI),_T,Total,_T,All age ranges or no breakdown by age,_T,Total,0_TO_100,0-100 scale,_Z,Not Applicable,_Z,Not Applicable,_Z,Not Applicable,2024,69.76223661948328,MEAN,Mean,ITU_GCI,Global Cybersecurity Index,0,Units,IX,Index,602,CCYY,A,Normal value,PU,Public
datastructure,WB.DATA360:DS_DATA360(1.2),I,A,Annual,NLD,Netherlands,ITU_GCI_GCI_OVRL_SCRE,Global Cybersecurity Index - Overall Score (ITU GCI),_T,Total,_T,All age ranges or no breakdown by age,_T,Total,0_TO_100,0-100 scale,_Z,Not Applicable,_Z,Not Applicable,_Z,Not Applicable,2024,99.21758834547347,MEAN,Mean,ITU_GCI,Global Cybersecurity Index,0,Units,IX,Index,602,CCYY,A,Normal value,PU,Public
datastructure,WB.DATA360:DS_DATA360(1.2),I,A,Annual,NZL,New Zealand,ITU_GCI_GCI_OVRL_SCRE,Global Cybersecurity Index - Overall Score (ITU GCI),_T,Total,_T,All age ranges or no breakdown by age,_T,Total,0_TO_100,0-100 scale,_Z,Not Applicable,_Z,Not Applicable,_Z,Not Applicable,2024,82.62021085016079,MEAN,Mean,ITU_GCI,Global Cybersecurity Index,0,Units,IX,Index,602,CCYY,A,Normal value,PU,Public
datastructure,WB.DATA360:DS_DATA360(1.2),I,A,Annual,NIC,Nicaragua,ITU_GCI_GCI_OVRL_SCRE,Global Cybersecurity Index - Overall Score (ITU GCI),_T,Total,_T,All age ranges or no breakdown by age,_T,Total,0_TO_100,0-100 scale,_Z,Not Applicable,_Z,Not Applicable,_Z,Not Applicable,2024,20.55318361110293,MEAN,Mean,ITU_GCI,Global Cybersecurity Index,0,Units,IX,Index,602,CCYY,A,Normal value,PU,Public
datastructure,WB.DATA360:DS_DATA360(1.2),I,A,Annual,NER,Niger,ITU_GCI_GCI_OVRL_SCRE,Global Cybersecurity Index - Overall Score (ITU GCI),_T,Total,_T,All age ranges or no breakdown by age,_T,Total,0_TO_100,0-100 scale,_Z,Not Applicable,_Z,Not Applicable,_Z,Not Applicable,2024,41.86392501869403,MEAN,Mean,ITU_GCI,Global Cybersecurity Index,0,Units,IX,Index,602,CCYY,A,Normal value,PU,Public
datastructure,WB.DATA360:DS_DATA360(1.2),I,A,Annual,NGA,Nigeria,ITU_GCI_GCI_OVRL_SCRE,Global Cybersecurity Index - Overall Score (ITU GCI),_T,Total,_T,All age ranges or no breakdown by age,_T,Total,0_TO_100,0-100 scale,_Z,Not Applicable,_Z,Not Applicable,_Z,Not Applicable,2024,82.40187261524167,MEAN,Mean,ITU_GCI,Global Cybersecurity Index,0,Units,IX,Index,602,CCYY,A,Normal value,PU,Public
datastructure,WB.DATA360:DS_DATA360(1.2),I,A,Annual,NOR,Norway,ITU_GCI_GCI_OVRL_SCRE,Global Cybersecurity Index - Overall Score (ITU GCI),_T,Total,_T,All age ranges or no breakdown by age,_T,Total,0_TO_100,0-100 scale,_Z,Not Applicable,_Z,Not Applicable,_Z,Not Applicable,2024,97.0175272526602,MEAN,Mean,ITU_GCI,Global Cybersecurity Index,0,Units,IX,Index,602,CCYY,A,Normal value,PU,Public
datastructure,WB.DATA360:DS_DATA360(1.2),I,A,Annual,OMN,Oman,ITU_GCI_GCI_OVRL_SCRE,Global Cybersecurity Index - Overall Score (ITU GCI),_T,Total,_T,All age ranges or no breakdown by age,_T,Total,0_TO_100,0-100 scale,_Z,Not Applicable,_Z,Not Applicable,_Z,Not Applicable,2024,97.00249945048228,MEAN,Mean,ITU_GCI,Global Cybersecurity Index,0,Units,IX,Index,602,CCYY,A,Normal value,PU,Public
datastructure,WB.DATA360:DS_DATA360(1.2),I,A,Annual,PAK,Pakistan,ITU_GCI_GCI_OVRL_SCRE,Global Cybersecurity Index - Overall Score (ITU GCI),_T,Total,_T,All age ranges or no breakdown by age,_T,Total,0_TO_100,0-100 scale,_Z,Not Applicable,_Z,Not Applicable,_Z,Not Applicable,2024,96.69637686725184,MEAN,Mean,ITU_GCI,Global Cybersecurity Index,0,Units,IX,Index,602,CCYY,A,Normal value,PU,Public
datastructure,WB.DATA360:DS_DATA360(1.2),I,A,Annual,PAN,Panama,ITU_GCI_GCI_OVRL_SCRE,Global Cybersecurity Index - Overall Score (ITU GCI),_T,Total,_T,All age ranges or no breakdown by age,_T,Total,0_TO_100,0-100 scale,_Z,Not Applicable,_Z,Not Applicable,_Z,Not Applicable,2024,66.53936349247509,MEAN,Mean,ITU_GCI,Global Cybersecurity Index,0,Units,IX,Index,602,CCYY,A,Normal value,PU,Public
datastructure,WB.DATA360:DS_DATA360(1.2),I,A,Annual,PNG,Papua New Guinea,ITU_GCI_GCI_OVRL_SCRE,Global Cybersecurity Index - Overall Score (ITU GCI),_T,Total,_T,All age ranges or no breakdown by age,_T,Total,0_TO_100,0-100 scale,_Z,Not Applicable,_Z,Not Applicable,_Z,Not Applicable,2024,62.75086981179912,MEAN,Mean,ITU_GCI,Global Cybersecurity Index,0,Units,IX,Index,602,CCYY,A,Normal value,PU,Public
datastructure,WB.DATA360:DS_DATA360(1.2),I,A,Annual,PRY,Paraguay,ITU_GCI_GCI_OVRL_SCRE,Global Cybersecurity Index - Overall Score (ITU GCI),_T,Total,_T,All age ranges or no breakdown by age,_T,Total,0_TO_100,0-100 scale,_Z,Not Applicable,_Z,Not Applicable,_Z,Not Applicable,2024,74.93445781319026,MEAN,Mean,ITU_GCI,Global Cybersecurity Index,0,Units,IX,Index,602,CCYY,A,Normal value,PU,Public
datastructure,WB.DATA360:DS_DATA360(1.2),I,A,Annual,PER,Peru,ITU_GCI_GCI_OVRL_SCRE,Global Cybersecurity Index - Overall Score (ITU GCI),_T,Total,_T,All age ranges or no breakdown by age,_T,Total,0_TO_100,0-100 scale,_Z,Not Applicable,_Z,Not Applicable,_Z,Not Applicable,2024,83.59328356407613,MEAN,Mean,ITU_GCI,Global Cybersecurity Index,0,Units,IX,Index,602,CCYY,A,Normal value,PU,Public
datastructure,WB.DATA360:DS_DATA360(1.2),I,A,Annual,PHL,Philippines,ITU_GCI_GCI_OVRL_SCRE,Global Cybersecurity Index - Overall Score (ITU GCI),_T,Total,_T,All age ranges or no breakdown by age,_T,Total,0_TO_100,0-100 scale,_Z,Not Applicable,_Z,Not Applicable,_Z,Not Applicable,2024,93.4840815392041,MEAN,Mean,ITU_GCI,Global Cybersecurity Index,0,Units,IX,Index,602,CCYY,A,Normal value,PU,Public
datastructure,WB.DATA360:DS_DATA360(1.2),I,A,Annual,POL,Poland,ITU_GCI_GCI_OVRL_SCRE,Global Cybersecurity Index - Overall Score (ITU GCI),_T,Total,_T,All age ranges or no breakdown by age,_T,Total,0_TO_100,0-100 scale,_Z,Not Applicable,_Z,Not Applicable,_Z,Not Applicable,2024,93.53689716567908,MEAN,Mean,ITU_GCI,Global Cybersecurity Index,0,Units,IX,Index,602,CCYY,A,Normal value,PU,Public
datastructure,WB.DATA360:DS_DATA360(1.2),I,A,Annual,PRT,Portugal,ITU_GCI_GCI_OVRL_SCRE,Global Cybersecurity Index - Overall Score (ITU GCI),_T,Total,_T,All age ranges or no breakdown by age,_T,Total,0_TO_100,0-100 scale,_Z,Not Applicable,_Z,Not Applicable,_Z,Not Applicable,2024,99.85645619146725,MEAN,Mean,ITU_GCI,Global Cybersecurity Index,0,Units,IX,Index,602,CCYY,A,Normal value,PU,Public
datastructure,WB.DATA360:DS_DATA360(1.2),I,A,Annual,QAT,Qatar,ITU_GCI_GCI_OVRL_SCRE,Global Cybersecurity Index - Overall Score (ITU GCI),_T,Total,_T,All age ranges or no breakdown by age,_T,Total,0_TO_100,0-100 scale,_Z,Not Applicable,_Z,Not Applicable,_Z,Not Applicable,2024,100.0,MEAN,Mean,ITU_GCI,Global Cybersecurity Index,0,Units,IX,Index,602,CCYY,A,Normal value,PU,Public
datastructure,WB.DATA360:DS_DATA360(1.2),I,A,Annual,KOR,"Korea, Rep.",ITU_GCI_GCI_OVRL_SCRE,Global Cybersecurity Index - Overall Score (ITU GCI),_T,Total,_T,All age ranges or no breakdown by age,_T,Total,0_TO_100,0-100 scale,_Z,Not Applicable,_Z,Not Applicable,_Z,Not Applicable,2024,100.0,MEAN,Mean,ITU_GCI,Global Cybersecurity Index,0,Units,IX,Index,602,CCYY,A,Normal value,PU,Public
datastructure,WB.DATA360:DS_DATA360(1.2),I,A,Annual,ROU,Romania,ITU_GCI_GCI_OVRL_SCRE,Global Cybersecurity Index - Overall Score (ITU GCI),_T,Total,_T,All age ranges or no breakdown by age,_T,Total,0_TO_100,0-100 scale,_Z,Not Applicable,_Z,Not Applicable,_Z,Not Applicable,2024,91.61869188322862,MEAN,Mean,ITU_GCI,Global Cybersecurity Index,0,Units,IX,Index,602,CCYY,A,Normal value,PU,Public
datastructure,WB.DATA360:DS_DATA360(1.2),I,A,Annual,RUS,Russian Federation,ITU_GCI_GCI_OVRL_SCRE,Global Cybersecurity Index - Overall Score (ITU GCI),_T,Total,_T,All age ranges or no breakdown by age,_T,Total,0_TO_100,0-100 scale,_Z,Not Applicable,_Z,Not Applicable,_Z,Not Applicable,2024,92.12399492763176,MEAN,Mean,ITU_GCI,Global Cybersecurity Index,0,Units,IX,Index,602,CCYY,A,Normal value,PU,Public
datastructure,WB.DATA360:DS_DATA360(1.2),I,A,Annual,RWA,Rwanda,ITU_GCI_GCI_OVRL_SCRE,Global Cybersecurity Index - Overall Score (ITU GCI),_T,Total,_T,All age ranges or no breakdown by age,_T,Total,0_TO_100,0-100 scale,_Z,Not Applicable,_Z,Not Applicable,_Z,Not Applicable,2024,98.0751728938044,MEAN,Mean,ITU_GCI,Global Cybersecurity Index,0,Units,IX,Index,602,CCYY,A,Normal value,PU,Public
datastructure,WB.DATA360:DS_DATA360(1.2),I,A,Annual,KNA,St. Kitts and Nevis,ITU_GCI_GCI_OVRL_SCRE,Global Cybersecurity Index - Overall Score (ITU GCI),_T,Total,_T,All age ranges or no breakdown by age,_T,Total,0_TO_100,0-100 scale,_Z,Not Applicable,_Z,Not Applicable,_Z,Not Applicable,2024,31.609288913001546,MEAN,Mean,ITU_GCI,Global Cybersecurity Index,0,Units,IX,Index,602,CCYY,A,Normal value,PU,Public
datastructure,WB.DATA360:DS_DATA360(1.2),I,A,Annual,LCA,St. Lucia,ITU_GCI_GCI_OVRL_SCRE,Global Cybersecurity Index - Overall Score (ITU GCI),_T,Total,_T,All age ranges or no breakdown by age,_T,Total,0_TO_100,0-100 scale,_Z,Not Applicable,_Z,Not Applicable,_Z,Not Applicable,2024,26.17733490537819,MEAN,Mean,ITU_GCI,Global Cybersecurity Index,0,Units,IX,Index,602,CCYY,A,Normal value,PU,Public
datastructure,WB.DATA360:DS_DATA360(1.2),I,A,Annual,VCT,St. Vincent and the Grenadines,ITU_GCI_GCI_OVRL_SCRE,Global Cybersecurity Index - Overall Score (ITU GCI),_T,Total,_T,All age ranges or no breakdown by age,_T,Total,0_TO_100,0-100 scale,_Z,Not Applicable,_Z,Not Applicable,_Z,Not Applicable,2024,26.55322003558606,MEAN,Mean,ITU_GCI,Global Cybersecurity Index,0,Units,IX,Index,602,CCYY,A,Normal value,PU,Public
datastructure,WB.DATA360:DS_DATA360(1.2),I,A,Annual,WSM,Samoa,ITU_GCI_GCI_OVRL_SCRE,Global Cybersecurity Index - Overall Score (ITU GCI),_T,Total,_T,All age ranges or no breakdown by age,_T,Total,0_TO_100,0-100 scale,_Z,Not Applicable,_Z,Not Applicable,_Z,Not Applicable,2024,43.22380932490583,MEAN,Mean,ITU_GCI,Global Cybersecurity Index,0,Units,IX,Index,602,CCYY,A,Normal value,PU,Public
datastructure,WB.DATA360:DS_DATA360(1.2),I,A,Annual,SMR,San Marino,ITU_GCI_GCI_OVRL_SCRE,Global Cybersecurity Index - Overall Score (ITU GCI),_T,Total,_T,All age ranges or no breakdown by age,_T,Total,0_TO_100,0-100 scale,_Z,Not Applicable,_Z,Not Applicable,_Z,Not Applicable,2024,25.883113393361505,MEAN,Mean,ITU_GCI,Global Cybersecurity Index,0,Units,IX,Index,602,CCYY,A,Normal value,PU,Public
datastructure,WB.DATA360:DS_DATA360(1.2),I,A,Annual,STP,Sao Tome and Principe,ITU_GCI_GCI_OVRL_SCRE,Global Cybersecurity Index - Overall Score (ITU GCI),_T,Total,_T,All age ranges or no breakdown by age,_T,Total,0_TO_100,0-100 scale,_Z,Not Applicable,_Z,Not Applicable,_Z,Not Applicable,2024,20.441552526275764,MEAN,Mean,ITU_GCI,Global Cybersecurity Index,0,Units,IX,Index,602,CCYY,A,Normal value,PU,Public
datastructure,WB.DATA360:DS_DATA360(1.2),I,A,Annual,SAU,Saudi Arabia,ITU_GCI_GCI_OVRL_SCRE,Global Cybersecurity Index - Overall Score (ITU GCI),_T,Total,_T,All age ranges or no breakdown by age,_T,Total,0_TO_100,0-100 scale,_Z,Not Applicable,_Z,Not Applicable,_Z,Not Applicable,2024,100.0,MEAN,Mean,ITU_GCI,Global Cybersecurity Index,0,Units,IX,Index,602,CCYY,A,Normal value,PU,Public
datastructure,WB.DATA360:DS_DATA360(1.2),I,A,Annual,SEN,Senegal,ITU_GCI_GCI_OVRL_SCRE,Global Cybersecurity Index - Overall Score (ITU GCI),_T,Total,_T,All age ranges or no breakdown by age,_T,Total,0_TO_100,0-100 scale,_Z,Not Applicable,_Z,Not Applicable,_Z,Not Applicable,2024,67.34165618641646,MEAN,Mean,ITU_GCI,Global Cybersecurity Index,0,Units,IX,Index,602,CCYY,A,Normal value,PU,Public
datastructure,WB.DATA360:DS_DATA360(1.2),I,A,Annual,SRB,Serbia,ITU_GCI_GCI_OVRL_SCRE,Global Cybersecurity Index - Overall Score (ITU GCI),_T,Total,_T,All age ranges or no breakdown by age,_T,Total,0_TO_100,0-100 scale,_Z,Not Applicable,_Z,Not Applicable,_Z,Not Applicable,2024,96.8152288366384,MEAN,Mean,ITU_GCI,Global Cybersecurity Index,0,Units,IX,Index,602,CCYY,A,Normal value,PU,Public
datastructure,WB.DATA360:DS_DATA360(1.2),I,A,Annual,SYC,Seychelles,ITU_GCI_GCI_OVRL_SCRE,Global Cybersecurity Index - Overall Score (ITU GCI),_T,Total,_T,All age ranges or no breakdown by age,_T,Total,0_TO_100,0-100 scale,_Z,Not Applicable,_Z,Not Applicable,_Z,Not Applicable,2024,50.40590930742905,MEAN,Mean,ITU_GCI,Global Cybersecurity Index,0,Units,IX,Index,602,CCYY,A,Normal value,PU,Public
datastructure,WB.DATA360:DS_DATA360(1.2),I,A,Annual,SLE,Sierra Leone,ITU_GCI_GCI_OVRL_SCRE,Global Cybersecurity Index - Overall Score (ITU GCI),_T,Total,_T,All age ranges or no breakdown by age,_T,Total,0_TO_100,0-100 scale,_Z,Not Applicable,_Z,Not Applicable,_Z,Not Applicable,2024,56.62647560721413,MEAN,Mean,ITU_GCI,Global Cybersecurity Index,0,Units,IX,Index,602,CCYY,A,Normal value,PU,Public
datastructure,WB.DATA360:DS_DATA360(1.2),I,A,Annual,SGP,Singapore,ITU_GCI_GCI_OVRL_SCRE,Global Cybersecurity Index - Overall Score (ITU GCI),_T,Total,_T,All age ranges or no breakdown by age,_T,Total,0_TO_100,0-100 scale,_Z,Not Applicable,_Z,Not Applicable,_Z,Not Applicable,2024,99.85645619146725,MEAN,Mean,ITU_GCI,Global Cybersecurity Index,0,Units,IX,Index,602,CCYY,A,Normal value,PU,Public
datastructure,WB.DATA360:DS_DATA360(1.2),I,A,Annual,SVK,Slovak Republic,ITU_GCI_GCI_OVRL_SCRE,Global Cybersecurity Index - Overall Score (ITU GCI),_T,Total,_T,All age ranges or no breakdown by age,_T,Total,0_TO_100,0-100 scale,_Z,Not Applicable,_Z,Not Applicable,_Z,Not Applicable,2024,94.44644553468817,MEAN,Mean,ITU_GCI,Global Cybersecurity Index,0,Units,IX,Index,602,CCYY,A,Normal value,PU,Public
datastructure,WB.DATA360:DS_DATA360(1.2),I,A,Annual,SVN,Slovenia,ITU_GCI_GCI_OVRL_SCRE,Global Cybersecurity Index - Overall Score (ITU GCI),_T,Total,_T,All age ranges or no breakdown by age,_T,Total,0_TO_100,0-100 scale,_Z,Not Applicable,_Z,Not Applicable,_Z,Not Applicable,2024,96.47352829795886,MEAN,Mean,ITU_GCI,Global Cybersecurity Index,0,Units,IX,Index,602,CCYY,A,Normal value,PU,Public
datastructure,WB.DATA360:DS_DATA360(1.2),I,A,Annual,SLB,Solomon Islands,ITU_GCI_GCI_OVRL_SCRE,Global Cybersecurity Index - Overall Score (ITU GCI),_T,Total,_T,All age ranges or no breakdown by age,_T,Total,0_TO_100,0-100 scale,_Z,Not Applicable,_Z,Not Applicable,_Z,Not Applicable,2024,17.696531884815187,MEAN,Mean,ITU_GCI,Global Cybersecurity Index,0,Units,IX,Index,602,CCYY,A,Normal value,PU,Public
datastructure,WB.DATA360:DS_DATA360(1.2),I,A,Annual,SOM,Somalia,ITU_GCI_GCI_OVRL_SCRE,Global Cybersecurity Index - Overall Score (ITU GCI),_T,Total,_T,All age ranges or no breakdown by age,_T,Total,0_TO_100,0-100 scale,_Z,Not Applicable,_Z,Not Applicable,_Z,Not Applicable,2024,37.38598426777786,MEAN,Mean,ITU_GCI,Global Cybersecurity Index,0,Units,IX,Index,602,CCYY,A,Normal value,PU,Public
datastructure,WB.DATA360:DS_DATA360(1.2),I,A,Annual,ZAF,South Africa,ITU_GCI_GCI_OVRL_SCRE,Global Cybersecurity Index - Overall Score (ITU GCI),_T,Total,_T,All age ranges or no breakdown by age,_T,Total,0_TO_100,0-100 scale,_Z,Not Applicable,_Z,Not Applicable,_Z,Not Applicable,2024,86.24631585951451,MEAN,Mean,ITU_GCI,Global Cybersecurity Index,0,Units,IX,Index,602,CCYY,A,Normal value,PU,Public
datastructure,WB.DATA360:DS_DATA360(1.2),I,A,Annual,SSD,South Sudan,ITU_GCI_GCI_OVRL_SCRE,Global Cybersecurity Index - Overall Score (ITU GCI),_T,Total,_T,All age ranges or no breakdown by age,_T,Total,0_TO_100,0-100 scale,_Z,Not Applicable,_Z,Not Applicable,_Z,Not Applicable,2024,34.37745797088189,MEAN,Mean,ITU_GCI,Global Cybersecurity Index,0,Units,IX,Index,602,CCYY,A,Normal value,PU,Public
datastructure,WB.DATA360:DS_DATA360(1.2),I,A,Annual,ESP,Spain,ITU_GCI_GCI_OVRL_SCRE,Global Cybersecurity Index - Overall Score (ITU GCI),_T,Total,_T,All age ranges or no breakdown by age,_T,Total,0_TO_100,0-100 scale,_Z,Not Applicable,_Z,Not Applicable,_Z,Not Applicable,2024,99.74051696149844,MEAN,Mean,ITU_GCI,Global Cybersecurity Index,0,Units,IX,Index,602,CCYY,A,Normal value,PU,Public
datastructure,WB.DATA360:DS_DATA360(1.2),I,A,Annual,LKA,Sri Lanka,ITU_GCI_GCI_OVRL_SCRE,Global Cybersecurity Index - Overall Score (ITU GCI),_T,Total,_T,All age ranges or no breakdown by age,_T,Total,0_TO_100,0-100 scale,_Z,Not Applicable,_Z,Not Applicable,_Z,Not Applicable,2024,87.01466333075803,MEAN,Mean,ITU_GCI,Global Cybersecurity Index,0,Units,IX,Index,602,CCYY,A,Normal value,PU,Public
datastructure,WB.DATA360:DS_DATA360(1.2),I,A,Annual,PSE,West Bank and Gaza,ITU_GCI_GCI_OVRL_SCRE,Global Cybersecurity Index - Overall Score (ITU GCI),_T,Total,_T,All age ranges or no breakdown by age,_T,Total,0_TO_100,0-100 scale,_Z,Not Applicable,_Z,Not Applicable,_Z,Not Applicable,2024,37.64172218295448,MEAN,Mean,ITU_GCI,Global Cybersecurity Index,0,Units,IX,Index,602,CCYY,A,Normal value,PU,Public
datastructure,WB.DATA360:DS_DATA360(1.2),I,A,Annual,SDN,Sudan,ITU_GCI_GCI_OVRL_SCRE,Global Cybersecurity Index - Overall Score (ITU GCI),_T,Total,_T,All age ranges or no breakdown by age,_T,Total,0_TO_100,0-100 scale,_Z,Not Applicable,_Z,Not Applicable,_Z,Not Applicable,2024,48.18012417013824,MEAN,Mean,ITU_GCI,Global Cybersecurity Index,0,Units,IX,Index,602,CCYY,A,Normal value,PU,Public
datastructure,WB.DATA360:DS_DATA360(1.2),I,A,Annual,SUR,Suriname,ITU_GCI_GCI_OVRL_SCRE,Global Cybersecurity Index - Overall Score (ITU GCI),_T,Total,_T,All age ranges or no breakdown by age,_T,Total,0_TO_100,0-100 scale,_Z,Not Applicable,_Z,Not Applicable,_Z,Not Applicable,2024,34.784960843877386,MEAN,Mean,ITU_GCI,Global Cybersecurity Index,0,Units,IX,Index,602,CCYY,A,Normal value,PU,Public
datastructure,WB.DATA360:DS_DATA360(1.2),I,A,Annual,SWE,Sweden,ITU_GCI_GCI_OVRL_SCRE,Global Cybersecurity Index - Overall Score (ITU GCI),_T,Total,_T,All age ranges or no breakdown by age,_T,Total,0_TO_100,0-100 scale,_Z,Not Applicable,_Z,Not Applicable,_Z,Not Applicable,2024,99.31275109395456,MEAN,Mean,ITU_GCI,Global Cybersecurity Index,0,Units,IX,Index,602,CCYY,A,Normal value,PU,Public
datastructure,WB.DATA360:DS_DATA360(1.2),I,A,Annual,CHE,Switzerland,ITU_GCI_GCI_OVRL_SCRE,Global Cybersecurity Index - Overall Score (ITU GCI),_T,Total,_T,All age ranges or no breakdown by age,_T,Total,0_TO_100,0-100 scale,_Z,Not Applicable,_Z,Not Applicable,_Z,Not Applicable,2024,91.2546970311536,MEAN,Mean,ITU_GCI,Global Cybersecurity Index,0,Units,IX,Index,602,CCYY,A,Normal value,PU,Public
datastructure,WB.DATA360:DS_DATA360(1.2),I,A,Annual,SYR,Syrian Arab Republic,ITU_GCI_GCI_OVRL_SCRE,Global Cybersecurity Index - Overall Score (ITU GCI),_T,Total,_T,All age ranges or no breakdown by age,_T,Total,0_TO_100,0-100 scale,_Z,Not Applicable,_Z,Not Applicable,_Z,Not Applicable,2024,51.55047560252068,MEAN,Mean,ITU_GCI,Global Cybersecurity Index,0,Units,IX,Index,602,CCYY,A,Normal value,PU,Public
datastructure,WB.DATA360:DS_DATA360(1.2),I,A,Annual,TJK,Tajikistan,ITU_GCI_GCI_OVRL_SCRE,Global Cybersecurity Index - Overall Score (ITU GCI),_T,Total,_T,All age ranges or no breakdown by age,_T,Total,0_TO_100,0-100 scale,_Z,Not Applicable,_Z,Not Applicable,_Z,Not Applicable,2024,25.36481846771693,MEAN,Mean,ITU_GCI,Global Cybersecurity Index,0,Units,IX,Index,602,CCYY,A,Normal value,PU,Public
datastructure,WB.DATA360:DS_DATA360(1.2),I,A,Annual,TZA,Tanzania,ITU_GCI_GCI_OVRL_SCRE,Global Cybersecurity Index - Overall Score (ITU GCI),_T,Total,_T,All age ranges or no breakdown by age,_T,Total,0_TO_100,0-100 scale,_Z,Not Applicable,_Z,Not Applicable,_Z,Not Applicable,2024,99.26656210456572,MEAN,Mean,ITU_GCI,Global Cybersecurity Index,0,Units,IX,Index,602,CCYY,A,Normal value,PU,Public
datastructure,WB.DATA360:DS_DATA360(1.2),I,A,Annual,THA,Thailand,ITU_GCI_GCI_OVRL_SCRE,Global Cybersecurity Index - Overall Score (ITU GCI),_T,Total,_T,All age ranges or no breakdown by age,_T,Total,0_TO_100,0-100 scale,_Z,Not Applicable,_Z,Not Applicable,_Z,Not Applicable,2024,99.21875650364204,MEAN,Mean,ITU_GCI,Global Cybersecurity Index,0,Units,IX,Index,602,CCYY,A,Normal value,PU,Public
datastructure,WB.DATA360:DS_DATA360(1.2),I,A,Annual,MKD,North Macedonia,ITU_GCI_GCI_OVRL_SCRE,Global Cybersecurity Index - Overall Score (ITU GCI),_T,Total,_T,All age ranges or no breakdown by age,_T,Total,0_TO_100,0-100 scale,_Z,Not Applicable,_Z,Not Applicable,_Z,Not Applicable,2024,65.88615283772367,MEAN,Mean,ITU_GCI,Global Cybersecurity Index,0,Units,IX,Index,602,CCYY,A,Normal value,PU,Public
datastructure,WB.DATA360:DS_DATA360(1.2),I,A,Annual,TLS,Timor-Leste,ITU_GCI_GCI_OVRL_SCRE,Global Cybersecurity Index - Overall Score (ITU GCI),_T,Total,_T,All age ranges or no breakdown by age,_T,Total,0_TO_100,0-100 scale,_Z,Not Applicable,_Z,Not Applicable,_Z,Not Applicable,2024,16.824355440994026,MEAN,Mean,ITU_GCI,Global Cybersecurity Index,0,Units,IX,Index,602,CCYY,A,Normal value,PU,Public
datastructure,WB.DATA360:DS_DATA360(1.2),I,A,Annual,TGO,Togo,ITU_GCI_GCI_OVRL_SCRE,Global Cybersecurity Index - Overall Score (ITU GCI),_T,Total,_T,All age ranges or no breakdown by age,_T,Total,0_TO_100,0-100 scale,_Z,Not Applicable,_Z,Not Applicable,_Z,Not Applicable,2024,90.05747879478031,MEAN,Mean,ITU_GCI,Global Cybersecurity Index,0,Units,IX,Index,602,CCYY,A,Normal value,PU,Public
datastructure,WB.DATA360:DS_DATA360(1.2),I,A,Annual,TON,Tonga,ITU_GCI_GCI_OVRL_SCRE,Global Cybersecurity Index - Overall Score (ITU GCI),_T,Total,_T,All age ranges or no breakdown by age,_T,Total,0_TO_100,0-100 scale,_Z,Not Applicable,_Z,Not Applicable,_Z,Not Applicable,2024,33.791961080573735,MEAN,Mean,ITU_GCI,Global Cybersecurity Index,0,Units,IX,Index,602,CCYY,A,Normal value,PU,Public
datastructure,WB.DATA360:DS_DATA360(1.2),I,A,Annual,TTO,Trinidad and Tobago,ITU_GCI_GCI_OVRL_SCRE,Global Cybersecurity Index - Overall Score (ITU GCI),_T,Total,_T,All age ranges or no breakdown by age,_T,Total,0_TO_100,0-100 scale,_Z,Not Applicable,_Z,Not Applicable,_Z,Not Applicable,2024,56.22310331055986,MEAN,Mean,ITU_GCI,Global Cybersecurity Index,0,Units,IX,Index,602,CCYY,A,Normal value,PU,Public
datastructure,WB.DATA360:DS_DATA360(1.2),I,A,Annual,TUN,Tunisia,ITU_GCI_GCI_OVRL_SCRE,Global Cybersecurity Index - Overall Score (ITU GCI),_T,Total,_T,All age ranges or no breakdown by age,_T,Total,0_TO_100,0-100 scale,_Z,Not Applicable,_Z,Not Applicable,_Z,Not Applicable,2024,81.9286102148827,MEAN,Mean,ITU_GCI,Global Cybersecurity Index,0,Units,IX,Index,602,CCYY,A,Normal value,PU,Public
datastructure,WB.DATA360:DS_DATA360(1.2),I,A,Annual,TUR,Turkiye,ITU_GCI_GCI_OVRL_SCRE,Global Cybersecurity Index - Overall Score (ITU GCI),_T,Total,_T,All age ranges or no breakdown by age,_T,Total,0_TO_100,0-100 scale,_Z,Not Applicable,_Z,Not Applicable,_Z,Not Applicable,2024,100.0,MEAN,Mean,ITU_GCI,Global Cybersecurity Index,0,Units,IX,Index,602,CCYY,A,Normal value,PU,Public
datastructure,WB.DATA360:DS_DATA360(1.2),I,A,Annual,TKM,Turkmenistan,ITU_GCI_GCI_OVRL_SCRE,Global Cybersecurity Index - Overall Score (ITU GCI),_T,Total,_T,All age ranges or no breakdown by age,_T,Total,0_TO_100,0-100 scale,_Z,Not Applicable,_Z,Not Applicable,_Z,Not Applicable,2024,25.85526161877404,MEAN,Mean,ITU_GCI,Global Cybersecurity Index,0,Units,IX,Index,602,CCYY,A,Normal value,PU,Public
datastructure,WB.DATA360:DS_DATA360(1.2),I,A,Annual,TUV,Tuvalu,ITU_GCI_GCI_OVRL_SCRE,Global Cybersecurity Index - Overall Score (ITU GCI),_T,Total,_T,All age ranges or no breakdown by age,_T,Total,0_TO_100,0-100 scale,_Z,Not Applicable,_Z,Not Applicable,_Z,Not Applicable,2024,20.33905403462469,MEAN,Mean,ITU_GCI,Global Cybersecurity Index,0,Units,IX,Index,602,CCYY,A,Normal value,PU,Public
datastructure,WB.DATA360:DS_DATA360(1.2),I,A,Annual,UGA,Uganda,ITU_GCI_GCI_OVRL_SCRE,Global Cybersecurity Index - Overall Score (ITU GCI),_T,Total,_T,All age ranges or no breakdown by age,_T,Total,0_TO_100,0-100 scale,_Z,Not Applicable,_Z,Not Applicable,_Z,Not Applicable,2024,83.1033078143338,MEAN,Mean,ITU_GCI,Global Cybersecurity Index,0,Units,IX,Index,602,CCYY,A,Normal value,PU,Public
datastructure,WB.DATA360:DS_DATA360(1.2),I,A,Annual,UKR,Ukraine,ITU_GCI_GCI_OVRL_SCRE,Global Cybersecurity Index - Overall Score (ITU GCI),_T,Total,_T,All age ranges or no breakdown by age,_T,Total,0_TO_100,0-100 scale,_Z,Not Applicable,_Z,Not Applicable,_Z,Not Applicable,2024,83.93788158662886,MEAN,Mean,ITU_GCI,Global Cybersecurity Index,0,Units,IX,Index,602,CCYY,A,Normal value,PU,Public
datastructure,WB.DATA360:DS_DATA360(1.2),I,A,Annual,ARE,United Arab Emirates,ITU_GCI_GCI_OVRL_SCRE,Global Cybersecurity Index - Overall Score (ITU GCI),_T,Total,_T,All age ranges or no breakdown by age,_T,Total,0_TO_100,0-100 scale,_Z,Not Applicable,_Z,Not Applicable,_Z,Not Applicable,2024,100.0,MEAN,Mean,ITU_GCI,Global Cybersecurity Index,0,Units,IX,Index,602,CCYY,A,Normal value,PU,Public
datastructure,WB.DATA360:DS_DATA360(1.2),I,A,Annual,GBR,United Kingdom,ITU_GCI_GCI_OVRL_SCRE,Global Cybersecurity Index - Overall Score (ITU GCI),_T,Total,_T,All age ranges or no breakdown by age,_T,Total,0_TO_100,0-100 scale,_Z,Not Applicable,_Z,Not Applicable,_Z,Not Applicable,2024,100.0,MEAN,Mean,ITU_GCI,Global Cybersecurity Index,0,Units,IX,Index,602,CCYY,A,Normal value,PU,Public
datastructure,WB.DATA360:DS_DATA360(1.2),I,A,Annual,USA,United States,ITU_GCI_GCI_OVRL_SCRE,Global Cybersecurity Index - Overall Score (ITU GCI),_T,Total,_T,All age ranges or no breakdown by age,_T,Total,0_TO_100,0-100 scale,_Z,Not Applicable,_Z,Not Applicable,_Z,Not Applicable,2024,99.85645619146725,MEAN,Mean,ITU_GCI,Global Cybersecurity Index,0,Units,IX,Index,602,CCYY,A,Normal value,PU,Public
datastructure,WB.DATA360:DS_DATA360(1.2),I,A,Annual,URY,Uruguay,ITU_GCI_GCI_OVRL_SCRE,Global Cybersecurity Index - Overall Score (ITU GCI),_T,Total,_T,All age ranges or no breakdown by age,_T,Total,0_TO_100,0-100 scale,_Z,Not Applicable,_Z,Not Applicable,_Z,Not Applicable,2024,94.69904657638236,MEAN,Mean,ITU_GCI,Global Cybersecurity Index,0,Units,IX,Index,602,CCYY,A,Normal value,PU,Public
datastructure,WB.DATA360:DS_DATA360(1.2),I,A,Annual,UZB,Uzbekistan,ITU_GCI_GCI_OVRL_SCRE,Global Cybersecurity Index - Overall Score (ITU GCI),_T,Total,_T,All age ranges or no breakdown by age,_T,Total,0_TO_100,0-100 scale,_Z,Not Applicable,_Z,Not Applicable,_Z,Not Applicable,2024,89.20069230914757,MEAN,Mean,ITU_GCI,Global Cybersecurity Index,0,Units,IX,Index,602,CCYY,A,Normal value,PU,Public
datastructure,WB.DATA360:DS_DATA360(1.2),I,A,Annual,VUT,Vanuatu,ITU_GCI_GCI_OVRL_SCRE,Global Cybersecurity Index - Overall Score (ITU GCI),_T,Total,_T,All age ranges or no breakdown by age,_T,Total,0_TO_100,0-100 scale,_Z,Not Applicable,_Z,Not Applicable,_Z,Not Applicable,2024,69.28810808184633,MEAN,Mean,ITU_GCI,Global Cybersecurity Index,0,Units,IX,Index,602,CCYY,A,Normal value,PU,Public
datastructure,WB.DATA360:DS_DATA360(1.2),I,A,Annual,VAT,Holy See (Vatican City State),ITU_GCI_GCI_OVRL_SCRE,Global Cybersecurity Index - Overall Score (ITU GCI),_T,Total,_T,All age ranges or no breakdown by age,_T,Total,0_TO_100,0-100 scale,_Z,Not Applicable,_Z,Not Applicable,_Z,Not Applicable,2024,6.150251041432183,MEAN,Mean,ITU_GCI,Global Cybersecurity Index,0,Units,IX,Index,602,CCYY,A,Normal value,PU,Public
datastructure,WB.DATA360:DS_DATA360(1.2),I,A,Annual,VEN,"Venezuela, RB",ITU_GCI_GCI_OVRL_SCRE,Global Cybersecurity Index - Overall Score (ITU GCI),_T,Total,_T,All age ranges or no breakdown by age,_T,Total,0_TO_100,0-100 scale,_Z,Not Applicable,_Z,Not Applicable,_Z,Not Applicable,2024,40.49878085731147,MEAN,Mean,ITU_GCI,Global Cybersecurity Index,0,Units,IX,Index,602,CCYY,A,Normal value,PU,Public
datastructure,WB.DATA360:DS_DATA360(1.2),I,A,Annual,VNM,Viet Nam,ITU_GCI_GCI_OVRL_SCRE,Global Cybersecurity Index - Overall Score (ITU GCI),_T,Total,_T,All age ranges or no breakdown by age,_T,Total,0_TO_100,0-100 scale,_Z,Not Applicable,_Z,Not Applicable,_Z,Not Applicable,2024,99.74051696149844,MEAN,Mean,ITU_GCI,Global Cybersecurity Index,0,Units,IX,Index,602,CCYY,A,Normal value,PU,Public
datastructure,WB.DATA360:DS_DATA360(1.2),I,A,Annual,YEM,"Yemen, Rep.",ITU_GCI_GCI_OVRL_SCRE,Global Cybersecurity Index - Overall Score (ITU GCI),_T,Total,_T,All age ranges or no breakdown by age,_T,Total,0_TO_100,0-100 scale,_Z,Not Applicable,_Z,Not Applicable,_Z,Not Applicable,2024,7.194872990884985,MEAN,Mean,ITU_GCI,Global Cybersecurity Index,0,Units,IX,Index,602,CCYY,A,Normal value,PU,Public
datastructure,WB.DATA360:DS_DATA360(1.2),I,A,Annual,ZMB,Zambia,ITU_GCI_GCI_OVRL_SCRE,Global Cybersecurity Index - Overall Score (ITU GCI),_T,Total,_T,All age ranges or no breakdown by age,_T,Total,0_TO_100,0-100 scale,_Z,Not Applicable,_Z,Not Applicable,_Z,Not Applicable,2024,92.58162775966416,MEAN,Mean,ITU_GCI,Global Cybersecurity Index,0,Units,IX,Index,602,CCYY,A,Normal value,PU,Public
datastructure,WB.DATA360:DS_DATA360(1.2),I,A,Annual,ZWE,Zimbabwe,ITU_GCI_GCI_OVRL_SCRE,Global Cybersecurity Index - Overall Score (ITU GCI),_T,Total,_T,All age ranges or no breakdown by age,_T,Total,0_TO_100,0-100 scale,_Z,Not Applicable,_Z,Not Applicable,_Z,Not Applicable,2024,39.8607634278177,MEAN,Mean,ITU_GCI,Global Cybersecurity Index,0,Units,IX,Index,602,CCYY,A,Normal value,PU,Public
